player_id,name,team,season,approximate_value
AlexDe00,Derrick Alexander,kan,2001,4
AlfoDa20,Darnell Alford,kan,2001,0
AlleTa20,Taje Allen,kan,2001,1
AtkiLa20,Larry Atkins,kan,2001,1
BabeBi00,Bill Baber,kan,2001,0
BartWi20,William Bartee,kan,2001,3
BeisMo20,Monty Beisel,kan,2001,1
BelsJa20,Jason Belser,kan,2001,1
BrowJo24,John Browning,kan,2001,3
BushLe20,Lewis Bush,kan,2001,4
CadrGl20,Glenn Cadrez,kan,2001,3
ClemDu20,Duane Clemons,kan,2001,7
ClouMi00,Mike Cloud,kan,2001,0
CollTo00,Todd Collins,kan,2001,0
CrocRa20,Ray Crockett,kan,2001,5
DownEr20,Eric Downing,kan,2001,4
DunnJa00,Jason Dunn,kan,2001,1
EdwaDo20,Donnie Edwards,kan,2001,8
GammKe00,Kendall Gammon,kan,2001,1
GonzTo00,Tony Gonzalez,kan,2001,9
GreeTr00,Trent Green,kan,2001,13
HallDa00,Dante Hall,kan,2001,0
HarrCo21,Corey Harris,kan,2001,1
HartSh20,Shaunard Harts,kan,2001,0
HickEr20,Eric Hicks,kan,2001,7
HobgNa20,Nate Hobgood-Chittick,kan,2001,1
HolmPr00,Priest Holmes,kan,2001,17
JoneWi22,Willie Jones,kan,2001,1
KennEd00,Eddie Kennison,kan,2001,3
MaslMi20,Mike Maslowski,kan,2001,1
McClNo20,Norris McCleary,kan,2001,1
MinnMa00,Snoop Minnis,kan,2001,5
ONeaAn20,Andre O'Neal,kan,2001,0
OwenRi20,Rich Owens,kan,2001,2
ParkLa00,Larry Parker,kan,2001,2
PattMa21,Marvcus Patton,kan,2001,7
petertod01,Todd Peterson,kan,2001,3
RansDe20,Derrick Ransom,kan,2001,7
RichTo00,Tony Richardson,kan,2001,4
RickMi00,Mikhael Ricks,kan,2001,2
RileVi20,Victor Riley,kan,2001,2
ShieWi00,Will Shields,kan,2001,9
SpeaMa20,Marcus Spears,kan,2001,7
StilGa00,Gary Stills,kan,2001,1
StryDa20,Dan Stryzinski,kan,2001,2
TaitJo20,John Tait,kan,2001,7
ThomCh00,Chris Thomas,kan,2001,2
WalkBr20,Bracy Walker,kan,2001,1
WarfEr20,Eric Warfield,kan,2001,7
WateBr55,Brian Waters,kan,2001,4
WeslGr20,Greg Wesley,kan,2001,7
WiegCa20,Casey Wiegmann,kan,2001,7
WillJe00,Jermaine Williams,kan,2001,0
WillTy21,Tyrone Williams,kan,2001,1
WillDo23,Donald Willis,kan,2001,3
WoodJe00,Jerome Woods,kan,2001,7
BattAi20,Ainsley Battles,jax,2001,6
BeasAa20,Aaron Beasley,jax,2001,6
BoseTo00,Tony Boselli,jax,2001,1
BoydJa20,James Boyd,jax,2001,1
BracTo00,Tony Brackens,jax,2001,7
BradKy00,Kyle Brady,jax,2001,3
BrowDe22,Delvin Brown,jax,2001,0
BrunMa00,Mark Brunell,jax,2001,12
BryaFe20,Fernando Bryant,jax,2001,4
ClarDa21,Danny Clark,jax,2001,2
CoxxRe20,Renard Cox,jax,2001,0
CrafJa20,Jason Craft,jax,2001,4
DariDo20,Donovin Darius,jax,2001,5
DawkSe00,Sean Dawkins,jax,2001,2
FordTo20,Todd Fordham,jax,2001,6
GibsDa00,Damon Gibson,jax,2001,0
GreeDo21,Donny Green,jax,2001,0
HansCh20,Chris Hanson,jax,2001,3
HardKe00,Kevin Hardy,jax,2001,5
hollimik01,Mike Hollis,jax,2001,1
holmejar01,Jaret Holmes,jax,2001,0
JoneDa00,Damon Jones,jax,2001,1
JoseEl00,Elvis Joseph,jax,2001,5
KochAa20,Aaron Koch,jax,2001,2
MackSt00,Stacey Mack,jax,2001,8
McCaKe00,Keenan McCardell,jax,2001,10
McCrMa20,Marlon McCree,jax,2001,6
MeesBr20,Brad Meester,jax,2001,8
MeieRo20,Rob Meier,jax,2001,2
MoreFr00,Frank Moreau,jax,2001,0
NickHa00,Hardy Nickerson,jax,2001,8
PaynSe20,Seth Payne,jax,2001,8
PoseJe20,Jeff Posey,jax,2001,2
PrinRy20,Ryan Prince,jax,2001,0
QuinJo00,Jonathan Quinn,jax,2001,1
RossMi20,Micah Ross,jax,2001,0
ShepGa20,Gannon Shepherd,jax,2001,0
SlauT.20,T.J. Slaughter,jax,2001,4
SmitJe21,Jeff Smith,jax,2001,8
SmitJi00,Jimmy Smith,jax,2001,12
SmitLa22,Larry Smith,jax,2001,1
SpicPa20,Paul Spicer,jax,2001,4
StroMa01,Marcus Stroud,jax,2001,2
TarlJi20,Jim Tarle,jax,2001,0
TaylFr00,Fred Taylor,jax,2001,1
ThomEd21,Edward Thomas,jax,2001,3
ThomKi20,Kiwaukee Thomas,jax,2001,3
TuipJo20,Joe Tuipala,jax,2001,1
WadeJo20,John Wade,jax,2001,1
WalkGa00,Gary Walker,jax,2001,11
WashPa00,Patrick Washington,jax,2001,0
WeslJo20,Joe Wesley,jax,2001,0
WestEr20,Eric Westmoreland,jax,2001,2
WheeDa20,Damen Wheeler,jax,2001,0
WhitRe20,Reggie White,jax,2001,0
WhitAl00,Alvis Whitted,jax,2001,0
WiegZa20,Zach Wiegert,jax,2001,8
WillMa25,Maurice Williams,jax,2001,8
WynnRe20,Renaldo Wynn,jax,2001,8
ZahuSt20,Steve Zahursky,jax,2001,0
ZeleJo00,Joe Zelenka,jax,2001,0
AndeRa21,Rashard Anderson,car,2001,5
BiakTi00,Tim Biakabutuka,car,2001,3
BrouLu00,Luther Broughton,car,2001,0
BuckBr20,Brentson Buckner,car,2001,6
ByrdIs00,Isaac Byrd,car,2001,4
ChesLa20,Larry Chester,car,2001,3
CoopJa20,Jarrod Cooper,car,2001,1
CraiDa00,Dameyune Craig,car,2001,0
CrawCa00,Casey Crawford,car,2001,0
DonnKe21,Kevin Donnalley,car,2001,2
EvanDo21,Doug Evans,car,2001,8
GilbSe00,Sean Gilbert,car,2001,4
GoinNi00,Nick Goings,car,2001,2
GranDe21,Deon Grant,car,2001,7
HambDa20,Darren Hambrick,car,2001,4
HankKa00,Karl Hankton,car,2001,0
HarpDe20,Deveron Harper,car,2001,1
HawkMi20,Michael Hawkes,car,2001,0
HayeDo00,Donald Hayes,car,2001,5
HemsNa20,Nate Hemsley,car,2001,2
HethCh00,Chris Hetherington,car,2001,1
HitcJi20,Jimmy Hitchcock,car,2001,4
HolmRo20,Rob Holmberg,car,2001,0
HoovBr00,Brad Hoover,car,2001,2
HowaRe21,Reggie Howard,car,2001,1
HuntRi00,Richard Huntley,car,2001,5
JameJe20,Jeno James,car,2001,2
JeffPa00,Patrick Jeffers,car,2001,1
JenkKr00,Kris Jenkins,car,2001,5
JordLe20,Leander Jordan,car,2001,2
kasayjoh01,John Kasay,car,2001,4
KillCe20,Cedric Killings,car,2001,0
KyleJa20,Jason Kyle,car,2001,1
LucaAl20,Al Lucas,car,2001,1
LytlMa00,Matt Lytle,car,2001,0
MangKr00,Kris Mangum,car,2001,1
MileJo20,John Milem,car,2001,0
MinoKo20,Kory Minor,car,2001,2
MintMi21,Mike Minter,car,2001,6
MitcJe20,Jeff Mitchell,car,2001,4
MorgDa99,Dan Morgan,car,2001,5
MuhaMu00,Muhsin Muhammad,car,2001,5
NaviHa20,Hannibal Navies,car,2001,2
NesbJa20,Jamar Nesbit,car,2001,5
PeteJa20,Jason Peter,car,2001,1
PhenPe20,Perry Phenix,car,2001,0
PoseJe20,Jeff Posey,car,2001,0
RichDa21,Damien Richardson,car,2001,2
RuckMi20,Mike Rucker,car,2001,8
SaueTo20,Todd Sauerbrun,car,2001,5
SladCh00,Chris Slade,car,2001,1
SmitSt01,Steve Smith Sr.,car,2001,5
SteuTo00,Todd Steussie,car,2001,5
TerrCh20,Chris Terry,car,2001,4
TownLe20,Lester Towns,car,2001,7
TuteMe20,Melvin Tuten,car,2001,1
WallWe00,Wesley Walls,car,2001,4
WeinCh00,Chris Weinke,car,2001,7
WellDe20,Dean Wells,car,2001,2
WillJa26,Jay Williams,car,2001,6
WilsGi21,Gillis Wilson,car,2001,1
AdamSa00,Sam Adams,rav,2001,10
AlleTe00,Terry Allen,rav,2001,5
AndeBe20,Bennie Anderson,rav,2001,6
AyanOb00,Obafemi Ayanbadejo,rav,2001,2
BaxtGa20,Gary Baxter,rav,2001,0
BoboOr20,Orlando Bobo,rav,2001,1
BoulPe00,Peter Boulware,rav,2001,9
BrooJa01,Jason Brookins,rav,2001,4
BurnRo00,Rob Burnett,rav,2001,7
CunnRa00,Randall Cunningham,rav,2001,2
DaltLi20,Lional Dalton,rav,2001,3
DougMa20,Marques Douglas,rav,2001,0
FlynMi20,Mike Flynn,rav,2001,7
GashSa00,Sam Gash,rav,2001,1
GrbaEl00,Elvis Grbac,rav,2001,8
GregKe20,Kelly Gregg,rav,2001,1
HarrCo20,Corey Harris,rav,2001,9
HartEd20,Ed Hartwell,rav,2001,2
HeapTo00,Todd Heap,rav,2001,2
HellDa20,Dale Hellestrae,rav,2001,0
IsmaQa00,Qadry Ismail,rav,2001,9
JackBr20,Brad Jackson,rav,2001,4
JohnPa00,Patrick Johnson,rav,2001,0
JoneJo00,John Jones,rav,2001,0
KighDa20,Danny Kight,rav,2001,0
LakeCa00,Carnell Lake,rav,2001,2
LewiJe00,Jermaine Lewis,rav,2001,0
LewiRa00,Ray Lewis,rav,2001,19
MaesJo20,Joe Maese,rav,2001,2
McAlCh00,Chris McAlister,rav,2001,8
McCrMi00,Michael McCrary,rav,2001,7
MitcAn20,Anthony Mitchell,rav,2001,1
MuliEd20,Edwin Mulitalo,rav,2001,6
OgdeJo00,Jonathan Ogden,rav,2001,11
PortAl20,Alvin Porter,rav,2001,2
RedmCh00,Chris Redman,rav,2001,0
RicaAl00,Alan Ricard,rav,2001,0
RichKy20,Kyle Richardson,rav,2001,0
SharSh00,Shannon Sharpe,rav,2001,7
SharJa20,Jamie Sharper,rav,2001,10
SiraTo20,Tony Siragusa,rav,2001,7
StarDu20,Duane Starks,rav,2001,8
StokBr00,Brandon Stokley,rav,2001,3
stovemat01,Matt Stover,rav,2001,4
TaylSh20,Shannon Taylor,rav,2001,1
TaylTr01,Travis Taylor,rav,2001,5
ThomAd00,Adalius Thomas,rav,2001,3
TrapJa20,James Trapp,rav,2001,3
VickKi20,Kipp Vickers,rav,2001,6
WaddRe20,Reggie Waddell,rav,2001,0
WebsLa20,Larry Webster,rav,2001,2
WillEr01,Erik Williams,rav,2001,0
WillMo00,Moe Williams,rav,2001,4
WillSa23,Sammy Williams,rav,2001,4
WoodRo01,Rod Woodson,rav,2001,11
arianjak01,Jake Arians,buf,2001,0
BlacAv00,Avion Black,buf,2001,1
BrowLa20,Lance Brown,buf,2001,1
BrowRu00,Ruben Brown,buf,2001,8
BrowTr01,Travis Brown,buf,2001,1
BrysSh00,Shawn Bryson,buf,2001,2
CarmJo20,Jon Carman,buf,2001,1
CarpKe20,Keion Carpenter,buf,2001,3
CentLa00,Larry Centers,buf,2001,6
ClemNa99,Nate Clements,buf,2001,5
ConaBi20,Bill Conaty,buf,2001,6
CowaSa00,Sam Cowart,buf,2001,0
CrosPh00,Phillip Crosby,buf,2001,0
DrivTo20,Tony Driver,buf,2001,0
EdwaRo20,Ron Edwards,buf,2001,1
FarrKr20,Kris Farris,buf,2001,1
FinaJo20,John Fina,buf,2001,5
FishBr20,Bryce Fisher,buf,2001,2
FlowEr20,Erik Flowers,buf,2001,2
ForeJa20,Jay Foreman,buf,2001,5
GermRe00,Reggie Germany,buf,2001,2
grahasha01,Shayne Graham,buf,2001,1
HansPh20,Phil Hansen,buf,2001,4
HeimCr20,Craig Heimburger,buf,2001,1
HenrTr00,Travis Henry,buf,2001,4
HillRa20,Raion Hill,buf,2001,4
HulsCo20,Corey Hulsey,buf,2001,5
IrviKe20,Ken Irvin,buf,2001,2
JackSh00,Sheldon Jackson,buf,2001,0
JennJo20,Jonas Jennings,buf,2001,5
JohnRo00,Rob Johnson,buf,2001,5
JoneFr20,Fred Jones,buf,2001,1
LarsLe20,Leif Larsen,buf,2001,2
McDaJe00,Jeremy McDaniel,buf,2001,1
MoorBr24,Brian Moorman,buf,2001,2
MorrSa00,Sammy Morris,buf,2001,1
MoulEr00,Eric Moulds,buf,2001,7
NewmKe20,Keith Newman,buf,2001,5
OLeaDa20,Dan O'Leary,buf,2001,0
OffiKe20,Kendrick Office,buf,2001,1
OstrJe20,Jerry Ostroski,buf,2001,3
PolkDa20,DaShon Polk,buf,2001,1
PricPe00,Peerless Price,buf,2001,7
PricSh20,Shawn Price,buf,2001,3
PrioPi20,Pierson Prioleau,buf,2001,1
RiemJa00,Jay Riemersma,buf,2001,4
RobeTy20,Tyrone Robertson,buf,2001,1
SchoAa99,Aaron Schobel,buf,2001,4
SpooBr20,Brandon Spoon,buf,2001,5
SullMa20,Marques Sullivan,buf,2001,1
TillTr20,Travares Tillman,buf,2001,3
UnutMo20,Morris Unutoa,buf,2001,1
VanPAl00,Alex Van Pelt,buf,2001,5
WatsCh20,Chris Watson,buf,2001,1
WillPa20,Pat Williams,buf,2001,4
WinfAn20,Antoine Winfield,buf,2001,5
WrigKe21,Kenyatta Wright,buf,2001,1
andergar02,Gary Anderson,min,2001,4
BadgBr20,Brad Badger,min,2001,6
BennMi00,Michael Bennett,min,2001,6
BergMi20,Mitch Berger,min,2001,2
BirkMa00,Matt Birk,min,2001,10
BoumTo00,Todd Bouman,min,2001,3
CartCr00,Cris Carter,min,2001,8
CartDa00,Dale Carter,min,2001,3
CartTy20,Tyrone Carter,min,2001,3
ChamBy00,Byron Chamberlain,min,2001,6
ChapDo00,Doug Chapman,min,2001,2
ChukPa20,Patrick Chukwurah,min,2001,2
ColiSt20,Stalin Colinet,min,2001,4
CollCa20,Calvin Collins,min,2001,2
CulpDa00,Daunte Culpepper,min,2001,11
DixoDa20,David Dixon,min,2001,7
GarnWi20,Winfield Garnett,min,2001,2
GrifRo00,Robert Griffith,min,2001,4
HallLe20,Lemanski Hall,min,2001,5
HazuJe20,Jeff Hazuga,min,2001,0
HovaCh20,Chris Hovan,min,2001,6
HowaWi20,Willie Howard,min,2001,1
JacqNa00,Nate Jacquet,min,2001,0
johnslee01,Lee Johnson,min,2001,0
JohnLa23,Lance Johnstone,min,2001,3
JoneHe00,Henry Jones,min,2001,2
JordAn00,Andrew Jordan,min,2001,0
KellEr20,Eric Kelly,min,2001,4
KellLe21,Lewis Kelly,min,2001,0
KleiJi00,Jim Kleinsasser,min,2001,2
LaciCo20,Corbin Lacina,min,2001,5
LiddBr20,Brody Liddiard,min,2001,0
LindEv20,Everett Lindsay,min,2001,5
LiwiCh20,Chris Liwienski,min,2001,8
McDaEd00,Ed McDaniel,min,2001,5
MontPe20,Pete Monty,min,2001,0
MorgDo20,Don Morgan,min,2001,1
MorrHa00,Harold Morrow,min,2001,2
MossRa00,Randy Moss,min,2001,11
NelsJi20,Jim Nelson,min,2001,2
ONeaAn20,Andre O'Neal,min,2001,0
PrenTr00,Travis Prentice,min,2001,0
ReedJa00,Jake Reed,min,2001,3
RobbFr20,Fred Robbins,min,2001,4
SawyTa20,Talance Sawyer,min,2001,7
SerwWa20,Wasswa Serwanga,min,2001,0
SnidMa21,Matt Snider,min,2001,0
TateRo00,Robert Tate,min,2001,2
ThibKe20,Keith Thibodeaux,min,2001,1
ThomOr20,Orlando Thomas,min,2001,4
WalsCh00,Chris Walsh,min,2001,1
WaltTr00,Troy Walters,min,2001,0
WilsAn20,Antonio Wilson,min,2001,1
WithCo20,Cory Withrow,min,2001,2
WongKa20,Kailee Wong,min,2001,7
WortSh20,Shawn Worthen,min,2001,0
WrigFe20,Fearon Wright,min,2001,0
WrigKe20,Kenny Wright,min,2001,3
WynnSp00,Spergon Wynn,min,2001,2
AldrAl21,Allen Aldridge,det,2001,5
AndeSc00,Scotty Anderson,det,2001,2
AragLe20,Leo Araguz,det,2001,1
BackJe20,Jeff Backus,det,2001,7
BailRo20,Robert Bailey,det,2001,1
BantBr00,Bradford Banta,det,2001,0
BatcCh00,Charlie Batch,det,2001,6
BennTo20,Tommy Bennett,det,2001,1
BeveEr00,Eric Beverly,det,2001,7
BlaiKe20,Kerlin Blaise,det,2001,0
BoydSt00,Stephen Boyd,det,2001,1
CampLa20,Lamar Campbell,det,2001,4
CartMa20,Marty Carter,det,2001,1
CasoAv00,Aveion Cason,det,2001,0
ClaiCh20,Chris Claiborne,det,2001,6
CrowGe00,Germane Crowell,det,2001,2
DetmTy00,Ty Detmer,det,2001,-2
DeVrJa20,Jared DeVries,det,2001,1
DrouRe00,Reuben Droughns,det,2001,1
ElliLu00,Luther Elliss,det,2001,4
EmanBe00,Bert Emanuel,det,2001,2
FairTe20,Terry Fair,det,2001,4
FostLa00,Larry Foster,det,2001,2
GibsAa20,Aaron Gibson,det,2001,2
GreeBa20,Barrett Green,det,2001,4
HallJa21,James Hall,det,2001,2
hansojas01,Jason Hanson,det,2001,4
HerrAn21,Anthony Herron,det,2001,0
HowaDe00,Desmond Howard,det,2001,1
IwuoCh20,Chidi Iwuoma,det,2001,1
JettJo21,John Jett,det,2001,2
JoycMa20,Matt Joyce,det,2001,5
KirsTr20,Travis Kirschke,det,2001,2
KowaSc20,Scott Kowalkowski,det,2001,1
KrieCl20,Clint Kriewaldt,det,2001,1
LyghTo00,Todd Lyght,det,2001,6
McDoSt20,Stockar McDougle,det,2001,2
McElRa20,Ray McElroy,det,2001,0
McMaMi00,Mike McMahon,det,2001,2
MitcPe00,Pete Mitchell,det,2001,0
MoorHe00,Herman Moore,det,2001,1
MortJo00,Johnnie Morton,det,2001,8
OlivBr00,Brock Olivo,det,2001,0
PorcRo00,Robert Porcher,det,2001,8
PritKe20,Kelvin Pritchett,det,2001,1
RaioDo20,Dominic Raiola,det,2001,1
RiceRo21,Ron Rice,det,2001,3
RogeSh99,Shaun Rogers,det,2001,6
SamuKh20,Khari Samuel,det,2001,0
SchlCo00,Cory Schlesinger,det,2001,4
SchuKu20,Kurt Schulz,det,2001,3
ScroTr20,Tracy Scroggins,det,2001,5
SempTo20,Tony Semple,det,2001,5
SloaDa00,David Sloan,det,2001,3
SpelAl20,Alonzo Spellman,det,2001,0
StaiBr20,Brendan Stai,det,2001,7
StewJa00,James Stewart,det,2001,6
TrejSt00,Stephen Trejo,det,2001,0
WaerJo00,John Waerig,det,2001,0
WarrLa00,Lamont Warren,det,2001,4
WestBr20,Bryant Westbrook,det,2001,1
WillBr24,Brian Williams,det,2001,1
WyriJi20,Jimmy Wyrick,det,2001,1
AmbrAs00,Ashley Ambrose,atl,2001,6
AndeJa00,Jamal Anderson,atl,2001,2
BradRo20,Ronnie Bradford,atl,2001,4
BrooKe00,Keith Brooking,atl,2001,9
BuchRa00,Ray Buchanan,atl,2001,6
CartMa20,Marty Carter,atl,2001,1
CartJo22,Johndale Carty,atl,2001,1
ChanCh00,Chris Chandler,atl,2001,10
ChriBo00,Bob Christian,atl,2001,6
ClarTr20,Travis Claridge,atl,2001,6
CrocHe20,Henri Crockett,atl,2001,5
CrumAl00,Alge Crumpler,atl,2001,3
DrafCh20,Chris Draft,atl,2001,4
DronSh20,Shane Dronett,atl,2001,6
feelyjay01,Jay Feely,atl,2001,3
FinnBr00,Brian Finneran,atl,2001,4
FlemRo20,Ronald Flemons,atl,2001,0
FornKy20,Kynan Forney,atl,2001,5
GarzRo20,Roberto Garza,atl,2001,3
GordDa20,Darrien Gordon,atl,2001,2
HallCo20,Corey Hall,atl,2001,0
HallTr20,Travis Hall,atl,2001,6
HallBo20,Bob Hallen,atl,2001,7
HamiCo20,Conrad Hamilton,atl,2001,0
HudsCh20,Chris Hudson,atl,2001,1
JaspEd20,Ed Jasper,atl,2001,2
JeffSh00,Shawn Jefferson,atl,2001,5
JervTr00,Travis Jervey,atl,2001,0
JohnDo00,Doug Johnson,atl,2001,0
JordAn20,Antony Jordan,atl,2001,0
KadeDa20,Dave Kadela,atl,2001,0
KellRe00,Reggie Kelly,atl,2001,1
KernPa99,Patrick Kerney,atl,2001,7
KozlBr00,Brian Kozlowski,atl,2001,2
LaynGe00,George Layne,atl,2001,0
MartTo00,Tony Martin,atl,2001,5
MathTe00,Terance Mathis,atl,2001,5
McBuGe20,Gerald McBurrows,atl,2001,3
McClTo20,Todd McClure,atl,2001,8
McCoQu00,Quentin McCord,atl,2001,1
MohrCh20,Chris Mohr,atl,2001,1
MoorRo22,Ron Moore,atl,2001,0
RackDe00,Derek Rackley,atl,2001,0
SalaEp20,Ephraim Salaam,atl,2001,7
SimoMa20,Mark Simoneau,atl,2001,3
SmitBr21,Brady Smith,atl,2001,6
SmitMa00,Maurice Smith,atl,2001,6
StewMa21,Matt Stewart,atl,2001,1
SwaySh20,Shawn Swayda,atl,2001,1
ThomRo00,Rodney Thomas,atl,2001,1
ThomMi20,Michael Thompson,atl,2001,1
UlmeAr20,Artie Ulmer,atl,2001,1
VaugDa20,Darrick Vaughn,atl,2001,2
VickMi00,Michael Vick,atl,2001,4
WhitBo23,Bob Whitfield,atl,2001,9
WileCh21,Chuck Wiley,atl,2001,2
WillEl20,Elijah Williams,atl,2001,0
AkbaHa20,Hakim Akbar,nwe,2001,1
AndrJo21,Joe Andruzzi,nwe,2001,9
AyixKo20,Kole Ayi,nwe,2001,0
BledDr00,Drew Bledsoe,nwe,2001,2
BradTo00,Tom Brady,nwe,2001,12
BrowTr00,Troy Brown,nwe,2001,16
BrusTe99,Tedy Bruschi,nwe,2001,6
BuckTe20,Terrell Buckley,nwe,2001,3
ChatMa20,Matt Chatham,nwe,2001,1
CherJe20,Je'Rod Cherry,nwe,2001,1
ColeFr00,Fred Coleman,nwe,2001,1
CompMi20,Mike Compton,nwe,2001,9
CoxxBr00,Bryan Cox,nwe,2001,4
EdwaMa00,Marc Edwards,nwe,2001,3
EmanBe00,Bert Emanuel,nwe,2001,0
FaulKe00,Kevin Faulk,nwe,2001,4
GlenTe00,Terry Glenn,nwe,2001,2
HamiBo20,Bobby Hamilton,nwe,2001,8
HarrAn21,Antwan Harris,nwe,2001,1
HolmRo20,Rob Holmberg,nwe,2001,0
IzzoLa00,Larry Izzo,nwe,2001,2
JackCu00,Curtis Jackson,nwe,2001,0
JohnCh00,Charles Johnson,nwe,2001,1
johnslee01,Lee Johnson,nwe,2001,1
JohnTe20,Ted Johnson,nwe,2001,4
JoneKe22,Kenyatta Jones,nwe,2001,0
JoneTe20,Tebucky Jones,nwe,2001,5
KellBe20,Ben Kelly,nwe,2001,0
LawxTy00,Ty Law,nwe,2001,12
LighMa20,Matt Light,nwe,2001,7
McGiWi00,Willie McGinest,nwe,2001,4
MillLa00,Lawyer Milloy,nwe,2001,10
MitcBr20,Brandon Mitchell,nwe,2001,6
MoorMa23,Marty Moore,nwe,2001,0
MyerLe20,Leonard Myers,nwe,2001,0
NugeDa21,David Nugent,nwe,2001,1
ParkRi21,Riddick Parker,nwe,2001,2
PassPa00,Patrick Pass,nwe,2001,1
PattDa00,David Patten,nwe,2001,9
PaxtLo20,Lonie Paxton,nwe,2001,3
PhifRo20,Roman Phifer,nwe,2001,9
PleaAn20,Anthony Pleasant,nwe,2001,9
RandGr20,Greg Randall,nwe,2001,9
RedmJ.00,J.R. Redmond,nwe,2001,2
RuegGr20,Grey Ruegamer,nwe,2001,2
RutlRo00,Rod Rutledge,nwe,2001,0
SaylJa20,Jace Sayler,nwe,2001,1
SeymRi00,Richard Seymour,nwe,2001,6
ShawTe20,Terrance Shaw,nwe,2001,2
SmalTo00,Torrance Small,nwe,2001,0
SmitAn00,Antowain Smith,nwe,2001,12
SmitOt20,Otis Smith,nwe,2001,9
StevMa22,Matt Stevens,nwe,2001,3
TuitMa20,Maugaula Tuitele,nwe,2001,0
TurnT.21,T.J. Turner,nwe,2001,0
vinatada01,Adam Vinatieri,nwe,2001,4
VrabMi20,Mike Vrabel,nwe,2001,7
WaltKe20,Ken Walter,nwe,2001,1
WiggJe00,Jermaine Wiggins,nwe,2001,2
WillGr20,Grant Williams,nwe,2001,3
WoodDa20,Damien Woody,nwe,2001,8
AlbrEt20,Ethan Albright,was,2001,2
AlexSt00,Stephen Alexander,was,2001,1
ArriLa00,LaVar Arrington,was,2001,13
BailCh00,Champ Bailey,was,2001,10
BankTo00,Tony Banks,was,2001,8
BarbSh20,Shawn Barber,was,2001,1
BarkBr20,Bryan Barker,was,2001,2
BateMi00,Michael Bates,was,2001,0
BattMa00,Marco Battaglia,was,2001,0
BennDo00,Donnell Bennett,was,2001,1
BoosDo20,Dorian Boose,was,2001,2
BranDa22,David Brandt,was,2001,1
CampMa21,Matt Campbell,was,2001,2
CartKi00,Ki-Jana Carter,was,2001,2
ColeBe20,Ben Coleman,was,2001,4
ColeMa00,Marco Coleman,was,2001,6
conwabre01,Brett Conway,was,2001,4
CowsDe20,Delbert Cowsette,was,2001,1
CurrDo21,Donte Curry,was,2001,1
DaviSt00,Stephen Davis,was,2001,10
DeLoJe20,Jerry DeLoach,was,2001,3
FlemZe00,Zeron Flemister,was,2001,2
GardRo00,Rod Gardner,was,2001,6
GeorJe00,Jeff George,was,2001,0
GrahKe00,Kent Graham,was,2001,0
GreeDa00,Darrell Green,was,2001,2
GreeDo21,Donny Green,was,2001,0
GreeDo25,Donovan Greer,was,2001,0
JansJo20,Jon Jansen,was,2001,7
JohnBr01,Bryan Johnson,was,2001,1
JoneRo21,Robert Jones,was,2001,4
LangKe20,Kenard Lang,was,2001,9
LeveOt20,Otis Leverette,was,2001,1
LockKe00,Kevin Lockett,was,2001,3
LyleKe20,Keith Lyle,was,2001,1
MasoEd20,Eddie Mason,was,2001,2
McClCe20,Central McClellion,was,2001,0
MetcEr00,Eric Metcalf,was,2001,1
MitcKe21,Kevin Mitchell,was,2001,6
OhalIf20,Ifeanyi Ohalete,was,2001,1
PierAn20,Antonio Pierce,was,2001,5
RasbWa00,Walter Rasby,was,2001,1
RaymCo20,Cory Raymer,was,2001,7
SamuCh00,Chris Samuels,was,2001,9
SerwKa20,Kato Serwanga,was,2001,1
ShadSa20,Sam Shade,was,2001,6
SmitBr00,Bruce Smith,was,2001,7
SmooFr20,Fred Smoot,was,2001,6
SzotDa20,Dave Szott,was,2001,7
TerrDa21,David Terrell,was,2001,7
ThomDe00,Derrius Thompson,was,2001,0
TuckRo20,Ross Tucker,was,2001,0
WestMi00,Michael Westbrook,was,2001,6
WilkDa22,Dan Wilkinson,was,2001,8
WillTy21,Tyrone Williams,was,2001,0
AndeWi00,Willie Anderson,cin,2001,5
ArmoJo20,JoJuan Armour,cin,2001,5
BattMa00,Marco Battaglia,cin,2001,1
BeanRo20,Robert Bean,cin,2001,3
BennBr00,Brandon Bennett,cin,2001,2
BookVa20,Vaughn Booker,cin,2001,6
BrahRi20,Rich Braham,cin,2001,5
CartCh20,Chris Carter,cin,2001,3
CartTo20,Tom Carter,cin,2001,0
ChevRa20,Randy Chevrier,cin,2001,0
CurtCa20,Canute Curtis,cin,2001,3
DillCo00,Corey Dillon,cin,2001,8
DugaRo00,Ron Dugans,cin,2001,2
FarmDa00,Danny Farmer,cin,2001,2
FoleSt21,Steve Foley,cin,2001,5
GibsOl20,Oliver Gibson,cin,2001,8
GoffMi20,Mike Goff,cin,2001,5
GutiBr20,Brock Gutierrez,cin,2001,1
HallCo21,Cory Hall,cin,2001,7
HarrNi20,Nick Harris,cin,2001,1
HawkAr20,Artrell Hawkins,cin,2001,7
HeatRo20,Rodney Heath,cin,2001,2
HousTJ00,T.J. Houshmandzadeh,cin,2001,2
JackJo22,John Jackson,cin,2001,1
JennLi20,Ligarius Jennings,cin,2001,1
JohnCh01,Chad Johnson,cin,2001,2
JohnRi20,Riall Johnson,cin,2001,0
JohnRu00,Rudi Johnson,cin,2001,0
KaesKe20,Kevin Kaesviharn,cin,2001,3
KeatCu00,Curtis Keaton,cin,2001,0
KitnJo00,Jon Kitna,cin,2001,6
LangJe20,Jevon Langford,cin,2001,0
WillNi00,Nick Luchey,cin,2001,0
McGeTo00,Tony McGee,cin,2001,1
McMuKi00,Kirk McMullen,cin,2001,0
MitcSc00,Scott Mitchell,cin,2001,0
MondMa20,Mario Monds,cin,2001,0
NealLo00,Lorenzo Neal,cin,2001,1
ODwyMa20,Matt O'Dwyer,cin,2001,4
rackenei01,Neil Rackers,cin,2001,0
RehbSc20,Scott Rehberg,cin,2001,2
RomaMa20,Mark Roman,cin,2001,4
RossAd20,Adrian Ross,cin,2001,2
ScotDa00,Darnay Scott,cin,2001,6
SimmBr20,Brian Simmons,cin,2001,8
SmitAk00,Akili Smith,cin,2001,0
SmitJu20,Justin Smith,cin,2001,7
SpikTa00,Takeo Spikes,cin,2001,8
StLoBr00,Brad St. Louis,cin,2001,0
SteeGl20,Glen Steele,cin,2001,2
StepJa20,Jamain Stephens,cin,2001,1
WarrPe00,Peter Warrick,cin,2001,5
WebbRi00,Richmond Webb,cin,2001,5
WhitBe20,Bernard Whittington,cin,2001,3
WillDa03,Darryl Williams,cin,2001,2
WillTo23,Tony Williams,cin,2001,6
WilsRe20,Reinard Wilson,cin,2001,5
AckeTo20,Tom Ackerman,nor,2001,1
BellJa22,Jay Bellamy,nor,2001,5
BlakJe00,Jeff Blake,nor,2001,0
BrooAa00,Aaron Brooks,nor,2001,15
carnejoh01,John Carney,nor,2001,5
CartTi20,Tim Carter,nor,2001,0
ChasMa20,Martin Chase,nor,2001,2
ClarPh21,Phil Clarke,nor,2001,1
CleeCa00,Cam Cleeland,nor,2001,1
ClemCh22,Charlie Clemons,nor,2001,6
ConnAl00,Albert Connell,nor,2001,2
FendJa00,James Fenderson,nor,2001,0
FontJe20,Jerry Fontenot,nor,2001,8
GleaSt20,Steve Gleason,nor,2001,0
GlovLa00,La'Roi Glover,nor,2001,7
gowintob01,Toby Gowin,nor,2001,2
HallLa00,Lamont Hall,nor,2001,0
HandNo20,Norman Hand,nor,2001,4
HawtMi20,Michael Hawthorne,nor,2001,1
HodgSe20,Sedrick Hodge,nor,2001,1
HoldCu20,Curtis Holden,nor,2001,1
HornJo00,Joe Horn,nor,2001,12
HousKe01,Kevin Houser,nor,2001,1
HowaDa21,Darren Howard,nor,2001,5
IsraSt20,Steve Israel,nor,2001,1
JackJo25,Jonathan Jackson,nor,2001,0
JackWi00,Willie Jackson,nor,2001,10
JohnJo04,Joe Johnson,nor,2001,6
KnigRo20,Roger Knight,nor,2001,0
KnigSa00,Sammy Knight,nor,2001,9
LewiMi00,Michael Lewis,nor,2001,0
MathKe20,Kevin Mathis,nor,2001,4
McAfFr00,Fred McAfee,nor,2001,0
McAlDe00,Deuce McAllister,nor,2001,2
McGaWa00,Wane McGarity,nor,2001,0
MitcKe00,Keith Mitchell,nor,2001,4
MyleDe20,DeShone Myles,nor,2001,0
NaeoCh20,Chris Naeole,nor,2001,8
NewsRi20,Richard Newsome,nor,2001,1
NorrMo00,Moran Norris,nor,2001,0
OldhCh20,Chris Oldham,nor,2001,2
PricMa20,Marcus Price,nor,2001,1
ReyeTu20,Tutan Reyes,nor,2001,0
RoafWi00,Willie Roaf,nor,2001,4
SmitDa22,Darrin Smith,nor,2001,5
SmitKe23,Kenny Smith,nor,2001,0
SmitTe00,Terrelle Smith,nor,2001,0
StacDa00,Dave Stachelski,nor,2001,0
TerrDa20,Daryl Terrell,nor,2001,6
ThomFr20,Fred Thomas,nor,2001,4
TurlKy20,Kyle Turley,nor,2001,8
WearFr20,Fred Weary,nor,2001,1
WhitWi23,Willie Whitehead,nor,2001,1
WillBo00,Boo Williams,nor,2001,2
WillBr24,Brian Williams,nor,2001,0
WillRi00,Ricky Williams,nor,2001,14
WillWa20,Wally Williams,nor,2001,8
WilsJe22,Jerry Wilson,nor,2001,0
WilsRo01,Robert Wilson,nor,2001,3
BakeJa20,Jason Baker,sfo,2001,2
BarlKe00,Kevan Barlow,sfo,2001,8
BeasFr00,Fred Beasley,sfo,2001,2
BronZa20,Zack Bronson,sfo,2001,9
BrowRa00,Ray Brown,sfo,2001,15
CartAn20,Andre Carter,sfo,2001,8
cortejos01,Jose Cortez,sfo,2001,2
CostDa20,Dave Costa,sfo,2001,1
DeesDe20,Derrick Deese,sfo,2001,9
DrakTy20,Tyronne Drakeford,sfo,2001,0
ElamSh20,Shane Elam,sfo,2001,0
EngeJo20,John Engelberger,sfo,2001,7
FiorDa20,Dave Fiore,sfo,2001,9
GarcJe00,Jeff Garcia,sfo,2001,18
GragSc20,Scott Gragg,sfo,2001,9
HearRo20,Ronnie Heard,sfo,2001,1
HearGa00,Garrison Hearst,sfo,2001,16
HolmRa20,Rashad Holman,sfo,2001,2
JackTe00,Terry Jackson,sfo,2001,2
JennBr00,Brian Jennings,sfo,2001,0
JohnEr00,Eric Johnson,sfo,2001,5
KeitJo20,John Keith,sfo,2001,0
KillTe20,Terry Killens,sfo,2001,2
LewiJo00,Jonas Lewis,sfo,2001,0
LyncBe20,Ben Lynch,sfo,2001,2
McCuGe20,George McCullough,sfo,2001,1
McGrRe20,Reggie McGrew,sfo,2001,1
MileJo20,John Milem,sfo,2001,0
NewbJe00,Jeremy Newberry,sfo,2001,11
OkeaCh20,Chike Okeafor,sfo,2001,3
OwenTe00,Terrell Owens,sfo,2001,19
ParkAn21,Anthony Parker,sfo,2001,0
PeteJu00,Julian Peterson,sfo,2001,7
PlumAh20,Ahmed Plummer,sfo,2001,8
RattTi00,Tim Rattay,sfo,2001,0
SchlJo20,John Schlecht,sfo,2001,1
SchuLa00,Lance Schulters,sfo,2001,7
SetzBo20,Bobby Setzer,sfo,2001,1
SmitDe21,Derek Smith,sfo,2001,8
SmitPa00,Paul Smith,sfo,2001,0
StewQu20,Quincy Stewart,sfo,2001,1
StokJ.00,J.J. Stokes,sfo,2001,8
StreTa00,Tai Streets,sfo,2001,5
StubDa00,Dana Stubblefield,sfo,2001,8
SuthVi00,Vinny Sutherland,sfo,2001,0
SuttJa20,Jason Suttle,sfo,2001,0
SwifJu00,Justin Swift,sfo,2001,1
UlbrJe20,Jeff Ulbrich,sfo,2001,7
WebsJa20,Jason Webster,sfo,2001,7
WillJi22,Jimmy Williams,sfo,2001,1
WillMa27,Matt Willig,sfo,2001,1
WilsCe00,Cedrick Wilson,sfo,2001,0
WilsTr21,Troy Wilson,sfo,2001,0
WinbJa20,Jamie Winborn,sfo,2001,4
YounBr00,Bryant Young,sfo,2001,13
AhanCh20,Chidi Ahanotu,ram,2001,7
AlleBr21,Brian Allen,ram,2001,0
ArchAd20,Adam Archuleta,ram,2001,5
AyixKo20,Kole Ayi,ram,2001,1
BakeJo21,John Baker,ram,2001,2
BlyxDr00,Dre' Bly,ram,2001,5
BoweMa20,Matt Bowen,ram,2001,0
BrigO.20,O.J. Brigance,ram,2001,1
BrowJo23,Jonathan Brown,ram,2001,0
BrucIs00,Isaac Bruce,ram,2001,13
ButlJe20,Jerametrius Butler,ram,2001,1
CaniTr00,Trung Canidate,ram,2001,6
CasoAv00,Aveion Cason,ram,2001,0
CoadRi21,Rich Coady,ram,2001,1
CoheDu20,Dustin Cohen,ram,2001,0
ConwEr00,Ernie Conwell,ram,2001,5
DaviDo22,Don Davis,ram,2001,4
FaulMa00,Marshall Faulk,ram,2001,22
FielMa99,Mark Fields,ram,2001,6
FletLo20,London Fletcher,ram,2001,9
GarcFr21,Frank Garcia,ram,2001,2
GaryWi20,Willie Gary,ram,2001,0
HakiAz00,Az-Zahir Hakim,ram,2001,5
HerrKi20,Kim Herring,ram,2001,6
HodgJa00,James Hodgins,ram,2001,0
HolcRo00,Robert Holcombe,ram,2001,1
HoltTo00,Torry Holt,ram,2001,16
JackTy20,Tyoka Jackson,ram,2001,2
JoneRo23,Rod Jones,ram,2001,1
LewiDa20,Damione Lewis,ram,2001,2
LittLe00,Leonard Little,ram,2001,3
ManuBr00,Brandon Manumaleuna,ram,2001,0
MartJa00,Jamie Martin,ram,2001,0
McClDe21,Dexter McCleon,ram,2001,8
McCoAn20,Andy McCollum,ram,2001,10
MoraSe20,Sean Moran,ram,2001,2
MurpYo00,Yo Murphy,ram,2001,0
NuttTo20,Tom Nutten,ram,2001,9
PaceOr00,Orlando Pace,ram,2001,18
PickRy20,Ryan Pickett,ram,2001,1
PollTo21,Tommy Polley,ram,2001,6
ProeRi00,Ricky Proehl,ram,2001,6
RobiJe00,Jeff Robinson,ram,2001,1
ShepJa20,Jacoby Shepherd,ram,2001,0
SoreNi20,Nick Sorensen,ram,2001,0
SpikCa20,Cameron Spikes,ram,2001,1
TimmAd20,Adam Timmerman,ram,2001,15
TuckRy20,Ryan Tucker,ram,2001,9
WarnKu00,Kurt Warner,ram,2001,20
WatsJu00,Justin Watson,ram,2001,0
wilkijef01,Jeff Wilkins,ram,2001,4
WillAe00,Aeneas Williams,ram,2001,19
WistGr20,Grant Wistrom,ram,2001,9
YounBr20,Brian Young,ram,2001,8
ZgonJe20,Jeff Zgonina,ram,2001,7
AlleWi20,Will Allen,nyg,2001,5
andermor01,Morten Andersen,nyg,2001,4
ArmsJe00,Jessie Armstead,nyg,2001,9
BarbTi00,Tiki Barber,nyg,2001,9
BarrMi20,Micheal Barrow,nyg,2001,8
BobeCh20,Chris Bober,nyg,2001,1
BrowLo00,Lomas Brown,nyg,2001,7
BrowRa20,Ralph Brown,nyg,2001,0
CampDa00,Dan Campbell,nyg,2001,1
CartJo01,Jonathan Carter,nyg,2001,0
CollKe00,Kerry Collins,nyg,2001,10
ComeGr00,Greg Comella,nyg,2001,2
CrosHo00,Howard Cross,nyg,2001,0
DaviTh00,Thabiti Davis,nyg,2001,0
DaynRo00,Ron Dayne,nyg,2001,4
DixoRo00,Ron Dixon,nyg,2001,2
FerrFr20,Frank Ferrara,nyg,2001,1
GarnSa20,Sam Garnes,nyg,2001,6
GoldJa20,Jack Golden,nyg,2001,1
GrifCo20,Cornelius Griffin,nyg,2001,8
HamiKe20,Keith Hamilton,nyg,2001,6
HillIk00,Ike Hilliard,nyg,2001,5
HolmKe20,Kenny Holmes,nyg,2001,9
JoneDh20,Dhani Jones,nyg,2001,2
JureJo00,Joe Jurevicius,nyg,2001,5
KoloRo20,Ross Kolodziej,nyg,2001,1
LeGrLa20,Lance Legree,nyg,2001,3
LewiKe23,Kevin Lewis,nyg,2001,1
McDaEm20,Emmanuel McDaniel,nyg,2001,1
ParkGl20,Glenn Parker,nyg,2001,7
PatmDe20,DeWayne Patmon,nyg,2001,0
PeteWi20,Will Peterson,nyg,2001,3
PetiLu20,Luke Petitgout,nyg,2001,7
pochmowe01,Owen Pochman,nyg,2001,-1
RiveMa00,Marcellus Rivers,nyg,2001,0
RoseMi20,Mike Rosenthal,nyg,2001,1
ScotCe20,Cedric Scott,nyg,2001,1
SehoJa20,Jason Sehorn,nyg,2001,6
SeubRi20,Rich Seubert,nyg,2001,0
ShorBr20,Brandon Short,nyg,2001,7
StonRo00,Ron Stone,nyg,2001,9
StouOm20,Omar Stoutmire,nyg,2001,1
StraMi02,Michael Strahan,nyg,2001,17
ThomDa21,Dave Thomas,nyg,2001,2
ToomAm00,Amani Toomer,nyg,2001,8
WashDa00,Damon Washington,nyg,2001,1
WhitCl20,Clayton White,nyg,2001,1
WhitJa22,Jason Whittle,nyg,2001,2
WillRo23,Rodney Williams,nyg,2001,3
WillSh20,Shaun Williams,nyg,2001,6
ZeigDu20,Dusty Zeigler,nyg,2001,7
AndeMi00,Mike Anderson,den,2001,6
BerrBe99,Bertrand Berry,den,2001,2
BrowEr21,Eric Brown,den,2001,6
BurnKe21,Keith Burns,den,2001,2
CarlCo20,Cooper Carlisle,den,2001,1
CarsDw00,Dwayne Carswell,den,2001,3
CartTo00,Tony Carter,den,2001,1
ClarDa22,Darius Clark,den,2001,0
ClarDe00,Desmond Clark,den,2001,6
CoghGe20,George Coghill,den,2001,1
ColeCh00,Chris Cole,den,2001,1
ColeKa00,KaRon Coleman,den,2001,1
DaviEr00,Eric Davis,den,2001,1
DaviTe00,Terrell Davis,den,2001,6
DiazDa20,David Diaz-Infante,den,2001,1
DomiMa00,Matt Dominguez,den,2001,0
elamxjas01,Jason Elam,den,2001,6
FrerGu00,Gus Frerotte,den,2001,1
FrieLe20,Lennie Friedman,den,2001,7
GaryOl00,Olandis Gary,den,2001,2
GoldIa00,Ian Gold,den,2001,4
GrieBr00,Brian Griese,den,2001,11
HapePa00,Patrick Hape,den,2001,1
HaywRe20,Reggie Hayward,den,2001,2
HernSt20,Steve Herndon,den,2001,2
JackJa01,Jarious Jackson,den,2001,0
JenkBi20,Billy Jenkins,den,2001,0
JohnJe21,Jerry Johnson,den,2001,1
KaspKe00,Kevin Kasper,den,2001,1
KennKe21,Kenoy Kennedy,den,2001,5
KennEd00,Eddie Kennison,den,2001,2
LepsMa20,Matt Lepsis,den,2001,8
LettLe00,Leon Lett,den,2001,1
McCaEd00,Ed McCaffrey,den,2001,1
McGePh20,Phil McGeoghan,den,2001,0
McGlCh00,Chester McGlockton,den,2001,7
McGrTr00,Travis McGriff,den,2001,0
MiddWi20,Willie Middlebrooks,den,2001,0
MoblJo20,John Mobley,den,2001,8
MontSc00,Scottie Montgomery,den,2001,1
NaleTo00,Tom Nalen,den,2001,8
NeilDa21,Dan Neil,den,2001,8
ONeaDe00,Deltha O'Neal,den,2001,11
PittKa20,Kavika Pittman,den,2001,6
PoolKe00,Keith Poole,den,2001,0
PrycTr00,Trevor Pryce,den,2001,12
ReagMo20,Montae Reagor,den,2001,1
RomaBi00,Bill Romanowski,den,2001,7
rouentom01,Tom Rouen,den,2001,3
SmitDe00,Detron Smith,den,2001,0
SmitRo01,Rod Smith,den,2001,15
SpenJi21,Jimmy Spencer,den,2001,2
TeagTr20,Trey Teague,den,2001,8
WalkDe20,Denard Walker,den,2001,6
WashKe20,Keith Washington,den,2001,7
WilsAl00,Al Wilson,den,2001,9
WoodLe00,Lee Woodall,den,2001,1
AkinCh20,Chris Akins,cle,2001,0
BedeBr20,Brad Bedell,cle,2001,3
BoyeBr20,Brant Boyer,cle,2001,3
BrowCo22,Courtney Brown,cle,2001,4
BushDe20,Devin Bush Sr.,cle,2001,4
CartDy20,Dyshod Carter,cle,2001,0
ChanRo21,Roger Chanoine,cle,2001,6
ChapLa20,Lamar Chapman,cle,2001,0
ClayFe20,Felipe Claybrooks,cle,2001,0
ColiSt20,Stalin Colinet,cle,2001,0
CoucTi00,Tim Couch,cle,2001,9
DawsJa00,JaJuan Dawson,cle,2001,2
dawsophi01,Phil Dawson,cle,2001,4
DenmAn20,Anthony Denman,cle,2001,1
DudlRi00,Rickey Dudley,cle,2001,1
EllsPe20,Percy Ellsworth,cle,2001,3
FairCa20,Carl Fair,cle,2001,0
FrosSc20,Scott Frost,cle,2001,1
FullCo20,Corey Fuller,cle,2001,6
GardCh20,Chris Gardocki,cle,2001,3
GayxBe00,Ben Gay,cle,2001,1
GermJa00,Jammi German,cle,2001,1
HamxDe20,Derrick Ham,cle,2001,0
HenrAn20,Anthony Henry,cle,2001,4
HolcKe00,Kelly Holcomb,cle,2001,0
JackJa00,James Jackson,cle,2001,4
JackRa22,Raymond Jackson,cle,2001,1
JohnKe01,Kevin Johnson,cle,2001,9
JohnTr03,Tre' Johnson,cle,2001,1
JoneLe20,Lenoy Jones,cle,2001,1
KingAn00,Andre King,cle,2001,1
KuehRy20,Ryan Kuehl,cle,2001,1
LittEa20,Earl Little,cle,2001,6
McCuDa22,Daylon McCutcheon,cle,2001,6
McKeKe20,Keith McKenzie,cle,2001,3
McKiAl20,Alvin McKinley,cle,2001,1
McKiJe20,Jeremy McKinney,cle,2001,4
MillJa01,Jamir Miller,cle,2001,16
MintBa20,Barry Minter,cle,2001,0
MonrRo00,Rodrick Monroe,cle,2001,0
MoreEa20,Earthwind Moreland,cle,2001,0
MoreJa00,Jake Moreland,cle,2001,0
MorgQu00,Quincy Morgan,cle,2001,4
MyleTo20,Toby Myles,cle,2001,0
NortDe00,Dennis Northcutt,cle,2001,2
OHarSh20,Shaun O'Hara,cle,2001,2
ObenRo20,Roman Oben,cle,2001,5
RainWa20,Wali Rainer,cle,2001,7
RogeTy20,Tyrone Rogers,cle,2001,6
RoyeOr20,Orpheus Roye,cle,2001,5
RuddDw20,Dwayne Rudd,cle,2001,8
SaleTa20,Tarek Saleh,cle,2001,1
SantO.00,O.J. Santiago,cle,2001,1
SellMi00,Mike Sellers,cle,2001,1
SheaAa00,Aaron Shea,cle,2001,1
SimmTo00,Tony Simmons,cle,2001,0
SmitMa20,Mark Smith,cle,2001,6
SmitMa21,Marquis Smith,cle,2001,1
SpirGr20,Greg Spires,cle,2001,4
VerbRo20,Ross Verba,cle,2001,6
WarrGe20,Gerard Warren,cle,2001,8
WhitJa00,Jamel White,cle,2001,6
WohlDa20,Dave Wohlabaugh,cle,2001,6
ZukaPa20,Paul Zukauskas,cle,2001,0
BarnLi20,Lionel Barnes,clt,2001,0
BashId20,Idrees Bashir,clt,2001,4
BirdCo20,Cory Bird,clt,2001,1
BratCh20,Chad Bratzke,clt,2001,5
briendou01,Doug Brien,clt,2001,0
BrooRo20,Rodregis Brooks,clt,2001,0
BurrJe20,Jeff Burris,clt,2001,5
CotaCh20,Chad Cota,clt,2001,5
CrosCl21,Clifton Crosby,clt,2001,1
DaveJo00,Joe Davenport,clt,2001,0
DeMuRi20,Rick DeMulling,clt,2001,1
DiemRy20,Ryan Diem,clt,2001,5
DilgKe00,Ken Dilger,clt,2001,4
DoerJa20,Jason Doering,clt,2001,1
FinnJi00,Jim Finn,clt,2001,0
GlenTa99,Tarik Glenn,clt,2001,10
HampJe20,Jermaine Hampton,clt,2001,0
HarpNi20,Nick Harper,clt,2001,1
HarrSe20,Sean Harris,clt,2001,0
HarrMa00,Marvin Harrison,clt,2001,15
InslTr00,Trevor Insley,clt,2001,2
JackWa20,Waverly Jackson,clt,2001,2
JameEd00,Edgerrin James,clt,2001,7
JohnEl20,Ellis Johnson,clt,2001,4
MackDa20,David Macklin,clt,2001,5
MannPe00,Peyton Manning,clt,2001,15
McDoKe01,Kevin McDougal,clt,2001,0
McKiSt20,Steve McKinney,clt,2001,8
MeadAd20,Adam Meadows,clt,2001,9
MoorLa21,Larry Moore,clt,2001,7
MorrRo20,Rob Morris,clt,2001,4
MortMi20,Mike Morton,clt,2001,1
NwokCh20,Chukie Nwokorie,clt,2001,3
OlseHa20,Hans Olsen,clt,2001,0
PathJe00,Jerome Pathon,clt,2001,3
PeteCh20,Christian Peter,clt,2001,1
PeteMi20,Mike Peterson,clt,2001,3
PhilRy20,Ryan Phillips,clt,2001,2
PollMa00,Marcus Pollard,clt,2001,7
RhodDo00,Dominic Rhodes,clt,2001,12
RypiMa00,Mark Rypien,clt,2001,0
SatuJe55,Jeff Saturday,clt,2001,10
ScioBr20,Brad Scioli,clt,2001,3
SimmTo00,Tony Simmons,clt,2001,0
SmitHu21,Hunter Smith,clt,2001,3
SmitTh21,Thomas Smith,clt,2001,0
SnowJu00,Justin Snow,clt,2001,0
SworSa20,Sam Sword,clt,2001,1
ThomMa20,Mark Thomas,clt,2001,1
ThomDo24,Donnel Thompson,clt,2001,0
vandemik01,Mike Vanderjagt,clt,2001,5
WallRa20,Raymond Walls,clt,2001,0
WashMa99,Marcus Washington,clt,2001,5
WaynRe00,Reggie Wayne,clt,2001,3
WellMi23,Mike Wells,clt,2001,1
WilkTe00,Terrence Wilkins,clt,2001,4
WillJo30,Josh Williams,clt,2001,5
AlexDa21,Dan Alexander,oti,2001,0
BennDr00,Drew Bennett,oti,2001,3
BerlEd00,Eddie Berlin,oti,2001,0
BishBl00,Blaine Bishop,oti,2001,1
BookMi20,Michael Booker,oti,2001,1
BullKe00,Keith Bulluck,oti,2001,3
CartKe00,Kevin Carter,oti,2001,6
ChamFr20,Frank Chamberlin,oti,2001,1
ColeCh01,Chris Coleman,oti,2001,0
DiNaGe20,Gennaro DiNapoli,oti,2001,1
DysoAn20,Andre Dyson,oti,2001,4
DysoKe00,Kevin Dyson,oti,2001,7
EvanJo23,Josh Evans,oti,2001,7
FavoGr20,Greg Favors,oti,2001,5
FiskJa20,Jason Fisk,oti,2001,6
FordHe21,Henry Ford,oti,2001,1
GeorEd00,Eddie George,oti,2001,6
GodfRa20,Randall Godfrey,oti,2001,6
GreeMi00,Mike Green,oti,2001,1
hentrcra01,Craig Hentrich,oti,2001,2
HickSk00,Skip Hicks,oti,2001,2
HopkBr00,Brad Hopkins,oti,2001,7
JenkDe20,DeRon Jenkins,oti,2001,2
KearJe00,Jevon Kearse,oti,2001,9
KinnEr00,Erron Kinney,oti,2001,2
KocuKr20,Kris Kocurek,oti,2001,0
LeacMi00,Mike Leach,oti,2001,0
LongKe21,Kevin Long,oti,2001,3
MasoDe00,Derrick Mason,oti,2001,10
MathJa21,Jason Mathews,oti,2001,2
MattBr00,Bruce Matthews,oti,2001,11
McCaJu00,Justin McCareins,oti,2001,1
McNaSt00,Steve McNair,oti,2001,13
MeieSh00,Shad Meier,oti,2001,0
MillFr21,Fred Miller,oti,2001,8
MitcDo20,Donald Mitchell,oti,2001,1
MorrAr20,Aric Morris,oti,2001,3
MyerBo21,Bobby Myers,oti,2001,1
NatkBr00,Brian Natkin,oti,2001,0
nednejoe01,Joe Nedney,oti,2001,3
ODonNe00,Neil O'Donnell,oti,2001,2
OlsoBe20,Benji Olson,oti,2001,8
OursWe00,Wes Ours,oti,2001,0
ThomJu20,Juqua Parker,oti,2001,0
PhenPe20,Perry Phenix,oti,2001,3
PillZa20,Zach Piller,oti,2001,5
PortDa20,Daryl Porter,oti,2001,2
RobiEd22,Eddie Robinson,oti,2001,7
RollSa00,Samari Rolle,oti,2001,5
SalaJo20,Joe Salave'a,oti,2001,1
SandCh00,Chris Sanders,oti,2001,1
SidnDa20,Dainon Sidney,oti,2001,0
SirmPe20,Peter Sirmon,oti,2001,1
SmitRo21,Robaire Smith,oti,2001,1
ThorJo21,John Thornton,oti,2001,0
ThweBy20,Byron Thweatt,oti,2001,0
VoleBi00,Billy Volek,oti,2001,0
WalkJo20,Joe Walker,oti,2001,2
WychFr00,Frank Wycheck,oti,2001,6
AbraJo00,John Abraham,nyj,2001,16
AndeRi00,Richie Anderson,nyj,2001,3
BarnTo20,Tom Barndt,nyj,2001,1
BechAn00,Anthony Becht,nyj,2001,3
BurtSh20,Shane Burton,nyj,2001,6
ChreWa00,Wayne Chrebet,nyj,2001,8
ColeMa20,Marcus Coleman,nyj,2001,6
ColeLa00,Laveranues Coles,nyj,2001,10
DarlJa20,James Darling,nyj,2001,1
DearJa00,James Dearth,nyj,2001,0
ElliSh00,Shaun Ellis,nyj,2001,7
FabiJa20,Jason Fabini,nyj,2001,7
FarrJa99,James Farrior,nyj,2001,8
FergNi20,Nick Ferguson,nyj,2001,2
GlenAa00,Aaron Glenn,nyj,2001,7
GlenJa20,Jason Glenn,nyj,2001,1
GreeVi20,Victor Green,nyj,2001,7
hallxjoh01,John Hall,nyj,2001,4
HatcMa00,Matthew Hatchette,nyj,2001,0
HayeCh20,Chris Hayes,nyj,2001,1
HayeWi00,Windrell Hayes,nyj,2001,0
HendJa20,Jamie Henderson,nyj,2001,2
JenkKe20,Kerry Jenkins,nyj,2001,7
JoneMa23,Marvin Jones,nyj,2001,8
JordLa00,LaMont Jordan,nyj,2001,3
LewiMo00,Mo Lewis,nyj,2001,8
LoveDa20,David Loverne,nyj,2001,1
LyleRi20,Rick Lyle,nyj,2001,3
MachJ.20,J.P. Machado,nyj,2001,2
MartCu00,Curtis Martin,nyj,2001,15
MartSt21,Steve Martin,nyj,2001,7
MawaKe00,Kevin Mawae,nyj,2001,14
McKeKa20,Kareem McKenzie,nyj,2001,1
MickRa20,Ray Mickens,nyj,2001,3
MortCh00,Chad Morton,nyj,2001,0
MoseKe20,Kelvin Moses,nyj,2001,1
MossSa00,Santana Moss,nyj,2001,0
OgboEr20,Eric Ogbogu,nyj,2001,2
ParkTo20,Tommy Parks,nyj,2001,0
PennCh01,Chad Pennington,nyj,2001,0
PopeDa20,Daniel Pope,nyj,2001,0
ReedJa21,James Reed,nyj,2001,3
RobiDa20,Damien Robinson,nyj,2001,6
ScotTo21,Tony Scott,nyj,2001,0
SoweJe00,Jerald Sowell,nyj,2001,0
SwayKe00,Kevin Swayne,nyj,2001,2
TestVi00,Vinny Testaverde,nyj,2001,10
ThomRa21,Randy Thomas,nyj,2001,6
ToddJo20,Joe Todd,nyj,2001,0
TupaTo20,Tom Tupa,nyj,2001,1
WilcDa01,Daniel Wilcox,nyj,2001,0
WoodTo02,Tory Woodbury,nyj,2001,0
YeasCr00,Craig Yeast,nyj,2001,0
YounRy20,Ryan Young,nyj,2001,7
AbduRa00,Rabih Abdullah,tam,2001,1
AbraDo00,Donnie Abraham,tam,2001,3
AlstMi00,Mike Alstott,tam,2001,8
AnthRe00,Reidel Anthony,tam,2001,2
BarbRo00,Ronde Barber,tam,2001,15
briendou01,Doug Brien,tam,2001,1
BrooDe00,Derrick Brooks,tam,2001,12
CannJa20,James Cannida,tam,2001,2
CerqMa20,Marq Cerqua,tam,2001,0
ChriJe00,Jeff Christy,tam,2001,7
ColeCo21,Cosey Coleman,tam,2001,8
CookJa00,Jameel Cook,tam,2001,1
CurrDe20,DeMarcus Curry,tam,2001,0
DarbCh20,Chartric Darby,tam,2001,1
DuncJa20,Jamie Duncan,tam,2001,7
DunnWa00,Warrick Dunn,tam,2001,9
GibsDa20,David Gibson,tam,2001,1
GoocJe20,Jeff Gooch,tam,2001,1
gramamar01,Martin Gramatica,tam,2001,3
GreeJa00,Jacquez Green,tam,2001,4
GricSh20,Shane Grice,tam,2001,0
HoweJo21,John Howell,tam,2001,1
IvyxCo20,Corey Ivy,tam,2001,0
JackDe20,Dexter Jackson,tam,2001,5
JohnBr00,Brad Johnson,tam,2001,13
JohnKe00,Keyshawn Johnson,tam,2001,13
JoneMa20,Marcus Jones,tam,2001,6
KellBr21,Brian Kelly,tam,2001,3
KingSh00,Shaun King,tam,2001,1
LyncJo00,John Lynch,tam,2001,9
McDaRa00,Randall McDaniel,tam,2001,8
McDeSe20,Sean McDermott,tam,2001,1
McFaAn20,Anthony McFarland,tam,2001,6
MoorDa00,Dave Moore,tam,2001,3
MurpFr00,Frank Murphy,tam,2001,1
PierPe20,Pete Pierson,tam,2001,1
QuarSh20,Shelton Quarles,tam,2001,7
RiceSi00,Simeon Rice,tam,2001,8
RobeMi00,Mike Roberg,tam,2001,0
RoyaMa20,Mark Royals,tam,2001,2
SappWa00,Warren Sapp,tam,2001,15
SingAl20,Alshermond Singleton,tam,2001,2
SmitDw20,Dwight Smith,tam,2001,1
StecAa00,Aaron Stecker,tam,2001,2
VancEr20,Eric Vance,tam,2001,0
WalkKe21,Kenyatta Walker,tam,2001,8
WashTo20,Todd Washington,tam,2001,2
WebsNa20,Nate Webster,tam,2001,2
WhitSt21,Steve White,tam,2001,2
WillKa00,Karl Williams,tam,2001,4
WunsJe20,Jerry Wunsch,tam,2001,8
WymsEl20,Ellis Wyms,tam,2001,0
WynnMi00,Milton Wynn,tam,2001,1
YodeTo00,Todd Yoder,tam,2001,0
AndrTr20,Troy Andrew,mia,2001,1
BoweDa20,David Bowens,mia,2001,1
BoweTi00,Tim Bowens,mia,2001,7
BromLo20,Lorenzo Bromell,mia,2001,2
ChamCh00,Chris Chambers,mia,2001,8
CousTe20,Terry Cousin,mia,2001,2
DixoMa20,Mark Dixon,mia,2001,5
DyerDe00,Deon Dyer,mia,2001,0
FiedJa00,Jay Fiedler,mia,2001,13
FletJa20,Jamar Fletcher,mia,2001,1
FolaSp20,Spencer Folau,mia,2001,8
FreeAr20,Arturo Freeman,mia,2001,3
GadsOr00,Oronde Gadsden,mia,2001,7
GalySc20,Scott Galyon,mia,2001,2
GambTr20,Trent Gamble,mia,2001,0
GardDa20,Daryl Gardener,mia,2001,4
GoodHu00,Hunter Goodwin,mia,2001,0
GranEr20,Ernest Grant,mia,2001,2
GreeRa20,Ray Green,mia,2001,0
GreeMo20,Morlon Greenwood,mia,2001,5
GregDa20,Damian Gregory,mia,2001,0
HaleJe20,Jermaine Haley,mia,2001,3
HendTo20,Tommy Hendricks,mia,2001,2
IrwiHe20,Heath Irwin,mia,2001,4
JohnJ.00,J.J. Johnson,mia,2001,0
KellBe20,Ben Kelly,mia,2001,0
KonrRo00,Rob Konrad,mia,2001,1
LethZe20,Zebbie Lethridge,mia,2001,0
LucaRa00,Ray Lucas,mia,2001,0
MadiSa00,Sam Madison,mia,2001,11
marexoli01,Olindo Mare,mia,2001,4
MariBr00,Brock Marion,mia,2001,7
McGaSc20,Scott McGarrahan,mia,2001,1
McKnJa00,James McKnight,mia,2001,7
MinoTr00,Travis Minor,mia,2001,5
MixoKe20,Kenny Mixon,mia,2001,7
MoorCo20,Corey Moore,mia,2001,0
OgdeJe00,Jeff Ogden,mia,2001,1
OgunAd00,Adewale Ogunleye,mia,2001,0
PerrEd00,Ed Perry,mia,2001,0
PerrTo20,Todd Perry,mia,2001,8
RodgDe20,Derrick Rodgers,mia,2001,6
RuddTi20,Tim Ruddy,mia,2001,8
RussTw20,Twan Russell,mia,2001,2
SmitLa00,Lamar Smith,mia,2001,7
SpriMa20,Marcus Spriggs,mia,2001,1
SurtPa00,Patrick Surtain,mia,2001,7
SwayHa20,Harry Swayne,mia,2001,2
TaylHe20,Henry Taylor,mia,2001,0
TaylJa03,Jason Taylor,mia,2001,15
ThomZa01,Zach Thomas,mia,2001,13
TurkMa20,Matt Turk,mia,2001,2
WadeTo20,Todd Wade,mia,2001,8
WalkBr21,Brian Walker,mia,2001,5
WardDe00,Dedric Ward,mia,2001,2
WeavJe00,Jed Weaver,mia,2001,2
WoodSh20,Shawn Wooden,mia,2001,1
AlexBr20,Brent Alexander,pit,2001,9
BailRo21,Rodney Bailey,pit,2001,2
BakeTi20,Tim Baker,pit,2001,0
BellKe20,Kendrell Bell,pit,2001,15
BellMy20,Myron Bell,pit,2001,2
BettJe00,Jerome Bettis,pit,2001,9
BlacWi00,Will Blackwell,pit,2001,0
BoweRJ00,R.J. Bowers,pit,2001,1
brownkri01,Kris Brown,pit,2001,1
BrueMa00,Mark Bruener,pit,2001,1
BurrPl00,Plaxico Burress,pit,2001,11
ClanKe20,Kendrick Clancy,pit,2001,4
CombCh21,Chris Combs,pit,2001,0
CushMa00,Matt Cushing,pit,2001,0
DuffRo20,Roger Duffy,pit,2001,1
EdwaTr00,Troy Edwards,pit,2001,3
FaneAl00,Alan Faneca,pit,2001,13
FialJo20,John Fiala,pit,2001,2
FlowLe20,Lee Flowers,pit,2001,7
FuamCh00,Chris Fuamatu-Ma'afala,pit,2001,4
GandWa20,Wayne Gandy,pit,2001,7
GeasCo00,Cory Geason,pit,2001,0
GildJa00,Jason Gildon,pit,2001,19
HaggCl20,Clark Haggans,pit,2001,2
HampCa00,Casey Hampton,pit,2001,7
HartJe55,Jeff Hartings,pit,2001,12
HolmEa20,Earl Holmes,pit,2001,10
JackLe00,Lenzie Jackson,pit,2001,0
JoneMi21,Mike Jones,pit,2001,2
KreiDa00,Dan Kreider,pit,2001,0
KurpJu20,Justin Kurpeikis,pit,2001,0
LogaMi20,Mike Logan,pit,2001,3
MaddTo00,Tommy Maddox,pit,2001,1
MartTe00,Tee Martin,pit,2001,0
MillJo25,Josh Miller,pit,2001,2
NkweMa20,Mathias Nkwenti,pit,2001,0
OkobCh20,Chukky Okobi,pit,2001,0
PortJo00,Joey Porter,pit,2001,9
PoteHa20,Hank Poteat,pit,2001,2
RossOl20,Oliver Ross,pit,2001,4
SchnMi20,Mike Schneck,pit,2001,2
ScotCh20,Chad Scott,pit,2001,9
ShawBo00,Bobby Shaw,pit,2001,4
SimmJa20,Jason Simmons,pit,2001,1
SmitAa99,Aaron Smith,pit,2001,10
SmitMa55,Marvel Smith,pit,2001,7
StewKo00,Kordell Stewart,pit,2001,15
TownDe20,Deshea Townsend,pit,2001,2
TumaJe00,Jerame Tuman,pit,2001,1
TylsRi20,Rich Tylski,pit,2001,4
VincKe20,Keydrick Vincent,pit,2001,1
vonOKi20,Kimo von Oelhoffen,pit,2001,9
WardHi00,Hines Ward,pit,2001,11
WashDe20,Dewayne Washington,pit,2001,8
WitmJo00,Jon Witman,pit,2001,1
ZereAm00,Amos Zereoue,pit,2001,5
akersdav01,David Akers,phi,2001,4
BartMi00,Mike Bartrum,phi,2001,0
BrowNa00,Na Brown,phi,2001,1
BrzeDo20,Doug Brzezinski,phi,2001,2
BuckCo00,Correll Buckhalter,phi,2001,5
BurgDe99,Derrick Burgess,phi,2001,5
CaldMi20,Mike Caldwell,phi,2001,10
CaveQu20,Quinton Caver,phi,2001,1
CookRa20,Rashard Cook,phi,2001,3
CrutDa20,Darrel Crutchfield,phi,2001,0
DawkBr00,Brian Dawkins,phi,2001,16
DetmKo00,Koy Detmer,phi,2001,0
DougDa00,Dameane Douglas,phi,2001,1
DougHu00,Hugh Douglas,phi,2001,13
EmmoCa20,Carlos Emmons,phi,2001,9
FeelA.00,A.J. Feeley,phi,2001,0
FralHa20,Hank Fraley,phi,2001,7
GardBa20,Barry Gardner,phi,2001,2
GrasPa20,Paul Grasmanis,phi,2001,3
HamiUh20,Uhuru Hamiter,phi,2001,0
HampWi20,William Hampton,phi,2001,2
HarrAl21,Al Harris,phi,2001,3
HaucTi20,Tim Hauck,phi,2001,1
KaluN.20,N.D. Kalu,phi,2001,2
LandSe20,Sean Landeta,phi,2001,3
LewiCh00,Chad Lewis,phi,2001,4
MartCe00,Cecil Martin,phi,2001,1
MaybJe00,Jermane Mayberry,phi,2001,7
McNaDo00,Donovan McNabb,phi,2001,14
MitcBr00,Brian Mitchell,phi,2001,2
MitcFr00,Freddie Mitchell,phi,2001,3
MoorDa20,Damon Moore,phi,2001,9
MoreSe00,Sean Morey,phi,2001,0
PinkTo00,Todd Pinkston,phi,2001,5
PyneJi20,Jim Pyne,phi,2001,1
ReadJa00,Jamie Reader,phi,2001,0
ReesIk99,Ike Reese,phi,2001,2
RunyJo20,Jon Runyan,phi,2001,8
SchaRy20,Ryan Schau,phi,2001,1
ScotGa00,Gari Scott,phi,2001,0
SimoCo00,Corey Simon,phi,2001,10
SmarRo00,Rod Smart,phi,2001,0
StalDu00,Duce Staley,phi,2001,10
StewTo00,Tony Stewart,phi,2001,0
TaylBo00,Bobby Taylor,phi,2001,8
ThomHo20,Hollis Thomas,phi,2001,9
ThomTr00,Tra Thomas,phi,2001,10
ThomJe00,Jeff Thomason,phi,2001,0
ThraJa00,James Thrash,phi,2001,8
TrotJe00,Jeremiah Trotter,phi,2001,17
VincTr00,Troy Vincent,phi,2001,16
WalkDa21,Darwin Walker,phi,2001,1
WelbJo20,John Welbourn,phi,2001,7
WhitBr21,Brandon Whiting,phi,2001,8
WillBo21,Bobbie Williams,phi,2001,0
AkinCh20,Chris Akins,gnb,2001,1
BidwJo20,Josh Bidwell,gnb,2001,2
BoweMa20,Matt Bowen,gnb,2001,0
BradCo00,Corey Bradford,gnb,2001,6
BrowGi20,Gilbert Brown,gnb,2001,6
ButlLe00,LeRoy Butler,gnb,2001,5
ClifCh20,Chad Clifton,gnb,2001,7
CollBo00,Bobby Collins,gnb,2001,0
DaviRo20,Rob Davis,gnb,2001,3
DaviTy00,Tyrone Davis,gnb,2001,0
DiggNa20,Na'il Diggs,gnb,2001,9
DotsEa20,Earl Dotson,gnb,2001,1
DotsSa20,Santana Dotson,gnb,2001,7
DrivDo00,Donald Driver,gnb,2001,2
EdwaAn21,Antuan Edwards,gnb,2001,1
FavrBr00,Brett Favre,gnb,2001,15
FergRo00,Robert Ferguson,gnb,2001,0
FlanMi00,Mike Flanagan,gnb,2001,8
FlanJi21,Jim Flanigan,gnb,2001,6
FranBu00,Bubba Franks,gnb,2001,3
FreeAn00,Antonio Freeman,gnb,2001,9
GbajKa20,Kabeer Gbaja-Biamila,gnb,2001,3
GizzCh20,Chris Gizzi,gnb,2001,2
GoodHe00,Herbert Goodman,gnb,2001,0
GreeAh00,Ahman Green,gnb,2001,18
HarrBe20,Bernardo Harris,gnb,2001,10
HendWi00,William Henderson,gnb,2001,2
HollVo20,Vonnie Holliday,gnb,2001,11
HolmRo20,Rob Holmberg,gnb,2001,1
HuntCl20,Cletidus Hunt,gnb,2001,3
JenkBi20,Billy Jenkins,gnb,2001,0
JuexBh20,Bhawoh Jue,gnb,2001,5
LeexCh00,Charles Lee,gnb,2001,0
LeveDo00,Dorsey Levens,gnb,2001,3
longwrya01,Ryan Longwell,gnb,2001,2
LyonBi20,Billy Lyon,gnb,2001,2
MarsTo20,Torrance Marshall,gnb,2001,2
MartDa00,David Martin,gnb,2001,2
McBrTo20,Tod McBride,gnb,2001,1
McKeMi20,Mike McKenzie,gnb,2001,9
MealRo00,Rondell Mealey,gnb,2001,1
ONeaAn20,Andre O'Neal,gnb,2001,1
PedeDo00,Doug Pederson,gnb,2001,0
ReynJa20,Jamal Reynolds,gnb,2001,1
RiveMa01,Marco Rivera,gnb,2001,8
RossAl99,Allen Rossum,gnb,2001,1
SchrBi00,Bill Schroeder,gnb,2001,10
SharDa00,Darren Sharper,gnb,2001,10
StokBa20,Barry Stokes,gnb,2001,3
TausMa20,Mark Tauscher,gnb,2001,8
ThibKe20,Keith Thibodeaux,gnb,2001,1
ThieJo20,John Thierry,gnb,2001,7
WahlMi55,Mike Wahle,gnb,2001,8
WalkRo21,Rod Walker,gnb,2001,1
WaynNa20,Nate Wayne,gnb,2001,9
WillK.20,K.D. Williams,gnb,2001,2
WillTy20,Tyrone Williams,gnb,2001,10
WintFr00,Frank Winters,gnb,2001,0
AlleJa00,James Allen,chi,2001,5
AustRe20,Reggie Austin,chi,2001,1
AzumJe00,Jerry Azumah,chi,2001,4
BateDW00,D'Wayne Bates,chi,2001,2
BaxtFr00,Fred Baxter,chi,2001,1
BenjRy21,Ryan Benjamin,chi,2001,0
BookMa00,Marty Booker,chi,2001,11
BoonAl20,Alfonso Boone,chi,2001,2
BrocBl20,Blake Brockermeyer,chi,2001,8
BrowMi99,Mike Brown,chi,2001,17
ColvRo20,Rosevelt Colvin,chi,2001,9
DaniPh20,Phillip Daniels,chi,2001,11
DaviJo00,John Davis,chi,2001,1
DensAu00,Autry Denson,chi,2001,0
DogiKe20,Kevin Dogins,chi,2001,1
DragSc00,Scott Dragos,chi,2001,0
edingpau01,Paul Edinger,chi,2001,5
GreeMi20,Michael Green,chi,2001,2
HarrWa21,Walt Harris,chi,2001,7
HernJi20,Jimmy Herndon,chi,2001,1
HoldWa20,Warrick Holdman,chi,2001,10
HowaBo21,Bobbie Howard,chi,2001,2
JohnLe00,Leon Johnson,chi,2001,1
JoneGr20,Greg Jones,chi,2001,2
KreuOl00,Olin Kreutz,chi,2001,10
LymaDu00,Dustin Lyman,chi,2001,0
MannPa20,Patrick Mannelly,chi,2001,2
MattSh00,Shane Matthews,chi,2001,2
MaynBr20,Brad Maynard,chi,2001,3
McMiTo20,Todd McMillon,chi,2001,1
McQuR.20,R.W. McQuarters,chi,2001,8
MerrTh20,Than Merrill,chi,2001,1
MerrAh00,Ahmad Merritt,chi,2001,0
MilbGl00,Glyn Milburn,chi,2001,0
MillJi00,Jim Miller,chi,2001,7
NewkRo20,Robert Newkirk,chi,2001,2
ParrTo20,Tony Parrish,chi,2001,8
PoweCa20,Carl Powell,chi,2001,2
PritSt00,Stanley Pritchett,chi,2001,0
RileKa20,Karon Riley,chi,2001,0
RobiBr20,Bryan Robinson,chi,2001,10
RobiMa00,Marcus Robinson,chi,2001,3
SamuKh20,Khari Samuel,chi,2001,0
ShelDa00,Daimon Shelton,chi,2001,1
TafoJo20,Joe Tafoya,chi,2001,0
TaylHe20,Henry Taylor,chi,2001,0
TerrDa00,David Terrell,chi,2001,4
ThomAn01,Anthony Thomas,chi,2001,10
TrayKe20,Keith Traylor,chi,2001,9
TuckRe20,Rex Tucker,chi,2001,8
UrlaBr00,Brian Urlacher,chi,2001,21
VillCh20,Chris Villarrial,chi,2001,8
WashTe01,Ted Washington,chi,2001,18
WhigLa00,Larry Whigham,chi,2001,4
WhitDe00,Dez White,chi,2001,4
WillJa03,James Williams,chi,2001,12
WuerDa00,Danny Wuerffel,chi,2001,0
AdamFl00,Flozell Adams,dal,2001,6
AdamKe20,Keith Adams,dal,2001,0
AlleLa00,Larry Allen,dal,2001,11
BellJa21,Jason Bell,dal,2001,1
BrooJa20,Jamal Brooks,dal,2001,2
CartQu00,Quincy Carter,dal,2001,3
ChevRa20,Randy Chevrier,dal,2001,0
ChiaDa00,Darrin Chiaverini,dal,2001,1
CoakDe00,Dexter Coakley,dal,2001,10
DennPa20,Pat Dennis,dal,2001,1
DixoTo20,Tony Dixon,dal,2001,1
DorsCh20,Char-ron Dorsey,dal,2001,1
EdwaMa20,Mario Edwards,dal,2001,7
EkubEb20,Ebenezer Ekuban,dal,2001,0
ElliGr20,Greg Ellis,dal,2001,8
EvanDe20,Demetric Evans,dal,2001,2
FricBe20,Ben Fricke,dal,2001,0
FrisBy20,Byron Frisch,dal,2001,1
GallJo00,Joey Galloway,dal,2001,6
GarmKe20,Kelvin Garmon,dal,2001,6
GibsAa20,Aaron Gibson,dal,2001,0
GranOr20,Orantes Grant,dal,2001,1
HambDa20,Darren Hambrick,dal,2001,2
HambTr00,Troy Hambrick,dal,2001,4
HarrJa00,Jackie Harris,dal,2001,1
HawtDu20,Duane Hawthorne,dal,2001,5
hilbejon01,Jon Hilbert,dal,2001,1
HuggJo00,Johnny Huggins,dal,2001,0
IsmaRa00,Rocket Ismail,dal,2001,7
knorrmic01,Micah Knorr,dal,2001,1
LarrKa20,Kareem Larrimore,dal,2001,1
LeafRy00,Ryan Leaf,dal,2001,1
LehrMa20,Matt Lehr,dal,2001,0
LuckMi00,Mike Lucky,dal,2001,1
MackLo20,Louis Mackey,dal,2001,0
McGaWa00,Wane McGarity,dal,2001,0
MissDw20,Dwayne Missouri,dal,2001,0
MyerMi20,Michael Myers,dal,2001,8
NguyDa20,Dat Nguyen,dal,2001,7
NixxJo20,John Nix,dal,2001,1
NoblBr20,Brandon Noble,dal,2001,8
PageSo20,Solomon Page,dal,2001,5
RambKe00,Ken-Yon Rambo,dal,2001,0
ReesIz20,Izell Reese,dal,2001,3
ScotLy20,Lynn Scott,dal,2001,1
sedertim01,Tim Seder,dal,2001,0
SmitEm00,Emmitt Smith,dal,2001,6
SolwMi20,Mike Solwold,dal,2001,0
SteeMa20,Markus Steele,dal,2001,5
StepMa00,Mark Stepnoski,dal,2001,6
StoeCl00,Clint Stoerner,dal,2001,1
SwinRe00,Reggie Swinton,dal,2001,2
TaylTo00,Tony Taylor,dal,2001,0
TeagGe20,George Teague,dal,2001,6
ThomRo02,Robert Thomas,dal,2001,0
UndeDi20,Dimitrius Underwood,dal,2001,0
WileMi00,Michael Wiley,dal,2001,2
WillRa01,Randal Williams,dal,2001,0
WithTe00,Terry Witherspoon,dal,2001,0
WoodDa01,Darren Woodson,dal,2001,7
WrigAn00,Anthony Wright,dal,2001,2
ZellPe20,Peppi Zellner,dal,2001,7
BarrDa22,David Barrett,crd,2001,4
BellMa20,Marcus Bell,crd,2001,1
BoruJa20,Jarvis Borum,crd,2001,1
BostDa00,David Boston,crd,2001,14
BoweAn20,Andy Bowers,crd,2001,0
BrowDa00,Dave Brown,crd,2001,0
BurkTo20,Tom Burke,crd,2001,4
BushSt00,Steve Bush,crd,2001,1
ChavCo00,Corey Chavous,crd,2001,5
ClemAn20,Anthony Clement,crd,2001,7
DaviLe21,Leonard Davis,crd,2001,7
DaviRu20,Russell Davis,crd,2001,7
DishCh20,Chris Dishman,crd,2001,3
FataMa20,Mario Fatafehi,crd,2001,1
FredRo20,Rob Fredrickson,crd,2001,6
GilmBr00,Bryan Gilmore,crd,2001,0
gramabil01,Bill Gramatica,crd,2001,3
GrutMi20,Mike Gruttadauria,crd,2001,7
HardTe00,Terry Hardy,crd,2001,1
HartLa20,Lawrence Hart,crd,2001,0
HillRe20,Renaldo Hill,crd,2001,1
IssaJa20,Jabari Issa,crd,2001,3
JackAr00,Arnold Jackson,crd,2001,0
JenkMa00,MarTay Jenkins,crd,2001,5
JoneTh00,Thomas Jones,crd,2001,4
JunkTr20,Trey Junkin,crd,2001,1
KendPe20,Pete Kendall,crd,2001,5
KnigTo20,Tom Knight,crd,2001,3
LassKw20,Kwamie Lassiter,crd,2001,8
LucaJu20,Justin Lucas,crd,2001,2
MakoJo00,Joel Makovicka,crd,2001,1
McKiDe00,Dennis McKinley,crd,2001,0
McKiRo21,Ronald McKinnon,crd,2001,8
MitcTy00,Tywan Mitchell,crd,2001,2
oglesced01,Cedric Oglesby,crd,2001,1
PittMi00,Michael Pittman,crd,2001,7
PlaySc20,Scott Player,crd,2001,2
PlumJa00,Jake Plummer,crd,2001,12
RhinCo20,Coby Rhinehart,crd,2001,1
RutlJo20,Johnny Rutledge,crd,2001,1
SandFr00,Frank Sanders,crd,2001,5
SanySe20,Sekou Sanyika,crd,2001,2
ScotYu20,Yusuf Scott,crd,2001,0
ShelL.20,L.J. Shelton,crd,2001,7
ShipMa00,Marcel Shipp,crd,2001,0
StanCh20,Chad Stanley,crd,2001,0
StarJa20,Jason Starkey,crd,2001,1
StonMi20,Michael Stone,crd,2001,0
TannBa20,Barron Tanner,crd,2001,6
ThomRa23,Raynoch Thompson,crd,2001,6
TillPa20,Pat Tillman,crd,2001,4
TosiMa20,Mao Tosi,crd,2001,1
VandKy99,Kyle Vanden Bosch,crd,2001,2
WakeFr00,Fred Wakefield,crd,2001,6
WalzZa20,Zack Walz,crd,2001,2
WilsAd99,Adrian Wilson,crd,2001,2
WoodLe21,LeVar Woods,crd,2001,1
BattPa00,Pat Batteaux,sdg,2001,0
BeckRo20,Rogers Beckett,sdg,2001,6
BennDa20,Darren Bennett,sdg,2001,2
BinnDa20,David Binn,sdg,2001,2
BreeDr00,Drew Brees,sdg,2001,1
CarsLe20,Leonardo Carson,sdg,2001,6
CarsRo20,Robert Carswell,sdg,2001,1
chrisste01,Steve Christie,sdg,2001,1
ClayCa20,Carey Clayton,sdg,2001,0
CodyTa20,Tay Cody,sdg,2001,4
ConwCu00,Curtis Conway,sdg,2001,10
DingAd20,Adrian Dingle,sdg,2001,1
DixoGe20,Gerald Dixon,sdg,2001,7
DwigTi00,Tim Dwight,sdg,2001,5
ElliEd20,Ed Ellis,sdg,2001,2
FletTe00,Terrell Fletcher,sdg,2001,2
FlutDo00,Doug Flutie,sdg,2001,11
FontAl20,Albert Fontenot,sdg,2001,2
GaylTr00,Trevor Gaylor,sdg,2001,2
GrahDe20,DeMingo Graham,sdg,2001,8
GrahJe00,Jeff Graham,sdg,2001,7
HarrDe00,Derrick Harris,sdg,2001,0
HarrLl20,Lloyd Harrison,sdg,2001,1
HarrRo01,Rodney Harrison,sdg,2001,7
HeidSt00,Steve Heiden,sdg,2001,0
HoleJo20,John Holecek,sdg,2001,1
HumpDe20,Deon Humphrey,sdg,2001,1
JacoKe20,Kendyl Jacox,sdg,2001,8
JenkRo00,Ronney Jenkins,sdg,2001,2
JohnRa22,Raylee Johnson,sdg,2001,8
JoneFr00,Freddie Jones,sdg,2001,3
JoneRe00,Reggie Jones,sdg,2001,0
KeatMi20,Michael Keathley,sdg,2001,1
McCrFr00,Fred McCrary,sdg,2001,1
McInDa20,Damion McIntosh,sdg,2001,7
McNeRy20,Ryan McNeil,sdg,2001,10
MilbGl00,Glyn Milburn,sdg,2001,0
MohrMi20,Mike Mohring,sdg,2001,1
MoldAl20,Alex Molden,sdg,2001,1
MoreZe20,Zeke Moreno,sdg,2001,1
ParkVa20,Vaughn Parker,sdg,2001,8
ParrJo20,John Parrella,sdg,2001,8
PerrJa21,Jason Perry,sdg,2001,3
PolkCa20,Carlos Polk,sdg,2001,0
richewad01,Wade Richey,sdg,2001,0
RogeSa20,Sam Rogers,sdg,2001,1
RounRa20,Raleigh Roundtree,sdg,2001,8
RuffOr20,Orlando Ruff,sdg,2001,6
SancDa20,Davis Sanchez,sdg,2001,1
SeauJu00,Junior Seau,sdg,2001,10
TanuMa20,Maa Tanuvasa,sdg,2001,0
TomlLa00,LaDainian Tomlinson,sdg,2001,10
TurnNa20,Nate Turner,sdg,2001,0
TurnSc20,Scott Turner,sdg,2001,0
WhitJo21,Josh Whitman,sdg,2001,0
WileMa00,Marcellus Wiley,sdg,2001,12
WillJa99,Jamal Williams,sdg,2001,1
AlexSh00,Shaun Alexander,sea,2001,11
BannAl00,Alex Bannister,sea,2001,0
BellMa21,Marcus Bell,sea,2001,1
BlacHa20,Harold Blackmon,sea,2001,0
BownFa00,Fabien Bownes,sea,2001,0
BrowCh04,Chad Brown,sea,2001,8
BrowJo20,Joe Brown,sea,2001,0
CharIk20,Ike Charlton,sea,2001,2
CochAn20,Antonio Cochran,sea,2001,3
DarcJe20,Jean-Phillipe Darche,sea,2001,2
DilfTr00,Trent Dilfer,sea,2001,3
EatoCh20,Chad Eaton,sea,2001,8
EngrBo00,Bobby Engram,sea,2001,3
EvanHe00,Heath Evans,sea,2001,0
FaurCh00,Christian Fauria,sea,2001,2
FeagJe20,Jeff Feagles,sea,2001,3
FullCu20,Curtis Fuller,sea,2001,1
GrahJa00,Jay Graham,sea,2001,0
GrayCh20,Chris Gray,sea,2001,7
HassMa00,Matt Hasselbeck,sea,2001,7
HillJo21,John Hilliard,sea,2001,4
HuarBr00,Brock Huard,sea,2001,0
HuffOr20,Orlando Huff,sea,2001,1
HutcSt00,Steve Hutchinson,sea,2001,7
JackDa00,Darrell Jackson,sea,2001,9
JoneWa00,Walter Jones,sea,2001,14
JoseKe20,Kerry Joseph,sea,2001,1
KacyIs20,Isaiah Kacyvenski,sea,2001,2
KellMa21,Maurice Kelly,sea,2001,1
KingLa20,Lamar King,sea,2001,4
KirkLe00,Levon Kirkland,sea,2001,7
LaBoMa20,Matt LaBounty,sea,2001,0
linderia01,Rian Lindell,sea,2001,2
LucaKe20,Ken Lucas,sea,2001,4
McInCh20,Chris McIntosh,sea,2001,2
MiliIt00,Itula Mili,sea,2001,1
MiraPa20,Paul Miranda,sea,2001,1
RandJo00,John Randle,sea,2001,10
RobeMa21,Marcus Robertson,sea,2001,5
RobiKo00,Koren Robinson,sea,2001,5
RogeCh00,Charlie Rogers,sea,2001,0
SimmAn20,Anthony Simmons,sea,2001,8
SincMi00,Michael Sinclair,sea,2001,7
SpriSh00,Shawn Springs,sea,2001,3
StroMa00,Mack Strong,sea,2001,2
TerrTi20,Tim Terry,sea,2001,1
TobeRo55,Robbie Tobeck,sea,2001,7
TongRe20,Reggie Tongue,sea,2001,7
WattRi00,Ricky Watters,sea,2001,3
WeddFl20,Floyd Wedderburn,sea,2001,1
WeinTo20,Todd Weiner,sea,2001,6
WillJa01,James Williams,sea,2001,2
WillWi21,Willie Williams,sea,2001,6
WomaFl20,Floyd Womack,sea,2001,0
WoodCe20,Cedric Woodard,sea,2001,1
AlexEl20,Elijah Alexander,rai,2001,5
AlleEr00,Eric Allen,rai,2001,7
ArmsTr00,Trace Armstrong,rai,2001,0
AshmDa20,Darryl Ashmore,rai,2001,2
BartEr20,Eric Barton,rai,2001,2
BiekGr20,Greg Biekert,rai,2001,7
BrigJe00,Jeremy Brigham,rai,2001,1
BrooBo21,Bobby Brooks,rai,2001,1
BrowTi00,Tim Brown,rai,2001,14
BryaTo20,Tony Bryant,rai,2001,7
ColeRo99,Roderick Coleman,rai,2001,4
CollMo20,Mo Collins,rai,2001,3
CoopCh20,Chris Cooper,rai,2001,2
CrocZa00,Zack Crockett,rai,2001,1
daluibra01,Brad Daluiso,rai,2001,0
DorsAn20,Anthony Dorsett,rai,2001,8
DunnDa00,David Dunn,rai,2001,0
FulcMo20,Mondriel Fulcher,rai,2001,0
GannRi00,Rich Gannon,rai,2001,16
GarnCh00,Charlie Garner,rai,2001,13
GibsDe21,Derrick Gibson,rai,2001,1
GrahAa20,Aaron Graham,rai,2001,1
GranDe20,DeLawrence Grant,rai,2001,0
HarrJo25,Johnnie Harris,rai,2001,3
HastJa00,James Hasty,rai,2001,0
IoanJu20,Junior Ioane,rai,2001,0
JackGr20,Grady Jackson,rai,2001,8
JameTo99,Tory James,rai,2001,3
janikseb01,Sebastian Janikowski,rai,2001,4
JennBr20,Brandon Jennings,rai,2001,1
JettJa00,James Jett,rai,2001,0
JohnEr21,Eric Johnson,rai,2001,0
JordRa00,Randy Jordan,rai,2001,1
KennLi00,Lincoln Kennedy,rai,2001,14
KirbTe00,Terry Kirby,rai,2001,2
KnigMa00,Marcus Knight,rai,2001,0
LechSh20,Shane Lechler,rai,2001,4
MickDa20,Darren Mickell,rai,2001,0
MiddFr20,Frank Middleton,rai,2001,6
MyleTo20,Toby Myles,rai,2001,0
PeetRo00,Rodney Peete,rai,2001,0
PopeMa20,Marquez Pope,rai,2001,5
PortJe00,Jerry Porter,rai,2001,2
RiceJe00,Jerry Rice,rai,2001,12
RitcJo00,Jon Ritchie,rai,2001,2
RobbBa00,Barret Robbins,rai,2001,1
RussDa00,Darrell Russell,rai,2001,4
SimsBa20,Barry Sims,rai,2001,9
SmitTr20,Travian Smith,rai,2001,3
StinMa20,Matt Stinchcomb,rai,2001,2
TaveJo21,Josh Taves,rai,2001,2
ThomWi00,William Thomas,rai,2001,8
TreuAd20,Adam Treu,rai,2001,8
TuiaMa00,Marques Tuiasosopo,rai,2001,0
UpshRe20,Regan Upshaw,rai,2001,7
WheaTy00,Tyrone Wheatley,rai,2001,3
WillJe00,Jermaine Williams,rai,2001,0
WillRo01,Roland Williams,rai,2001,3
WisnSt00,Steve Wisniewski,rai,2001,9
WoodCh00,Charles Woodson,rai,2001,10
