player_id,name,team,season,approximate_value
AlleJa22,Jared Allen,kan,2007,17
BaldJo99,Johnny Baldwin,kan,2007,0
BarkRa99,Rashad Barksdale,kan,2007,0
BattJa00,Jackie Battle,kan,2007,0
BellKe20,Kendrell Bell,kan,2007,1
BennMi00,Michael Bennett,kan,2007,1
BoonAl20,Alfonso Boone,kan,2007,7
BoweDw00,Dwayne Bowe,kan,2007,6
BracTy99,Tyron Brackenridge,kan,2007,2
carnejoh01,John Carney,kan,2007,1
ColqDu20,Dustin Colquitt,kan,2007,3
CroyBr00,Brodie Croyle,kan,2007,1
DarcJe20,Jean-Phillipe Darche,kan,2007,2
DrumEd00,Eddie Drummond,kan,2007,0
DunnJa00,Jason Dunn,kan,2007,0
EdwaDo20,Donnie Edwards,kan,2007,9
EdwaRo20,Ron Edwards,kan,2007,7
FoxxKe20,Keyaron Fox,kan,2007,1
GonzTo00,Tony Gonzalez,kan,2007,8
GrigBo20,Boomer Grigsby,kan,2007,1
HaliTa20,Tamba Hali,kan,2007,9
HarrGi00,Gilbert Harris,kan,2007,0
HarrNa20,Napoleon Harris,kan,2007,7
HarrNa98,Nate Harris,kan,2007,1
HolmPr00,Priest Holmes,kan,2007,1
HuarDa00,Damon Huard,kan,2007,5
JohnDe25,Derrick Johnson,kan,2007,9
JohnLa00,Larry Johnson,kan,2007,4
KennEd00,Eddie Kennison,kan,2007,1
KersWi20,William Kershaw,kan,2007,0
LawxTy00,Ty Law,kan,2007,6
McBrTu99,Turk McBride,kan,2007,2
McGrJo21,Jon McGraw,kan,2007,1
McInDa20,Damion McIntosh,kan,2007,4
MedlJu20,Justin Medlock,kan,2007,0
NiswRu20,Rudy Niswanger,kan,2007,1
PageJa20,Jarrad Page,kan,2007,7
ParkSa00,Samie Parker,kan,2007,2
PattDi20,Dimitri Patterson,kan,2007,1
PollBe20,Bernard Pollard,kan,2007,6
raynedav01,Dave Rayner,kan,2007,0
ReedJa21,James Reed,kan,2007,0
SappBe20,Benny Sapp,kan,2007,2
SippBo00,Bobby Sippio,kan,2007,0
SmitKh20,Khreem Smith,kan,2007,0
SmitKo00,Kolby Smith,kan,2007,3
StalTr20,Tre Stallings,kan,2007,0
SurtPa00,Patrick Surtain,kan,2007,7
SvitWi20,Will Svitek,kan,2007,2
TaylHe21,Herbert Taylor,kan,2007,0
TerrCh20,Chris Terry,kan,2007,3
ThigTy00,Tyler Thigpen,kan,2007,0
ThomPa20,Pat Thomas,kan,2007,0
TurlKy20,Kyle Turley,kan,2007,2
TyleTa99,Tank Tyler,kan,2007,2
WateBr55,Brian Waters,kan,2007,5
WebbJe00,Jeff Webb,kan,2007,2
WelbJo20,John Welbourn,kan,2007,5
WeslGr20,Greg Wesley,kan,2007,1
WiegCa20,Casey Wiegmann,kan,2007,5
WilkJi20,Jimmy Wilkerson,kan,2007,2
WilsKr00,Kris Wilson,kan,2007,1
AnguRi00,Richard Angulo,jax,2007,1
BarnKh20,Khalif Barnes,jax,2007,10
BrouJo00,John Broussard,jax,2007,2
carnejoh01,John Carney,jax,2007,1
CollRi20,Richard Collier,jax,2007,1
CoopMa21,Marquis Cooper,jax,2007,0
CordJo20,Jorge Cordova,jax,2007,0
CousTe20,Terry Cousin,jax,2007,2
DuraJu99,Justin Durant,jax,2007,4
EstaGr01,Greg Estandia,jax,2007,2
FudgJa20,Jamaal Fudge,jax,2007,1
GarrDa00,David Garrard,jax,2007,13
GlenAa00,Aaron Glenn,jax,2007,2
GrayQu00,Quinn Gray,jax,2007,5
HawkBr20,Brent Hawkins,jax,2007,2
HaywRe20,Reggie Hayward,jax,2007,5
HendJo99,John Henderson,jax,2007,7
IngrCl20,Clint Ingram,jax,2007,6
IwuhBr20,Brian Iwuh,jax,2007,2
JackGr20,Grady Jackson,jax,2007,1
JoneGr01,Greg Jones,jax,2007,2
JoneMa00,Matt Jones,jax,2007,4
DrewMa00,Maurice Jones-Drew,jax,2007,13
KnigSa00,Sammy Knight,jax,2007,7
LandDe99,Derek Landri,jax,2007,1
LewiMa00,Marcedes Lewis,jax,2007,5
ManuVi20,Vince Manuwai,jax,2007,10
MathRa99,Rashean Mathis,jax,2007,6
McCrBo20,Bobby McCray,jax,2007,4
McDaTo20,Tony McDaniel,jax,2007,0
MeesBr20,Brad Meester,jax,2007,8
MeieRo20,Rob Meier,jax,2007,5
MincJe99,Jeremy Mincey,jax,2007,1
NaeoCh20,Chris Naeole,jax,2007,6
NelsRe99,Reggie Nelson,jax,2007,7
NkanCh99,Chad Nkang,jax,2007,2
NormDe20,Dennis Norman,jax,2007,5
NortDe00,Dennis Northcutt,jax,2007,8
NwanUc20,Uche Nwaneri,jax,2007,2
OrrxSh20,Shantee Orr,jax,2007,0
OwenCh00,Chad Owens,jax,2007,0
OwenMo01,Montell Owens,jax,2007,0
PashTo20,Tony Pashos,jax,2007,10
PeteMi20,Mike Peterson,jax,2007,6
PettKe20,Kenneth Pettway,jax,2007,1
PodlAd20,Adam Podlesh,jax,2007,2
ReyeTu20,Tutan Reyes,jax,2007,0
scobejos01,Josh Scobee,jax,2007,2
SensGe20,Gerald Sensabaugh,jax,2007,1
SmitDa24,Daryl Smith,jax,2007,8
SmolIs00,Isaac Smolko,jax,2007,0
SpicPa20,Paul Spicer,jax,2007,7
StarSc20,Scott Starks,jax,2007,1
StroMa01,Marcus Stroud,jax,2007,5
TaylFr00,Fred Taylor,jax,2007,12
ThomPa20,Pat Thomas,jax,2007,1
ThomLa21,Lamont Thompson,jax,2007,0
ToefLa00,LaBrandon Toefield,jax,2007,0
WilfEr00,Ernest Wilford,jax,2007,7
WillBr22,Brian Williams,jax,2007,6
WillMa25,Maurice Williams,jax,2007,7
WillRe00,Reggie Williams,jax,2007,8
WrigGe00,George Wrighster,jax,2007,2
ZeleJo00,Joe Zelenka,jax,2007,1
AndeJa21,James Anderson,car,2007,1
BakeJa20,Jason Baker,car,2007,3
BeasJo99,Jon Beason,car,2007,8
BridJe20,Jeremy Bridges,car,2007,4
CarrDa00,David Carr,car,2007,2
CartDr00,Drew Carter,car,2007,4
ColbKe00,Keary Colbert,car,2007,3
CoopDe20,Deke Cooper,car,2007,7
CurrDo21,Donte Curry,car,2007,1
DaviTh20,Thomas Davis,car,2007,8
DelhJa00,Jake Delhomme,car,2007,2
DeLoCu20,Curtis DeLoatch,car,2007,0
DendPa20,Patrick Dendy,car,2007,1
DiggNa20,Na'il Diggs,car,2007,5
FaurCh00,Christian Fauria,car,2007,0
FostDe00,DeShaun Foster,car,2007,6
GambCh20,Chris Gamble,car,2007,5
GibsGa99,Gary Gibson,car,2007,0
GoinNi00,Nick Goings,car,2007,0
GrigOt99,Otis Grigsby,car,2007,0
GrosJo20,Jordan Gross,car,2007,6
HangGe20,Geoff Hangartner,car,2007,2
HarrCh20,Chris Harris,car,2007,7
HartJu20,Justin Hartwig,car,2007,6
HaynAl00,Alex Haynes,car,2007,0
HoovBr00,Brad Hoover,car,2007,1
JamiBr20,Brandon Jamison,car,2007,1
JarrDw00,Dwayne Jarrett,car,2007,1
JenkKr00,Kris Jenkins,car,2007,7
JohnCh98,Charles Johnson,car,2007,1
KaliRy20,Ryan Kalil,car,2007,1
kasayjoh01,John Kasay,car,2007,3
KemoMa20,Ma'ake Kemoeatu,car,2007,7
KingJe00,Jeff King,car,2007,3
KyleJa20,Jason Kyle,car,2007,1
LewiDa20,Damione Lewis,car,2007,3
LloyRh44,Rhys Lloyd,car,2007,0
LucaKe20,Ken Lucas,car,2007,8
ManuMa20,Marquand Manuel,car,2007,2
MarsRi20,Richard Marshall,car,2007,5
MathEv20,Evan Mathis,car,2007,0
McClSt20,Stanley McClover,car,2007,1
MoorMa01,Matt Moore,car,2007,2
MoorKi20,Kindal Moorehead,car,2007,2
MorgDa99,Dan Morgan,car,2007,1
PeppJu99,Julius Peppers,car,2007,7
RobiRy00,Ryne Robinson,car,2007,0
RosaDa00,Dante Rosario,car,2007,1
RuckMi20,Mike Rucker,car,2007,8
SewaAd20,Adam Seward,car,2007,1
ShawTi99,Tim Shaw,car,2007,1
SmitSt01,Steve Smith Sr.,car,2007,9
TealQu99,Quinton Teal,car,2007,1
TestVi00,Vinny Testaverde,car,2007,0
WahlMi55,Mike Wahle,car,2007,6
WeslDa20,Dante Wesley,car,2007,0
WharTr20,Travelle Wharton,car,2007,6
WillDe02,DeAngelo Williams,car,2007,6
WilsC.99,C.J. Wilson,car,2007,0
AndeMi00,Mike Anderson,rav,2007,1
BannJu20,Justin Bannan,rav,2007,2
BarnAn99,Antwan Barnes,rav,2007,1
BollKy00,Kyle Boller,rav,2007,4
BrowJa23,Jason Brown,rav,2007,6
BurgPr99,Prescott Burgess,rav,2007,0
ChesCh21,Chris Chester,rav,2007,3
ClayMa01,Mark Clayton,rav,2007,4
DarlDe00,Devard Darling,rav,2007,2
EdwaDw20,Dwan Edwards,rav,2007,6
FiguYa00,Yamon Figurs,rav,2007,2
FlynMi20,Mike Flynn,rav,2007,6
GaitJa20,Jared Gaither,rav,2007,1
GastWi99,Willie Gaston,rav,2007,1
GordAm20,Amon Gordon,rav,2007,0
GreeJu00,Justin Green,rav,2007,0
GregKe20,Kelly Gregg,rav,2007,8
GreiNi20,Nick Greisen,rav,2007,2
GrubBe20,Ben Grubbs,rav,2007,5
HaleDe20,Dennis Haley,rav,2007,0
HeapTo00,Todd Heap,rav,2007,2
IvyxCo20,Corey Ivy,rav,2007,5
JohnJa23,Jarret Johnson,rav,2007,6
JoneEd22,Edgar Jones,rav,2007,0
KatuMa20,Matt Katula,rav,2007,2
KochSa20,Sam Koch,rav,2007,2
KracMi20,Michael Kracalik,rav,2007,0
LandDa21,Dawan Landry,rav,2007,5
LewiRa00,Ray Lewis,rav,2007,9
LloyRh44,Rhys Lloyd,rav,2007,0
MartDe22,Derrick Martin,rav,2007,2
MasoDe00,Derrick Mason,rav,2007,8
McAlCh00,Chris McAlister,rav,2007,3
McClLe00,Le'Ron McClain,rav,2007,0
McCuRo20,Robert McCune,rav,2007,0
McGaWi00,Willis McGahee,rav,2007,8
McNaSt00,Steve McNair,rav,2007,1
NgatHa20,Haloti Ngata,rav,2007,7
NordJa00,Jake Nordin,rav,2007,0
OgdeJo00,Jonathan Ogden,rav,2007,5
ParkJV20,J'Vonne Parker,rav,2007,0
PittDa99,David Pittman,rav,2007,1
PrudRo20,Ronnie Prude,rav,2007,1
PrycTr00,Trevor Pryce,rav,2007,1
ReedEd00,Ed Reed,rav,2007,14
RollSa00,Samari Rolle,rav,2007,2
RossCo00,Cory Ross,rav,2007,0
SamsB.00,B.J. Sams,rav,2007,0
SappGe20,Gerome Sapp,rav,2007,1
ScotBa20,Bart Scott,rav,2007,6
SmitMu00,Musa Smith,rav,2007,3
SmitTr02,Troy Smith,rav,2007,1
StilGa00,Gary Stills,rav,2007,1
stovemat01,Matt Stover,rav,2007,3
SuggTe99,Terrell Suggs,rav,2007,6
SypnQu00,Quinn Sypniewski,rav,2007,2
TerrAd20,Adam Terry,rav,2007,4
VickLe00,Lee Vickers,rav,2007,0
WilcDa01,Daniel Wilcox,rav,2007,0
WillDe03,Demetrius Williams,rav,2007,2
WillMa00,Matt Willis,rav,2007,0
WinbJa21,Jamaine Winborne,rav,2007,1
YandMa20,Marshal Yanda,rav,2007,5
AikeSa00,Sam Aiken,buf,2007,0
AndeTi20,Tim Anderson,buf,2007,0
BryaCo99,Copeland Bryan,buf,2007,0
ButlBr20,Brad Butler,buf,2007,6
ButlJe20,Jerametrius Butler,buf,2007,1
ChamKi20,Kirk Chambers,buf,2007,1
CiesBr00,Brad Cieslak,buf,2007,0
CostBl20,Blake Costanzo,buf,2007,0
CrowAn20,Angelo Crowell,buf,2007,7
DennRy20,Ryan Denney,buf,2007,2
DiGiJo20,John DiGiorgio,buf,2007,7
DockDe20,Derrick Dockery,buf,2007,6
EdwaTr01,Trent Edwards,buf,2007,3
ElliKe20,Keith Ellison,buf,2007,4
EvanLe00,Lee Evans,buf,2007,6
EverKe00,Kevin Everett,buf,2007,0
FowlMe20,Melvin Fowler,buf,2007,6
FoxxDu20,Dustin Fox,buf,2007,0
GaddCh20,Christian Gaddis,buf,2007,0
GainMi00,Michael Gaines,buf,2007,2
GreeJa22,Jabari Greer,buf,2007,5
HaggMa20,Mario Haggan,buf,2007,1
HargAn20,Anthony Hargrove,buf,2007,1
HarrKe99,Kevin Harrison,buf,2007,0
JackFr02,Fred Jackson,buf,2007,3
JeffJa21,Jason Jefferson,buf,2007,1
JenkJu00,Justin Jenkins,buf,2007,0
JoexLe20,Leon Joe,buf,2007,1
KelsCh21,Chris Kelsay,buf,2007,7
LeonJi23,Jim Leonhard,buf,2007,3
linderia01,Rian Lindell,buf,2007,4
LosmJ.00,J.P. Losman,buf,2007,4
LyncMa00,Marshawn Lynch,buf,2007,7
MassTi20,Tim Massaquoi,buf,2007,0
McCaJo22,John McCargo,buf,2007,2
McGeTe99,Terrence McGee,buf,2007,7
MoorBr24,Brian Moorman,buf,2007,1
MurpMa00,Matt Murphy,buf,2007,0
NeilRy99,Ryan Neill,buf,2007,1
NeufRy00,Ryan Neufeld,buf,2007,0
ParrRo00,Roscoe Parrish,buf,2007,4
PeteJa21,Jason Peters,buf,2007,9
PoluPa99,Paul Posluszny,buf,2007,1
PoweEr99,Eric Powell,buf,2007,0
PresDu20,Duke Preston,buf,2007,1
PricPe00,Peerless Price,buf,2007,1
ReedJo01,Josh Reed,buf,2007,4
RoyaRo00,Robert Royal,buf,2007,2
SchoAa99,Aaron Schobel,buf,2007,10
SchoDe00,Derek Schouman,buf,2007,0
ScobJo00,Josh Scobey,buf,2007,0
ScotBr20,Bryan Scott,buf,2007,1
SimpKo20,Ko Simpson,buf,2007,0
StamJo20,Josh Stamer,buf,2007,1
ThomAn01,Anthony Thomas,buf,2007,1
ThomKi20,Kiwaukee Thomas,buf,2007,2
TripLa20,Larry Tripplett,buf,2007,7
WalkLa20,Langston Walker,buf,2007,6
WebsJa20,Jason Webster,buf,2007,0
WendJo99,John Wendling,buf,2007,1
WhitDo20,Donte Whitner,buf,2007,5
WhitJa22,Jason Whittle,buf,2007,0
WillKy20,Kyle Williams,buf,2007,7
WilsGe01,George Wilson,buf,2007,4
WireCo20,Coy Wire,buf,2007,1
WrigDw01,Dwayne Wright,buf,2007,1
YoubAs20,Ashton Youboty,buf,2007,2
AlliAu00,Aundrae Allison,min,2007,2
BirkMa00,Matt Birk,min,2007,8
BollBr00,Brooks Bollinger,min,2007,1
BolsCo99,Conrad Bolston,min,2007,0
CiurVi20,Vinny Ciurciu,min,2007,1
CookRy20,Ryan Cook,min,2007,6
DossMi20,Mike Doss,min,2007,1
DugaJe00,Jeff Dugan,min,2007,1
EdwaRa21,Ray Edwards,min,2007,6
EvanFr21,Fred Evans,min,2007,1
FarwHe20,Heath Farwell,min,2007,2
FergRo00,Robert Ferguson,min,2007,4
FramEr99,Eric Frampton,min,2007,1
GordCh20,Charles Gordon,min,2007,2
GreeCh99,Chad Greenway,min,2007,9
GrifCe20,Cedric Griffin,min,2007,6
GrigOt99,Otis Grigsby,min,2007,0
HendE.20,E.J. Henderson,min,2007,8
HerrAn20,Anthony Herrera,min,2007,5
HerrDa99,David Herron,min,2007,0
HickAr20,Artis Hicks,min,2007,2
HolcKe00,Kelly Holcomb,min,2007,2
HutcSt00,Steve Hutchinson,min,2007,11
JackTa00,Tarvaris Jackson,min,2007,7
JameEr20,Erasmus James,min,2007,1
JohnMa20,Marcus Johnson,min,2007,1
JohnSp20,Spencer Johnson,min,2007,2
KleiJi00,Jim Kleinsasser,min,2007,0
KluwCh20,Chris Kluwe,min,2007,3
LebeBe20,Ben Leber,min,2007,6
LoefCu20,Cullen Loeffler,min,2007,2
longwrya01,Ryan Longwell,min,2007,4
McCaMa99,Marcus McCauley,min,2007,3
McKiBr21,Bryant McKinnie,min,2007,6
MillGa01,Garrett Mills,min,2007,0
MitcJa20,Jayme Mitchell,min,2007,1
MoorMe00,Mewelde Moore,min,2007,1
PeteAd01,Adrian Peterson,min,2007,12
RiceSi01,Sidney Rice,min,2007,4
RichTo00,Tony Richardson,min,2007,1
RobiBr98,Brian Robison,min,2007,4
ScotDa20,Darrion Scott,min,2007,0
SharDa00,Darren Sharper,min,2007,11
ShiaVi00,Visanthe Shiancoe,min,2007,3
SmitDw20,Dwight Smith,min,2007,6
TahiNa00,Naufahu Tahi,min,2007,0
TaylCh01,Chester Taylor,min,2007,8
ThomDo21,Dontarrious Thomas,min,2007,1
UdezKe20,Kenechi Udeze,min,2007,7
WadeBo00,Bobby Wade,min,2007,6
WhitRo20,Ronyell Whitaker,min,2007,1
WillKe98,Kevin Williams,min,2007,16
WillPa20,Pat Williams,min,2007,13
WillTa20,Tank Williams,min,2007,1
WillTr01,Troy Williamson,min,2007,2
WinfAn20,Antoine Winfield,min,2007,4
AlamIk99,Ikaika Alama-Francis,det,2007,0
AlexGe99,Gerald Alexander,det,2007,6
AndeCo00,Courtney Anderson,det,2007,0
BackJe20,Jeff Backus,det,2007,8
BailBo20,Boss Bailey,det,2007,4
BashId20,Idrees Bashir,det,2007,1
BeckTo20,Tony Beckham,det,2007,0
BellTa00,Tatum Bell,det,2007,2
BlueGr20,Greg Blue,det,2007,0
BradJo20,Jon Bradley,det,2007,0
BryaFe20,Fernando Bryant,det,2007,5
CalhBr00,Brian Calhoun,det,2007,1
CampDa00,Dan Campbell,det,2007,0
CannAn20,Anthony Cannon,det,2007,1
CasoAv00,Aveion Cason,det,2007,1
CodySh20,Shaun Cody,det,2007,1
CurrDo21,Donte Curry,det,2007,0
DaviBu99,Buster Davis,det,2007,0
DeVrJa20,Jared DeVries,det,2007,5
DuckT.00,T.J. Duckett,det,2007,3
EdwaDo21,Dovonte Edwards,det,2007,0
EdwaKa20,Kalimba Edwards,det,2007,2
FishTr20,Travis Fisher,det,2007,5
FitzCa00,Casey Fitzsimmons,det,2007,2
FostGe20,George Foster,det,2007,5
FramEr99,Eric Frampton,det,2007,0
FurrMi00,Mike Furrey,det,2007,5
hansojas01,Jason Hanson,det,2007,3
HarrNi20,Nick Harris,det,2007,3
HickLa99,LaMarcus Hicks,det,2007,0
JohnCa00,Calvin Johnson,det,2007,6
JoneKe02,Kevin Jones,det,2007,5
KennKe21,Kenoy Kennedy,det,2007,5
KitnJo00,Jon Kitna,det,2007,12
LehmTe20,Teddy Lehman,det,2007,1
LenoPa20,Paris Lenon,det,2007,6
LewiAl20,Alex Lewis,det,2007,1
McDoSh00,Shaun McDonald,det,2007,8
McHuSe00,Sean McHugh,det,2007,2
MiddBr00,Brandon Middleton,det,2007,1
MoorLa20,Langston Moore,det,2007,1
MuhlDo20,Don Muhlbach,det,2007,2
MuliEd20,Edwin Mulitalo,det,2007,7
OSulJ.00,J.T. O'Sullivan,det,2007,0
OwenJo00,John Owens,det,2007,0
PeteSt20,Stephen Peterman,det,2007,6
RaioDo20,Dominic Raiola,det,2007,8
RamiMa20,Manuel Ramirez,det,2007,0
ReddCo20,Cory Redding,det,2007,6
RobiRa99,Ramzee Robinson,det,2007,0
RogeSh99,Shaun Rogers,det,2007,7
SaipBl20,Blaine Saipaia,det,2007,2
ScotJo22,Jonathan Scott,det,2007,2
SimsEr20,Ernie Sims,det,2007,6
SmitCo20,Corey Smith,det,2007,2
SmitKe20,Keith Smith,det,2007,2
SylvRu00,Rudy Sylvan,det,2007,0
WaltTr00,Troy Walters,det,2007,1
WhitDe20,Dewayne White,det,2007,6
WillRo04,Roy Williams,det,2007,7
WilsSt20,Stanley Wilson,det,2007,2
WoodDa20,Damien Woody,det,2007,4
AbraJo00,John Abraham,atl,2007,7
andermor01,Morten Andersen,atl,2007,3
AndeCo00,Courtney Anderson,atl,2007,0
AndeJa98,Jamaal Anderson,atl,2007,6
AndeTi20,Tim Anderson,atl,2007,0
BabiJo20,Jonathan Babineaux,atl,2007,5
BatiDA20,D'Anthony Batiste,atl,2007,2
BlakDw00,Dwayne Blakley,atl,2007,0
BlalJu20,Justin Blalock,atl,2007,5
BoleMi20,Michael Boley,atl,2007,7
BrooKe00,Keith Brooking,atl,2007,7
ClabTy20,Tyson Clabo,atl,2007,4
ColeRo99,Roderick Coleman,atl,2007,2
CrocCh20,Chris Crocker,atl,2007,6
CrumAl00,Alge Crumpler,atl,2007,3
DahlHa20,Harvey Dahl,atl,2007,0
DaviCh22,Chauncey Davis,atl,2007,2
DunnWa00,Warrick Dunn,atl,2007,4
FornKy20,Kynan Forney,atl,2007,5
FostRe20,Renardo Foster,atl,2007,1
GandWa20,Wayne Gandy,atl,2007,2
GrimBr20,Brent Grimes,atl,2007,0
HallDe99,DeAngelo Hall,atl,2007,7
HarrJo00,Joey Harrington,atl,2007,6
HarrAn98,Antoine Harris,atl,2007,1
HornJo00,Joe Horn,atl,2007,2
HousCh99,Chris Houston,atl,2007,5
HuntKe21,Kevin Huntley,atl,2007,0
IronDa99,David Irons,atl,2007,1
JackGr20,Grady Jackson,atl,2007,3
JenkMi00,Michael Jenkins,atl,2007,4
JennAd00,Adam Jennings,atl,2007,0
JoneDe20,Derrick Jones,atl,2007,0
koenemic01,Michael Koenen,atl,2007,2
LeftBy00,Byron Leftwich,atl,2007,1
LewiTr99,Trey Lewis,atl,2007,3
MaheJe20,Jesse Mahelona,atl,2007,0
MallJo20,Josh Mallard,atl,2007,0
McClTo20,Todd McClure,atl,2007,6
McInCo00,Corey McIntyre,atl,2007,0
MillLa00,Lawyer Milloy,atl,2007,6
MilnMa00,Martrez Milner,atl,2007,0
MughOv00,Ovie Mughelli,atl,2007,0
NichSt99,Stephen Nicholas,atl,2007,1
NorwJe00,Jerious Norwood,atl,2007,5
OjinQu20,Quinn Ojinnaka,atl,2007,3
PennTe20,Terrance Pennington,atl,2007,0
PinnAr00,Artose Pinner,atl,2007,0
PratMa20,Matt Prater,atl,2007,-1
RedmCh00,Chris Redman,atl,2007,3
RobiLa01,Laurent Robinson,atl,2007,3
SandLe20,Lewis Sanders,atl,2007,3
SchnMi20,Mike Schneck,atl,2007,2
SnelJa00,Jason Snelling,atl,2007,0
StanMo20,Montavious Stanley,atl,2007,4
StonDa99,Daren Stone,atl,2007,1
StutBo00,Boone Stutz,atl,2007,0
TaylTo99,Tony Taylor,atl,2007,1
WeemEr00,Eric Weems,atl,2007,0
WeinTo20,Todd Weiner,atl,2007,3
WhitRo00,Roddy White,atl,2007,9
WilkBe20,Ben Wilkerson,atl,2007,1
WilkMa20,Marcus Wilkins,atl,2007,1
WillDe22,Demorrio Williams,atl,2007,7
WillJi23,Jimmy Williams,atl,2007,2
WillTr98,Travis Williams,atl,2007,1
AlexEr20,Eric Alexander,nwe,2007,1
AndrWi20,Willie Andrews,nwe,2007,2
BakeRa21,Rashad Baker,nwe,2007,0
BradKy00,Kyle Brady,nwe,2007,1
BradTo00,Tom Brady,nwe,2007,23
BritWe20,Wesley Britt,nwe,2007,1
BrowCh04,Chad Brown,nwe,2007,0
BrowTr00,Troy Brown,nwe,2007,0
BrusTe99,Tedy Bruschi,nwe,2007,7
CassMa00,Matt Cassel,nwe,2007,0
ColvRo20,Rosevelt Colvin,nwe,2007,6
EckeKy00,Kyle Eckel,nwe,2007,1
EvanHe00,Heath Evans,nwe,2007,2
FaulKe00,Kevin Faulk,nwe,2007,8
GaffJa00,Jabar Gaffney,nwe,2007,6
GayxRa20,Randall Gay,nwe,2007,3
GostSt20,Stephen Gostkowski,nwe,2007,3
GreeJa21,Jarvis Green,nwe,2007,6
GutiMa00,Matt Gutierrez,nwe,2007,0
HansCh20,Chris Hanson,nwe,2007,2
HarrRo01,Rodney Harrison,nwe,2007,4
HobbEl20,Ellis Hobbs,nwe,2007,7
HochRu20,Russ Hochstein,nwe,2007,6
IzzoLa00,Larry Izzo,nwe,2007,1
JackCh00,Chad Jackson,nwe,2007,0
JackEd20,Eddie Jackson,nwe,2007,0
KaczNi20,Nick Kaczur,nwe,2007,10
KoppDa20,Dan Koppen,nwe,2007,16
LighMa20,Matt Light,nwe,2007,20
MankLo20,Logan Mankins,nwe,2007,17
MaroLa00,Laurence Maroney,nwe,2007,10
MaysCo20,Corey Mays,nwe,2007,0
MeriBr99,Brandon Meriweather,nwe,2007,1
MitcMe20,Mel Mitchell,nwe,2007,1
MoorRa21,Rashad Moore,nwe,2007,0
MorrSa00,Sammy Morris,nwe,2007,4
MossRa00,Randy Moss,nwe,2007,19
NealSt20,Steve Neal,nwe,2007,5
OCalRy20,Ryan O'Callaghan,nwe,2007,2
PaxtLo20,Lonie Paxton,nwe,2007,3
RiveMa00,Marcellus Rivers,nwe,2007,0
SamuAs20,Asante Samuel,nwe,2007,14
SandJa21,James Sanders,nwe,2007,5
SeauJu00,Junior Seau,nwe,2007,4
SeymRi00,Richard Seymour,nwe,2007,4
SmitLe20,Le Kevin Smith,nwe,2007,1
SpacSt00,Stephen Spach,nwe,2007,0
SpanAn20,Antwain Spann,nwe,2007,0
StalDo00,Donte' Stallworth,nwe,2007,9
ThomAd00,Adalius Thomas,nwe,2007,8
ThomDa02,David Thomas,nwe,2007,0
ThomSa99,Santonio Thomas,nwe,2007,0
VentRa20,Raymond Ventrone,nwe,2007,0
VrabMi20,Mike Vrabel,nwe,2007,15
WarrTy20,Ty Warren,nwe,2007,8
WashKe00,Kelley Washington,nwe,2007,0
WatsBe00,Ben Watson,nwe,2007,5
WelkWe00,Wes Welker,nwe,2007,16
WilfVi20,Vince Wilfork,nwe,2007,13
WilsEu20,Eugene Wilson,nwe,2007,3
WoodPi20,Pierre Woods,nwe,2007,1
WrigMi20,Mike Wright,nwe,2007,1
YateBi20,Billy Yates,nwe,2007,1
AlbrEt20,Ethan Albright,was,2007,5
AlexLo99,Lorenzo Alexander,was,2007,1
BettLa00,Ladell Betts,was,2007,3
BladH.99,H.B. Blades,was,2007,1
BoscRy20,Ryan Boschetti,was,2007,0
CaldRe00,Reche Caldwell,was,2007,1
CampJa00,Jason Campbell,was,2007,9
CampKh20,Khary Campbell,was,2007,2
CartAn20,Andre Carter,was,2007,9
CartRo01,Rock Cartwright,was,2007,0
CollTo00,Todd Collins,was,2007,2
CoolCh00,Chris Cooley,was,2007,7
DaniPh20,Phillip Daniels,was,2007,8
DeMuRi20,Rick DeMulling,was,2007,0
DougRe20,Reed Doughty,was,2007,3
EubaJo20,John Eubanks,was,2007,0
EvanDe20,Demetric Evans,was,2007,2
FabiJa20,Jason Fabini,was,2007,7
FarrJi00,Jimmy Farris,was,2007,0
FletLo20,London Fletcher,was,2007,10
FoxxVe20,Vernon Fox,was,2007,1
FrosDe20,Derrick Frost,was,2007,1
GodfRa20,Randall Godfrey,was,2007,2
GolsKe20,Kedric Golston,was,2007,2
GrifCo20,Cornelius Griffin,was,2007,8
HeyeSt20,Stephon Heyer,was,2007,3
JansJo20,Jon Jansen,was,2007,0
KendPe20,Pete Kendall,was,2007,8
KozlBr00,Brian Kozlowski,was,2007,0
LandLa99,LaRon Landry,was,2007,7
LloyBr00,Brandon Lloyd,was,2007,0
MackDa20,David Macklin,was,2007,0
McCaKe00,Keenan McCardell,was,2007,2
McInRo20,Rocky McIntosh,was,2007,7
MixxAn00,Anthony Mix,was,2007,0
MontAn20,Anthony Montgomery,was,2007,8
MossSa00,Santana Moss,was,2007,7
PortCl00,Clinton Portis,was,2007,11
PrioPi20,Pierson Prioleau,was,2007,2
PuciMi20,Mike Pucillo,was,2007,1
RabaCa20,Casey Rabach,was,2007,7
RandAn00,Antwaan Randle El,was,2007,6
RogeCa20,Carlos Rogers,was,2007,3
SamuCh00,Chris Samuels,was,2007,10
SellMi00,Mike Sellers,was,2007,1
SincMa99,Matt Sinclair,was,2007,0
SmooFr20,Fred Smoot,was,2007,5
SpriSh00,Shawn Springs,was,2007,7
StouOm20,Omar Stoutmire,was,2007,0
suishsha01,Shaun Suisham,was,2007,3
TaylSe20,Sean Taylor,was,2007,10
ThomRa21,Randy Thomas,was,2007,1
ThraJa00,James Thrash,was,2007,1
TorrLe20,Leigh Torrence,was,2007,1
WadeTo20,Todd Wade,was,2007,5
WashMa99,Marcus Washington,was,2007,5
WilsCh99,Chris Wilson,was,2007,2
YodeTo00,Todd Yoder,was,2007,1
AdamBl20,Blue Adams,cin,2007,1
AndeWi00,Willie Anderson,cin,2007,3
AndrSt21,Stacy Andrews,cin,2007,8
BrooAh21,Ahmad Brooks,cin,2007,1
BusiJo20,John Busing,cin,2007,1
ChatAn00,Antonio Chatman,cin,2007,1
CoatDa00,Daniel Coats,cin,2007,1
DawsCl00,Clifton Dawson,cin,2007,0
DorsDe00,De Dorsey,cin,2007,2
FaneJo20,Jonathan Fanene,cin,2007,1
FitzRy00,Ryan Fitzpatrick,cin,2007,0
FrazAn20,Andre Frazier,cin,2007,0
GeatRo21,Robert Geathers,cin,2007,7
GhiaEr20,Eric Ghiaciuc,cin,2007,7
grahasha01,Shayne Graham,cin,2007,4
GreeSk20,Skyler Green,cin,2007,0
HallLe98,Leon Hall,cin,2007,4
HenrCh00,Chris Henry,cin,2007,3
HoltGl00,Glenn Holt,cin,2007,2
HousTJ00,T.J. Houshmandzadeh,cin,2007,11
JackDe20,Dexter Jackson,cin,2007,5
JeanRa20,Rashad Jeanty,cin,2007,3
JohnCh01,Chad Johnson,cin,2007,14
JohnJe00,Jeremi Johnson,cin,2007,1
JohnLa20,Landon Johnson,cin,2007,7
JohnRu00,Rudi Johnson,cin,2007,5
JoneDa99,David Jones,cin,2007,0
JoneDh20,Dhani Jones,cin,2007,4
JoneHe21,Herana-Daze Jones,cin,2007,0
JoneLe23,Levi Jones,cin,2007,7
JoseJo20,Johnathan Joseph,cin,2007,6
KellRe00,Reggie Kelly,cin,2007,2
KooiSc20,Scott Kooistra,cin,2007,1
LarsKy20,Kyle Larson,cin,2007,2
LawrNa00,Nate Lawrie,cin,2007,0
MannRo21,Roy Manning,cin,2007,0
MarsLe20,Lemar Marshall,cin,2007,1
MaxwJi20,Jim Maxwell,cin,2007,0
MaxwMa00,Marcus Maxwell,cin,2007,0
MaysCo20,Corey Mays,cin,2007,1
MillCa20,Caleb Miller,cin,2007,1
MyerMi20,Michael Myers,cin,2007,2
NdukCh99,Nedu Ndukwe,cin,2007,2
ONeaDe00,Deltha O'Neal,cin,2007,3
PalmCa00,Carson Palmer,cin,2007,14
PekoDo20,Domata Peko,cin,2007,7
PerrTa00,Tab Perry,cin,2007,0
RatlKe20,Keiwan Ratliff,cin,2007,0
RobiBr20,Bryan Robinson,cin,2007,2
RuckFr99,Frostee Rucker,cin,2007,1
SantDa20,Dan Santucci,cin,2007,0
SchlAn20,Anthony Schlegel,cin,2007,2
SmitJu20,Justin Smith,cin,2007,7
StLoBr00,Brad St. Louis,cin,2007,1
StepAl20,Alex Stepanovich,cin,2007,3
ThorJo21,John Thornton,cin,2007,6
WatsKe00,Kenny Watson,cin,2007,9
WhitMa99,Marvin White,cin,2007,2
WhitAn20,Andrew Whitworth,cin,2007,9
WillBo21,Bobbie Williams,cin,2007,9
WillMa20,Madieu Williams,cin,2007,5
WilsQu00,Quincy Wilson,cin,2007,0
BarcCh00,Chris Barclay,nor,2007,0
BellJa22,Jay Bellamy,nor,2007,0
BoykMc99,McKinley Boykin,nor,2007,0
BranJa00,Jamaal Branch,nor,2007,0
BreeDr00,Drew Brees,nor,2007,14
BrowJa55,Jammal Brown,nor,2007,9
BullJo20,Josh Bullocks,nor,2007,5
BushRe00,Reggie Bush,nor,2007,8
BushJe20,Jermon Bushrod,nor,2007,0
ClanKe20,Kendrick Clancy,nor,2007,2
ColsMa00,Marques Colston,nor,2007,11
CoopJo20,Josh Cooper,nor,2007,2
CoppTe00,Terrance Copper,nor,2007,1
CrafJa20,Jason Craft,nor,2007,2
DaviJa20,Jason David,nor,2007,5
EvanJa21,Jahri Evans,nor,2007,9
EvanTr20,Troy Evans,nor,2007,1
FainJe20,Jeff Faine,nor,2007,8
FincAl20,Alfred Fincher,nor,2007,0
FujiSc20,Scott Fujita,nor,2007,7
GhenRo00,Ronnie Ghent,nor,2007,0
GoodJo23,Jonathan Goodwin,nor,2007,2
gramamar01,Martin Gramatica,nor,2007,1
GranCh21,Charles Grant,nor,2007,6
HarpRo21,Roman Harper,nor,2007,7
HendDe00,Devery Henderson,nor,2007,4
HousKe01,Kevin Houser,nor,2007,2
JohnEr00,Eric Johnson,nor,2007,3
KaesKe20,Kevin Kaesviharn,nor,2007,2
KarnMi00,Mike Karney,nor,2007,1
LakeAn20,Antwan Lake,nor,2007,3
marexoli01,Olindo Mare,nor,2007,1
MartJa00,Jamie Martin,nor,2007,0
McAlDe00,Deuce McAllister,nor,2007,1
McCoMa20,Matt McCoy,nor,2007,0
McKeMi20,Mike McKenzie,nor,2007,6
MillBi00,Billy Miller,nor,2007,3
MitcMa99,Marvin Mitchell,nor,2007,1
MoorLa00,Lance Moore,nor,2007,3
NesbJa20,Jamar Nesbit,nor,2007,9
OwenJo00,John Owens,nor,2007,0
PattDa00,David Patten,nor,2007,7
ReisCh99,Chris Reis,nor,2007,1
SavaJo20,Josh Savage,nor,2007,0
ShanSc20,Scott Shanle,nor,2007,5
SimmBr20,Brian Simmons,nor,2007,2
SimoMa20,Mark Simoneau,nor,2007,6
SmitWi99,Will Smith,nor,2007,8
StecAa00,Aaron Stecker,nor,2007,5
StinJo20,Jon Stinchcomb,nor,2007,9
StriZa20,Zach Strief,nor,2007,2
ThomFr20,Fred Thomas,nor,2007,0
ThomHo20,Hollis Thomas,nor,2007,6
ThomPi00,Pierre Thomas,nor,2007,3
WeatSt20,Steve Weatherford,nor,2007,2
WynnRe20,Renaldo Wynn,nor,2007,1
YounBr20,Brian Young,nor,2007,3
YounUs99,Usama Young,nor,2007,1
AlleLa00,Larry Allen,sfo,2007,5
BaasDa20,David Baas,sfo,2007,3
BajeBi00,Billy Bajema,sfo,2007,0
BantTu20,Tully Banta-Cain,sfo,2007,6
BattAr00,Arnaz Battle,sfo,2007,4
BrowTa99,Tarell Brown,sfo,2007,1
ClemNa99,Nate Clements,sfo,2007,7
DaviVe00,Vernon Davis,sfo,2007,4
DilfTr00,Trent Dilfer,sfo,2007,-2
DougMa20,Marques Douglas,sfo,2007,9
EstePa00,Patrick Estes,sfo,2007,0
FielRo20,Ronald Fields,sfo,2007,2
FranAu20,Aubrayo Franklin,sfo,2007,6
GilmBr00,Bryan Gilmore,sfo,2007,1
GoldDa99,Dashon Goldson,sfo,2007,1
GoreFr00,Frank Gore,sfo,2007,9
GreeRo20,Roderick Green,sfo,2007,1
HaraPa20,Parys Haralson,sfo,2007,5
HarrKw20,Kwame Harris,sfo,2007,1
HarrWa21,Walt Harris,sfo,2007,6
HeitEr20,Eric Heitmann,sfo,2007,5
HickMa00,Maurice Hicks,sfo,2007,1
HillJa00,Jason Hill,sfo,2007,0
HillSh00,Shaun Hill,sfo,2007,1
HudsMa20,Marcus Hudson,sfo,2007,1
JackDa00,Darrell Jackson,sfo,2007,4
JacoTa00,Taylor Jacobs,sfo,2007,0
JennBr00,Brian Jennings,sfo,2007,0
JennJo20,Jonas Jennings,sfo,2007,2
KeasZa20,Zak Keasey,sfo,2007,1
LawsMa20,Manny Lawson,sfo,2007,1
LeexAn20,Andy Lee,sfo,2007,4
LeliAs00,Ashley Lelie,sfo,2007,1
LewiKe20,Keith Lewis,sfo,2007,1
LewiMi00,Michael Lewis,sfo,2007,0
LewiMi99,Michael Lewis,sfo,2007,7
McDoRa99,Ray McDonald,sfo,2007,1
MoorBr22,Brandon Moore,sfo,2007,2
NaviHa20,Hannibal Navies,sfo,2007,1
nednejoe01,Joe Nedney,sfo,2007,4
NorrMo00,Moran Norris,sfo,2007,0
RobiMi00,Michael Robinson,sfo,2007,1
RomaMa20,Mark Roman,sfo,2007,7
SmilJu20,Justin Smiley,sfo,2007,3
SmitAl03,Alex Smith,sfo,2007,0
SmitDe21,Derek Smith,sfo,2007,7
SnydAd20,Adam Snyder,sfo,2007,4
SopoIs20,Isaac Sopoaga,sfo,2007,3
SpenSh20,Shawntae Spencer,sfo,2007,1
StalJo20,Joe Staley,sfo,2007,5
StriDo20,Donald Strickland,sfo,2007,2
UlbrJe20,Jeff Ulbrich,sfo,2007,3
WalkHu00,Delanie Walker,sfo,2007,1
WeinCh00,Chris Weinke,sfo,2007,0
WillBr01,Brandon Williams,sfo,2007,0
WillPa98,Patrick Willis,sfo,2007,17
WragTo20,Tony Wragge,sfo,2007,0
YounBr00,Bryant Young,sfo,2007,8
AdeyVi20,Victor Adeyanju,ram,2007,4
AlexRi00,Rich Alexis,ram,2007,0
AtogO.20,O.J. Atogwe,ram,2007,7
BarrAl20,Alex Barron,ram,2007,6
BartRo20,Ron Bartell,ram,2007,5
BassEr99,Eric Bassey,ram,2007,1
BennDr00,Drew Bennett,ram,2007,3
BerlBr00,Brock Berlin,ram,2007,0
BrowFa20,Fakhir Brown,ram,2007,5
BrowMi21,Milford Brown,ram,2007,5
BrucIs00,Isaac Bruce,ram,2007,5
BulgMa00,Marc Bulger,ram,2007,5
ByrdDo00,Dominique Byrd,ram,2007,0
CarrAd99,Adam Carriker,ram,2007,6
CartJe20,Jerome Carter,ram,2007,1
ChavCo00,Corey Chavous,ram,2007,5
ChilBr20,Brandon Chillar,ram,2007,6
CulbQu99,Quinton Culberson,ram,2007,1
DrafCh20,Chris Draft,ram,2007,3
FrerGu00,Gus Frerotte,ram,2007,-2
FryxDu20,Dustin Fry,ram,2007,0
GlovLa00,La'Roi Glover,ram,2007,6
GoldAd20,Adam Goldberg,ram,2007,1
GoriBr20,Brandon Gorin,ram,2007,3
HagaMa00,Marques Hagans,ram,2007,1
HallDa00,Dante Hall,ram,2007,1
HallJa21,James Hall,ram,2007,6
HedgMa00,Madison Hedgecock,ram,2007,0
HillTy20,Tye Hill,ram,2007,2
HoltTo00,Torry Holt,ram,2007,8
IncoRi20,Richie Incognito,ram,2007,1
JackSt00,Steven Jackson,ram,2007,8
JohnTo20,Todd Johnson,ram,2007,3
JohnTr21,Trevor Johnson,ram,2007,1
JoneDo21,Donnie Jones,ram,2007,4
JuexBh20,Bhawoh Jue,ram,2007,0
KlopJo00,Joe Klopfenstein,ram,2007,0
LeckNi20,Nick Leckey,ram,2007,1
LeonBr00,Brian Leonard,ram,2007,3
LittLe00,Leonard Little,ram,2007,3
LookDa00,Dane Looker,ram,2007,0
MassCh00,Chris Massey,ram,2007,2
McCoAn20,Andy McCollum,ram,2007,4
McGaTi99,Tim McGarigle,ram,2007,1
McMiRa01,Randy McMichael,ram,2007,3
MillHa99,Hanik Milligan,ram,2007,1
MinoTr00,Travis Minor,ram,2007,1
MoorEr21,Eric Moore,ram,2007,1
OwenRi00,Richard Owens,ram,2007,0
PaceOr00,Orlando Pace,ram,2007,0
PetiRo20,Rob Petitti,ram,2007,1
PittAn00,Antonio Pittman,ram,2007,1
RombBr20,Brett Romberg,ram,2007,3
RyanCl99,Clifton Ryan,ram,2007,2
SettMa20,Mark Setterstrom,ram,2007,1
SmitRa20,Raonall Smith,ram,2007,0
StanDe00,Derek Stanley,ram,2007,0
SteuTo00,Todd Steussie,ram,2007,2
TaylTr01,Travis Taylor,ram,2007,0
TerrCl20,Claude Terrell,ram,2007,1
TinoPi20,Pisa Tinoisamoa,ram,2007,4
VinnDa99,Darius Vinnett,ram,2007,0
WadeJo99,Jonathan Wade,ram,2007,1
WalkAa00,Aaron Walker,ram,2007,0
WallLe20,Lenny Walls,ram,2007,1
wilkijef01,Jeff Wilkins,ram,2007,2
WillBr01,Brandon Williams,ram,2007,0
WithWi20,Will Witherspoon,ram,2007,7
WrotCl20,Claude Wroten,ram,2007,1
AlfoJa99,Jay Alford,nyg,2007,1
AwasAd20,Adrian Awasom,nyg,2007,0
BlacCh21,Chase Blackburn,nyg,2007,2
BootKe20,Kevin Boothe,nyg,2007,0
BossKe00,Kevin Boss,nyg,2007,1
BradAh00,Ahmad Bradshaw,nyg,2007,1
BurrPl00,Plaxico Burress,nyg,2007,10
ButlJa20,James Butler,nyg,2007,5
CofiBa20,Barry Cofield,nyg,2007,7
DahlCr99,Craig Dahl,nyg,2007,1
DaniTo20,Torrance Daniels,nyg,2007,0
DaviRu20,Russell Davis,nyg,2007,1
DeOsZa99,Zak DeOssie,nyg,2007,1
DiehDa21,David Diehl,nyg,2007,8
DockKe20,Kevin Dockery,nyg,2007,3
DougRo00,Robert Douglas,nyg,2007,0
DrouRe00,Reuben Droughns,nyg,2007,2
FeagJe20,Jeff Feagles,nyg,2007,1
HedgMa00,Madison Hedgecock,nyg,2007,0
HixoDo00,Domenik Hixon,nyg,2007,1
JacoBr00,Brandon Jacobs,nyg,2007,9
JohnMi99,Michael Johnson,nyg,2007,3
KiwaMa20,Mathias Kiwanuka,nyg,2007,4
KoetAd20,Adam Koets,nyg,2007,0
LoreJa00,Jared Lorenzen,nyg,2007,0
MadiSa00,Sam Madison,nyg,2007,7
MannEl00,Eli Manning,nyg,2007,10
MattMi00,Michael Matthews,nyg,2007,0
McKeKa20,Kareem McKenzie,nyg,2007,8
McQuR.20,R.W. McQuarters,nyg,2007,2
MitcKa20,Kawika Mitchell,nyg,2007,9
MixxAn00,Anthony Mix,nyg,2007,0
MossSi00,Sinorice Moss,nyg,2007,2
OHarSh20,Shaun O'Hara,nyg,2007,8
PassPa00,Patrick Pass,nyg,2007,0
PierAn20,Antonio Pierce,nyg,2007,8
PopeGe20,Geoffrey Pope,nyg,2007,0
RobbFr20,Fred Robbins,nyg,2007,7
RossAa99,Aaron Ross,nyg,2007,5
RuegGr20,Grey Ruegamer,nyg,2007,1
SeubRi20,Rich Seubert,nyg,2007,8
ShocJe00,Jeremy Shockey,nyg,2007,6
SmitSt02,Steve Smith,nyg,2007,1
SneeCh20,Chris Snee,nyg,2007,8
StraMi02,Michael Strahan,nyg,2007,8
TollDa99,Dave Tollefson,nyg,2007,0
ToomAm00,Amani Toomer,nyg,2007,7
TorbRe20,Reggie Torbor,nyg,2007,3
TuckJu20,Justin Tuck,nyg,2007,4
tyneslaw01,Lawrence Tynes,nyg,2007,2
TyreDa00,David Tyree,nyg,2007,0
UmenOs99,Osi Umenyiora,nyg,2007,12
WardDe01,Derrick Ward,nyg,2007,6
WareDa00,Danny Ware,nyg,2007,0
WebsCo20,Corey Webster,nyg,2007,3
WhimGu20,Guy Whimper,nyg,2007,1
WilkGe20,Gerris Wilkinson,nyg,2007,1
WilsGi20,Gibril Wilson,nyg,2007,6
WrigAn00,Anthony Wright,nyg,2007,0
WrigMa20,Manuel Wright,nyg,2007,0
AbduHa20,Hamza Abdullah,den,2007,3
AdamSa00,Sam Adams,den,2007,3
AlexP.20,P.J. Alexander,den,2007,1
BailCh00,Champ Bailey,den,2007,12
BeckJo20,Jordan Beck,den,2007,1
BellMi00,Mike Bell,den,2007,0
BlyxDr00,Dre' Bly,den,2007,7
BurtAn20,Antwon Burton,den,2007,0
CargSt20,Steve Cargile,den,2007,1
ClarBr00,Brian Clark,den,2007,0
CoxxCu20,Curome Cox,den,2007,1
CrowTi99,Tim Crowder,den,2007,2
CutlJa00,Jay Cutler,den,2007,12
DumeEl20,Elvis Dumervil,den,2007,7
elamxjas01,Jason Elam,den,2007,4
EngeJo20,John Engelberger,den,2007,5
ErnsPa20,Paul Ernster,den,2007,0
FergNi20,Nick Ferguson,den,2007,3
FoxwDo20,Domonique Foxworth,den,2007,2
GoldIa00,Ian Gold,den,2007,5
GordAm20,Amon Gordon,den,2007,1
GrahDa00,Daniel Graham,den,2007,2
GreeLo20,Louis Green,den,2007,1
HallAn01,Andre Hall,den,2007,2
HarrRy20,Ryan Harris,den,2007,1
HarrSt99,Steven Harris,den,2007,0
HenrTr00,Travis Henry,den,2007,5
HixoDo00,Domenik Hixon,den,2007,0
HollMo20,Montrae Holland,den,2007,9
JackNa00,Nate Jackson,den,2007,0
JacoTa00,Taylor Jacobs,den,2007,0
JohnKy00,Kyle Johnson,den,2007,0
KupeCh20,Chris Kuper,den,2007,6
LeacMi00,Mike Leach,den,2007,0
LepsMa20,Matt Lepsis,den,2007,9
LewiD.21,D.D. Lewis,den,2007,0
LyncJo00,John Lynch,den,2007,6
MallJo20,Josh Mallard,den,2007,1
MarsBr00,Brandon Marshall,den,2007,12
MartGl00,Glenn Martinez,den,2007,3
McKiAl20,Alvin McKinley,den,2007,3
MossJa99,Jarvis Moss,den,2007,1
MustCh00,Chad Mustard,den,2007,1
MyerCh20,Chris Myers,den,2007,9
NaleTo00,Tom Nalen,den,2007,3
PaulSa20,Sam Paulescu,den,2007,0
PaymKa20,Karl Paymah,den,2007,2
PearEr20,Erik Pears,den,2007,9
PeteKe21,Kenny Peterson,den,2007,1
PratMa20,Matt Prater,den,2007,0
RamsPa00,Patrick Ramsey,den,2007,1
RiceSi00,Simeon Rice,den,2007,1
RogeRo99,Roderick Rogers,den,2007,0
SappCe00,Cecil Sapp,den,2007,1
SaueTo20,Todd Sauerbrun,den,2007,2
ScheTo00,Tony Scheffler,den,2007,5
ShoaJe20,Jeff Shoate,den,2007,0
SmitPa00,Paul Smith,den,2007,0
StokBr00,Brandon Stokley,den,2007,6
ThomMa99,Marcus Thomas,den,2007,3
WalkJa00,Javon Walker,den,2007,3
WebsNa20,Nate Webster,den,2007,5
WillD.20,D.J. Williams,den,2007,7
WinbJa20,Jamie Winborn,den,2007,2
YounSe00,Selvin Young,den,2007,7
AdamKe20,Keith Adams,cle,2007,0
AdamMi21,Mike Adams,cle,2007,1
AlixCh00,Charles Ali,cle,2007,0
AndeDe00,Derek Anderson,cle,2007,14
BockCo20,Colby Bockwoldt,cle,2007,0
BoddLe20,Leigh Bodden,cle,2007,7
CartTi00,Tim Carter,cle,2007,1
CribJo01,Josh Cribbs,cle,2007,4
DaviAn20,Andra Davis,cle,2007,5
dawsophi01,Phil Dawson,cle,2007,3
DinkDa00,Darnell Dinkins,cle,2007,0
DorsNa20,Nat Dorsey,cle,2007,0
EdwaBr00,Braylon Edwards,cle,2007,13
ErnsPa20,Paul Ernster,cle,2007,0
FralHa20,Hank Fraley,cle,2007,8
FrasSi20,Simon Fraser,cle,2007,2
FrieLe20,Lennie Friedman,cle,2007,1
FryeCh00,Charlie Frye,cle,2007,0
GrifKr20,Kris Griffin,cle,2007,1
HamiBo20,Bobby Hamilton,cle,2007,0
HarrJe00,Jerome Harrison,cle,2007,1
HeidSt00,Steve Heiden,cle,2007,1
HollDa22,Daven Holly,cle,2007,3
JackDQ20,D'Qwell Jackson,cle,2007,6
JoneSe20,Sean Jones,cle,2007,6
JureJo00,Joe Jurevicius,cle,2007,6
KellEt20,Ethan Kelley,cle,2007,3
LeonLo99,Louis Leonard,cle,2007,0
LewiJa00,Jamal Lewis,cle,2007,12
McDoBr99,Brandon McDonald,cle,2007,2
McGiWi00,Willie McGinest,cle,2007,5
McKiSe20,Seth McKinney,cle,2007,4
McMiDa20,David McMillan,cle,2007,1
PeekAn20,Antwan Peek,cle,2007,3
PlaySc20,Scott Player,cle,2007,1
PontRy20,Ryan Pontbriand,cle,2007,5
PoolBr20,Brodney Pool,cle,2007,6
QuinBr00,Brady Quinn,cle,2007,0
RoyeOr20,Orpheus Roye,cle,2007,3
ShafKe20,Kevin Shaffer,cle,2007,8
SmitRo21,Robaire Smith,cle,2007,7
SmitSh20,Shaun Smith,cle,2007,6
SoreNi20,Nick Sorensen,cle,2007,0
SteiEr20,Eric Steinbach,cle,2007,8
ThomJo28,Joe Thomas,cle,2007,11
ThomCh23,Chaun Thompson,cle,2007,1
TuckRy20,Ryan Tucker,cle,2007,5
VickLa00,Lawrence Vickers,cle,2007,1
WashTe01,Ted Washington,cle,2007,1
WillLe20,Leon Williams,cle,2007,5
WimbKa20,Kamerion Wimbley,cle,2007,6
WinsKe01,Kellen Winslow,cle,2007,11
WrigEr99,Eric Wright,cle,2007,5
WrigJa01,Jason Wright,cle,2007,4
WrigKe20,Kenny Wright,cle,2007,1
ZastDa20,Dave Zastudil,cle,2007,1
AddaJo00,Joseph Addai,clt,2007,14
ArchBr99,Brandon Archer,clt,2007,1
AromDe00,Devin Aromashodu,clt,2007,1
BethAn20,Antoine Bethea,clt,2007,9
BoimRo20,Rocky Boiman,clt,2007,4
BracGa20,Gary Brackett,clt,2007,9
BrocRa20,Raheem Brock,clt,2007,6
BullMe99,Melvin Bullitt,clt,2007,1
CharJe99,Jeff Charleston,clt,2007,2
ClarDa00,Dallas Clark,clt,2007,8
CoexMi99,Michael Coe,clt,2007,1
CondBr99,Brannon Condren,clt,2007,1
DawsCl00,Clifton Dawson,clt,2007,1
DawsKe99,Keyunta Dawson,clt,2007,4
DiemRy20,Ryan Diem,clt,2007,6
FedeDa20,Daniel Federkeil,clt,2007,1
FletBr00,Bryan Fletcher,clt,2007,2
FreeDw00,Dwight Freeney,clt,2007,4
GandDy20,Dylan Gandy,clt,2007,2
GiorMa20,Matt Giordano,clt,2007,3
GonzAn00,Anthony Gonzalez,clt,2007,7
GuzmRa99,Ramon Guzman,clt,2007,2
HaglTy20,Tyjuan Hagler,clt,2007,4
HallRo02,Roy Hall,clt,2007,0
HarrMa00,Marvin Harrison,clt,2007,3
HaydKe20,Kelvin Hayden,clt,2007,8
HillCo21,Corey Hilliard,clt,2007,0
HughDa99,Dante Hughes,clt,2007,1
JackMa22,Marlin Jackson,clt,2007,8
JennTi20,Tim Jennings,clt,2007,2
JohnCh23,Charlie Johnson,clt,2007,7
JohnEd99,Edward Johnson,clt,2007,7
KeiaFr20,Freddy Keiaho,clt,2007,5
KeitKe00,Kenton Keith,clt,2007,6
KlecDa20,Dan Klecko,clt,2007,1
LawtLu00,Luke Lawton,clt,2007,0
LiljRy20,Ryan Lilja,clt,2007,10
MannPe00,Peyton Manning,clt,2007,17
MathRo20,Robert Mathis,clt,2007,6
MoorAa00,Aaron Moorehead,clt,2007,1
MorrRo20,Rob Morris,clt,2007,1
PitcQu99,Quinn Pitcock,clt,2007,1
RatlKe20,Keiwan Ratliff,clt,2007,0
ReidDa20,Darrell Reid,clt,2007,3
RiceSi00,Simeon Rice,clt,2007,0
RushT.20,T.J. Rushing,clt,2007,2
SandBo99,Bob Sanders,clt,2007,15
SatuJe55,Jeff Saturday,clt,2007,19
ScotJa21,Jake Scott,clt,2007,10
SessCl99,Clint Session,clt,2007,2
SmitHu21,Hunter Smith,clt,2007,2
SnowJu00,Justin Snow,clt,2007,0
SorgJi00,Jim Sorgi,clt,2007,1
ThomJo25,Josh Thomas,clt,2007,4
ThorCr00,Craphonso Thorpe,clt,2007,1
ToudMi20,Michael Toudouze,clt,2007,0
UgohTo20,Tony Ugoh,clt,2007,7
UtecBe00,Ben Utecht,clt,2007,4
vinatada01,Adam Vinatieri,clt,2007,1
WaynRe00,Reggie Wayne,clt,2007,19
WorsVi99,Victor Worsley,clt,2007,0
AllrCo99,Colin Allred,oti,2007,0
AmanEu20,Eugene Amano,oti,2007,3
AmatKe20,Ken Amato,oti,2007,1
BarcCh00,Chris Barclay,oti,2007,0
BellJa20,Jacob Bell,oti,2007,7
bironrob01,Rob Bironas,oti,2007,5
BrowCh03,Chris Brown,oti,2007,4
BrowTo25,Tony Brown,oti,2007,8
BullKe00,Keith Bulluck,oti,2007,9
CainJe20,Jeremy Cain,oti,2007,1
CollKe00,Kerry Collins,oti,2007,2
ConoSe20,Sean Conover,oti,2007,0
CordJo20,Jorge Cordova,oti,2007,0
CramCa00,Casey Cramer,oti,2007,0
DaviCh02,Chris Davis,oti,2007,0
EalyBi00,Biren Ealy,oti,2007,0
FinnCo20,Cortland Finnegan,oti,2007,6
FishBr20,Bryce Fisher,oti,2007,1
FowlRy20,Ryan Fowler,oti,2007,6
FullVi20,Vincent Fuller,oti,2007,2
GageJu00,Justin Gage,oti,2007,7
GantQu00,Quinton Ganther,oti,2007,0
GardGi20,Gilbert Gardner,oti,2007,1
GrifMi99,Michael Griffin,oti,2007,5
HallAh00,Ahmard Hall,oti,2007,1
HarpNi20,Nick Harper,oti,2007,6
HarrLe21,Leroy Harris,oti,2007,0
HartBe00,Ben Hartsock,oti,2007,1
HaynAl20,Albert Haynesworth,oti,2007,15
HenrCh01,Chris Henry,oti,2007,1
hentrcra01,Craig Hentrich,oti,2007,2
HernKe20,Kelly Herndon,oti,2007,0
HillRe21,Reynaldo Hill,oti,2007,2
HopeCh21,Chris Hope,oti,2007,5
IwuoCh20,Chidi Iwuoma,oti,2007,0
JoneBr02,Brandon Jones,oti,2007,2
KingEr20,Eric King,oti,2007,1
LaBoTr20,Travis LaBoy,oti,2007,2
LopeDa20,Daniel Loper,oti,2007,1
LowrCa20,Calvin Lowry,oti,2007,5
MawaKe00,Kevin Mawae,oti,2007,6
MillJo25,Josh Miller,oti,2007,0
MoulEr00,Eric Moulds,oti,2007,3
NickDo20,Donnie Nickey,oti,2007,1
OdomAn20,Antwan Odom,oti,2007,8
OlsoBe20,Benji Olson,oti,2007,6
PetrJa20,Jamie Petrowski,oti,2007,0
RoosMi20,Michael Roos,oti,2007,7
ScaiBo00,Bo Scaife,oti,2007,4
ScanRi20,Rich Scanlon,oti,2007,1
SimoCo00,Corey Simon,oti,2007,0
StarRa20,Randy Starks,oti,2007,3
StewDa21,David Stewart,oti,2007,7
ThorDa20,David Thornton,oti,2007,9
TrouBe00,Ben Troupe,oti,2007,0
TullSt20,Stephen Tulloch,oti,2007,2
VandKy99,Kyle Vanden Bosch,oti,2007,12
VealDe20,Demetrin Veal,oti,2007,0
VickKe99,Kevin Vickerson,oti,2007,0
WhitLe01,LenDale White,oti,2007,7
WillMi03,Mike Williams,oti,2007,0
WillRo05,Roydell Williams,oti,2007,6
WoodLe21,LeVar Woods,oti,2007,1
YounVi00,Vince Young,oti,2007,9
BakeCh00,Chris Baker,nyj,2007,3
BarnDa00,Darian Barnes,nyj,2007,0
BarrDa22,David Barrett,nyj,2007,4
BartEr20,Eric Barton,nyj,2007,6
BendJa20,Jacob Bender,nyj,2007,0
BoweDa20,David Bowens,nyj,2007,2
BrowKa99,Kareem Brown,nyj,2007,0
ChatMa20,Matt Chatham,nyj,2007,1
ClarAd20,Adrien Clarke,nyj,2007,6
ClemKe00,Kellen Clemens,nyj,2007,3
ClemAn20,Anthony Clement,nyj,2007,7
ColeDr20,Drew Coleman,nyj,2007,1
ColeEr21,Erik Coleman,nyj,2007,2
ColeKe20,Kenyon Coleman,nyj,2007,7
ColeLa00,Laveranues Coles,nyj,2007,5
CotcJe00,Jerricho Cotchery,nyj,2007,9
DaviCh03,Chris Davis,nyj,2007,0
DearJa00,James Dearth,nyj,2007,0
DeViMi99,Mike DeVito,nyj,2007,1
DysoAn20,Andre Dyson,nyj,2007,1
ElamAb20,Abram Elam,nyj,2007,3
ElliSh00,Shaun Ellis,nyj,2007,7
FergDB20,D'Brickashaw Ferguson,nyj,2007,7
GrahBe20,Ben Graham,nyj,2007,2
HarrDa99,David Harris,nyj,2007,6
HickEr20,Eric Hicks,nyj,2007,1
HobsVi20,Victor Hobson,nyj,2007,6
JoneAd20,Adrian Jones,nyj,2007,0
JoneTh00,Thomas Jones,nyj,2007,7
KapiJe20,Jeremy Kapinos,nyj,2007,0
KassBr20,Brad Kassell,nyj,2007,1
KowaJo00,Joe Kowalewski,nyj,2007,0
MangNi20,Nick Mangold,nyj,2007,7
McCaJu00,Justin McCareins,nyj,2007,2
MillJu99,Justin Miller,nyj,2007,0
MontWi20,Will Montgomery,nyj,2007,1
MoorBr20,Brandon Moore,nyj,2007,7
MoslC.20,C.J. Mosley,nyj,2007,2
MurrMa99,Marques Murrell,nyj,2007,0
nugenmik01,Mike Nugent,nyj,2007,2
OldeCl20,Clint Oldenburg,nyj,2007,0
PennCh01,Chad Pennington,nyj,2007,5
PociJa00,Jason Pociask,nyj,2007,0
PoteHa20,Hank Poteat,nyj,2007,4
PouhSi20,Sione Pouha,nyj,2007,2
ReviDa99,Darrelle Revis,nyj,2007,7
RhodKe20,Kerry Rhodes,nyj,2007,8
RobeDe20,Dewayne Robertson,nyj,2007,7
RyanSe00,Sean Ryan,nyj,2007,0
SmitBr01,Brad Smith,nyj,2007,3
SmitEr22,Eric Smith,nyj,2007,2
SmitWa21,Wade Smith,nyj,2007,1
SpenCo20,Cody Spencer,nyj,2007,0
ThomBr21,Bryan Thomas,nyj,2007,6
TrusJa99,Jason Trusnik,nyj,2007,0
TurnRo22,Robert Turner,nyj,2007,0
TuttSt00,Stacy Tutt,nyj,2007,0
VilmJo99,Jonathan Vilma,nyj,2007,3
WashLe00,Leon Washington,nyj,2007,7
WashRa20,Rashad Washington,nyj,2007,1
WrigWa00,Wallace Wright,nyj,2007,1
AndeCh21,Charlie Anderson,htx,2007,3
AndeDa01,David Anderson,htx,2007,1
BarbSh20,Shawn Barber,htx,2007,0
BennFr99,Fred Bennett,htx,2007,3
BlacJo20,Jordan Black,htx,2007,1
BoulMi20,Michael Boulware,htx,2007,1
BrisMi20,Mike Brisiel,htx,2007,2
BrowC.20,C.C. Brown,htx,2007,5
brownkri01,Kris Brown,htx,2007,4
BrueMa00,Mark Bruener,htx,2007,0
BulmTi20,Tim Bulman,htx,2007,0
ButlRa20,Rashad Butler,htx,2007,1
ClarDa21,Danny Clark,htx,2007,3
CochEa20,Earl Cochran,htx,2007,2
CookJa00,Jameel Cook,htx,2007,1
CoxxCu20,Curome Cox,htx,2007,0
DaniOw00,Owen Daniels,htx,2007,7
DaviAn01,Andre' Davis,htx,2007,9
DaynRo00,Ron Dayne,htx,2007,7
DempWi20,Will Demps,htx,2007,3
DileZa99,Zach Diles,htx,2007,1
DreeJo00,Joel Dreessen,htx,2007,1
EcheAd00,Adimchinobe Echemandu,htx,2007,1
FaggDe20,Demarcus Faggins,htx,2007,3
FlanMi00,Mike Flanagan,htx,2007,7
FletJa20,Jamar Fletcher,htx,2007,1
GadoSa00,Samkon Gado,htx,2007,1
GreeAh00,Ahman Green,htx,2007,3
GreeMo20,Morlon Greenwood,htx,2007,6
HodgDr20,Drew Hodgdon,htx,2007,0
HutcVo20,Von Hutchins,htx,2007,4
JohnAn02,Andre Johnson,htx,2007,8
JohnTr20,Travis Johnson,htx,2007,5
JoneJa03,Jacoby Jones,htx,2007,1
KaluN.20,N.D. Kalu,htx,2007,1
KersWi20,William Kershaw,htx,2007,0
KillCe20,Cedric Killings,htx,2007,0
LeacVo00,Vonta Leach,htx,2007,1
MaddAn20,Anthony Maddox,htx,2007,2
MathJe00,Jerome Mathis,htx,2007,1
McKiSt20,Steve McKinney,htx,2007,2
OkoyAm99,Amobi Okoye,htx,2007,5
OrrxSh20,Shantee Orr,htx,2007,1
PittBr20,Bryan Pittman,htx,2007,2
PittCh20,Chester Pitts,htx,2007,9
PutzJe00,Jeb Putzier,htx,2007,0
RobiDu20,Dunta Robinson,htx,2007,3
RoseSa00,Sage Rosenfels,htx,2007,6
RyanDe20,DeMeco Ryans,htx,2007,10
SalaEp20,Ephraim Salaam,htx,2007,9
SchaMa00,Matt Schaub,htx,2007,8
SimmJa20,Jason Simmons,htx,2007,0
StudKa20,Kasey Studdard,htx,2007,0
TurkMa20,Matt Turk,htx,2007,2
WalkDa00,Darius Walker,htx,2007,3
WaltKe00,Kevin Walter,htx,2007,8
WearFr21,Fred Weary,htx,2007,7
WeavAn20,Anthony Weaver,htx,2007,5
WhitCh22,Chris White,htx,2007,1
WillHa20,Harry Williams,htx,2007,0
WillMa22,Mario Williams,htx,2007,11
WinsEr20,Eric Winston,htx,2007,9
WynnDe20,Dexter Wynn,htx,2007,1
ZgonJe20,Jeff Zgonina,htx,2007,1
AdamGa99,Gaines Adams,tam,2007,6
AlleWi21,Will Allen,tam,2007,2
AskeB.00,B.J. Askew,tam,2007,2
BarbRo00,Ronde Barber,tam,2007,10
BechAn00,Anthony Becht,tam,2007,0
BennMi00,Michael Bennett,tam,2007,2
BidwJo20,Josh Bidwell,tam,2007,2
BlacQu99,Quincy Black,tam,2007,1
BrooDe00,Derrick Brooks,tam,2007,9
bryanmat01,Matt Bryant,tam,2007,3
BuchPh20,Phillip Buchanon,tam,2007,7
CartKe00,Kevin Carter,tam,2007,8
ChukPa20,Patrick Chukwurah,tam,2007,1
ClarBr00,Brian Clark,tam,2007,0
ClayMi00,Michael Clayton,tam,2007,3
CoxxTo21,Torrie Cox,tam,2007,0
CrocZa00,Zack Crockett,tam,2007,0
DarbKe00,Kenneth Darby,tam,2007,0
DaviAn24,Anthony Davis,tam,2007,1
DaviSa21,Sammy Davis,tam,2007,1
EconAn20,Andrew Economos,tam,2007,3
GallJo00,Joey Galloway,tam,2007,9
GarcJe00,Jeff Garcia,tam,2007,9
GateLi00,Lionel Gates,tam,2007,0
GessCh00,Chas Gessner,tam,2007,0
GradBr00,Bruce Gradkowski,tam,2007,1
GrahEa00,Earnest Graham,tam,2007,9
HayeJo20,Jovan Haye,tam,2007,11
HaywAd98,Adam Hayward,tam,2007,1
HeinKe00,Keith Heinrich,tam,2007,0
HillIk00,Ike Hilliard,tam,2007,7
HovaCh20,Chris Hovan,tam,2007,9
JackTa99,Tanard Jackson,tam,2007,9
JoneMa01,Mark Jones,tam,2007,0
JoseDa20,Davin Joseph,tam,2007,8
JuneCa99,Cato June,tam,2007,8
KellBr21,Brian Kelly,tam,2007,3
LehrMa20,Matt Lehr,tam,2007,1
LucaCh00,Chad Lucas,tam,2007,1
McCoLu00,Luke McCown,tam,2007,4
NeceRy20,Ryan Nece,tam,2007,1
NichDo20,Donte Nicholson,tam,2007,0
PearKa20,Kalvin Pearson,tam,2007,2
PennDo20,Donald Penn,tam,2007,6
PeteGr99,Greg Peterson,tam,2007,2
PetiLu20,Luke Petitgout,tam,2007,2
PhilJe20,Jermaine Phillips,tam,2007,8
PiscSa99,Sabby Piscitelli,tam,2007,1
PittMi00,Michael Pittman,tam,2007,4
RuudBa20,Barrett Ruud,tam,2007,10
SearAr20,Arron Sears,tam,2007,8
SimsRy20,Ryan Sims,tam,2007,1
SmitAl02,Alex Smith,tam,2007,4
SpirGr20,Greg Spires,tam,2007,5
SpurMi00,Micheal Spurlock,tam,2007,1
StevJe00,Jerramy Stevens,tam,2007,2
StorBy00,Byron Storer,tam,2007,0
StovMa00,Maurice Stovall,tam,2007,1
TrotJe00,Jeremiah Trotter,tam,2007,1
TrueJe20,Jeremy Trueblood,tam,2007,8
WadeJo20,John Wade,tam,2007,8
WhitGr99,Stylez G. White,tam,2007,3
WillCa02,Cadillac Williams,tam,2007,2
AlabAn20,Anthony Alabi,mia,2007,1
AlleJa23,Jason Allen,mia,2007,3
AlleWi20,Will Allen,mia,2007,4
BeckJo00,John Beck,mia,2007,2
BellYe20,Yeremiah Bell,mia,2007,0
BookLo00,Lorenzo Booker,mia,2007,3
BookMa00,Marty Booker,mia,2007,5
BrowRo05,Ronnie Brown,mia,2007,7
BryaCo98,Courtney Bryan,mia,2007,1
BryaAn20,Anthony Bryant,mia,2007,0
CamaGr00,Greg Camarillo,mia,2007,1
CareVe20,Vernon Carey,mia,2007,7
ChamCh00,Chris Chambers,mia,2007,3
ChatJe00,Jesse Chatman,mia,2007,5
CobbPa00,Patrick Cobbs,mia,2007,0
CrowCh20,Channing Crowder,mia,2007,4
DaniTr20,Travis Daniels,mia,2007,2
DariDo20,Donovin Darius,mia,2007,1
DennJo20,John Denney,mia,2007,2
feelyjay01,Jay Feely,mia,2007,4
FielBr20,Brandon Fields,mia,2007,2
FifiSt99,Steve Fifita,mia,2007,1
GadoSa00,Samkon Gado,mia,2007,1
GbajAk20,Akbar Gbaja-Biamila,mia,2007,0
GinnTe00,Ted Ginn Jr.,mia,2007,4
GoodAn20,Andre' Goodman,mia,2007,2
GreeTr00,Trent Green,mia,2007,3
HadnRe20,Rex Hadnot,mia,2007,7
HagaDe00,Derek Hagan,mia,2007,3
HaltAa00,Aaron Halterman,mia,2007,0
HarrTu20,Tuff Harris,mia,2007,0
HillRe20,Renaldo Hill,mia,2007,2
HollVo20,Vonnie Holliday,mia,2007,4
LehaMi20,Michael Lehan,mia,2007,4
LekkCo20,Cory Lekkerkerker,mia,2007,2
LemoCl00,Cleo Lemon,mia,2007,5
LiwiCh20,Chris Liwienski,mia,2007,6
MartDa00,David Martin,mia,2007,2
MauiRe00,Reagan Maui'a,mia,2007,0
MileEd99,Edmond Miles,mia,2007,1
MoseQu99,Quentin Moses,mia,2007,1
MrucGe20,Gene Mruczkowski,mia,2007,1
NinkRo20,Rob Ninkovich,mia,2007,0
PageCh99,Chase Page,mia,2007,0
PeelJu00,Justin Peelle,mia,2007,2
PerrJe20,Jereme Perry,mia,2007,0
PopeDe20,Derrick Pope,mia,2007,4
PortJo00,Joey Porter,mia,2007,6
ReedKe00,Kerry Reed,mia,2007,0
RobiDe21,Derreck Robinson,mia,2007,0
RothMa20,Matt Roth,mia,2007,4
SateSa20,Samson Satele,mia,2007,7
SchuLa00,Lance Schulters,mia,2007,1
ShelL.20,L.J. Shelton,mia,2007,7
SmitKe97,Kelvin Smith,mia,2007,0
SoliPa99,Paul Soliai,mia,2007,0
SpraDo20,Donnie Spragan,mia,2007,2
TaylJa03,Jason Taylor,mia,2007,9
ThomZa01,Zach Thomas,mia,2007,2
ThomLa21,Lamont Thompson,mia,2007,0
TillTr20,Travares Tillman,mia,2007,0
TrayKe20,Keith Traylor,mia,2007,5
WashMa98,Mark Washington,mia,2007,0
WillRi00,Ricky Williams,mia,2007,0
WorrCa20,Cameron Worrell,mia,2007,2
WrigRo99,Rodrique Wright,mia,2007,4
BatcCh00,Charlie Batch,pit,2007,1
CartTy20,Tyrone Carter,pit,2007,3
ClarRy20,Ryan Clark,pit,2007,3
ColcRi20,Ricardo Colclough,pit,2007,0
ColoWi20,Willie Colon,pit,2007,8
CoopMa21,Marquis Cooper,pit,2007,0
DaveNa00,Najeh Davenport,pit,2007,6
DaviCa00,Carey Davis,pit,2007,1
DekkJo00,John Dekker,pit,2007,0
EasoNi20,Nick Eason,pit,2007,2
EsseTr20,Trai Essex,pit,2007,0
FaneAl00,Alan Faneca,pit,2007,16
FarrJa99,James Farrior,pit,2007,8
FootLa20,Larry Foote,pit,2007,8
FrazAn20,Andre Frazier,pit,2007,1
GayxWi99,William Gay,pit,2007,1
HaggCl20,Clark Haggans,pit,2007,8
HampCa00,Casey Hampton,pit,2007,9
HarrAr21,Arnold Harrison,pit,2007,1
HarrJa23,James Harrison,pit,2007,14
HaynVe00,Verron Haynes,pit,2007,0
HokeCh20,Chris Hoke,pit,2007,2
HolmSa00,Santonio Holmes,pit,2007,11
KeisBr20,Brett Keisel,pit,2007,7
KemoCh20,Chris Kemoeatu,pit,2007,1
KirsTr20,Travis Kirschke,pit,2007,4
KreiDa00,Dan Kreider,pit,2007,0
KrieCl20,Clint Kriewaldt,pit,2007,1
MadiAn20,Anthony Madison,pit,2007,1
MahaSe20,Sean Mahan,pit,2007,8
MasoGr99,Grant Mason,pit,2007,0
McBeRy99,Ryan McBean,pit,2007,0
McFaBr20,Bryant McFadden,pit,2007,2
MillHe00,Heath Miller,pit,2007,6
ParkWi00,Willie Parker,pit,2007,13
PolaTr99,Troy Polamalu,pit,2007,10
reedxjef01,Jeff Reed,pit,2007,4
ReidWi00,Willie Reid,pit,2007,1
RoetBe00,Ben Roethlisberger,pit,2007,14
RossAl99,Allen Rossum,pit,2007,2
RussGa00,Gary Russell,pit,2007,0
SepuDa20,Daniel Sepulveda,pit,2007,2
SimmKe20,Kendall Simmons,pit,2007,8
SmitAa99,Aaron Smith,pit,2007,6
SmitAn21,Anthony Smith,pit,2007,5
SmitMa55,Marvel Smith,pit,2007,6
SpaeMa00,Matt Spaeth,pit,2007,0
StarMa21,Max Starks,pit,2007,3
TaylIk20,Ike Taylor,pit,2007,8
TimmLa99,Lawrence Timmons,pit,2007,2
TownDe20,Deshea Townsend,pit,2007,7
TumaJe00,Jerame Tuman,pit,2007,0
WardHi00,Hines Ward,pit,2007,8
WarrGr20,Greg Warren,pit,2007,3
WashNa00,Nate Washington,pit,2007,5
WilsCe00,Cedrick Wilson,pit,2007,3
WoodLa99,LaMarr Woodley,pit,2007,1
AbiaVi99,Victor Abiamiri,phi,2007,1
akersdav01,David Akers,phi,2007,2
AndrSh55,Shawn Andrews,phi,2007,9
AvanJa00,Jason Avant,phi,2007,2
BaskHa00,Hank Baskett,phi,2007,1
BradSt99,Stewart Bradley,phi,2007,2
BrowRe01,Reggie Brown,phi,2007,7
BrowSh20,Sheldon Brown,phi,2007,7
BuckCo00,Correll Buckhalter,phi,2007,3
BunkBr20,Brodrick Bunkley,phi,2007,8
CeleBr00,Brent Celek,phi,2007,2
ColeNi20,Nick Cole,phi,2007,2
ColeTr20,Trent Cole,phi,2007,13
ConsSe20,Sean Considine,phi,2007,4
CurtKe00,Kevin Curtis,phi,2007,9
DawkBr00,Brian Dawkins,phi,2007,4
DoreJo20,Jon Dorenbos,phi,2007,2
FeelA.00,A.J. Feeley,phi,2007,2
GaitOm20,Omar Gaither,phi,2007,8
GaspMi00,Michael Gasperson,phi,2007,0
GocoCh99,Chris Gocong,phi,2007,6
GrahNi99,Nick Graham,phi,2007,1
HansJo20,Joselio Hanson,phi,2007,3
HerrTo20,Todd Herremans,phi,2007,7
HowaDa21,Darren Howard,phi,2007,2
HuntTo01,Tony Hunt,phi,2007,0
JackJa21,Jamaal Jackson,phi,2007,8
JeanMa20,Max Jean-Gilles,phi,2007,1
JordAk99,Akeem Jordan,phi,2007,1
JustWi20,Winston Justice,phi,2007,1
KearJe00,Jevon Kearse,phi,2007,5
KolbKe00,Kevin Kolb,phi,2007,0
LewiGr01,Greg Lewis,phi,2007,2
MaheRe00,Reno Mahe,phi,2007,0
McCoMa20,Matt McCoy,phi,2007,1
McNaDo00,Donovan McNabb,phi,2007,12
MikeQu20,Quintin Mikell,phi,2007,5
ThomJu20,Juqua Parker,phi,2007,6
PascMa99,Marcus Paschal,phi,2007,0
PattMi20,Mike Patterson,phi,2007,9
PeteWi20,Will Peterson,phi,2007,3
RamsLa20,LaJuan Ramsey,phi,2007,1
ReagMo20,Montae Reagor,phi,2007,1
ReedJ.20,J.R. Reed,phi,2007,2
RoccSa20,Saverio Rocca,phi,2007,2
RunyJo20,Jon Runyan,phi,2007,8
SchoMa00,Matt Schobel,phi,2007,1
ShepLi99,Lito Sheppard,phi,2007,5
SmitL.00,L.J. Smith,phi,2007,2
SpikTa00,Takeo Spikes,phi,2007,7
TapeTh00,Thomas Tapeh,phi,2007,1
ThomTr00,Tra Thomas,phi,2007,7
TogaPa99,Pago Togafau,phi,2007,1
vonOKi20,Kimo von Oelhoffen,phi,2007,1
WestBr00,Brian Westbrook,phi,2007,15
YounSc20,Scott Young,phi,2007,0
BarbAl20,Allen Barbre,gnb,2007,1
BarnNi20,Nick Barnett,gnb,2007,13
BigbAt20,Atari Bigby,gnb,2007,7
BishDe99,Desmond Bishop,gnb,2007,1
BlacWi20,Will Blackmon,gnb,2007,2
BodiSh00,Shaun Bodiford,gnb,2007,0
BolsCo99,Conrad Bolston,gnb,2007,0
BushJa20,Jarrett Bush,gnb,2007,1
ClifCh20,Chad Clifton,gnb,2007,12
ColeCo20,Colin Cole,gnb,2007,1
CollDa20,Daryn Colledge,gnb,2007,8
CollNi20,Nick Collins,gnb,2007,5
CostJu20,Junius Coston,gnb,2007,5
CrosMa20,Mason Crosby,gnb,2007,3
DaviRo20,Rob Davis,gnb,2007,2
DrivDo00,Donald Driver,gnb,2007,10
FavrBr00,Brett Favre,gnb,2007,14
FranCh00,Chris Francies,gnb,2007,0
FranBu00,Bubba Franks,gnb,2007,1
GbajKa20,Kabeer Gbaja-Biamila,gnb,2007,3
GranRy00,Ryan Grant,gnb,2007,8
HallKo99,Korey Hall,gnb,2007,0
HarrJu99,Justin Harrell,gnb,2007,1
HarrAl21,Al Harris,gnb,2007,12
HawkA.20,A.J. Hawk,gnb,2007,8
HoliCa00,Carlyle Holiday,gnb,2007,0
HuntJa24,Jason Hunter,gnb,2007,1
JackBr00,Brandon Jackson,gnb,2007,3
JenkCu20,Cullen Jenkins,gnb,2007,7
JennGr00,Greg Jennings,gnb,2007,9
JollJo20,Johnny Jolly,gnb,2007,4
JoneJa04,James Jones,gnb,2007,7
KampAa99,Aaron Kampman,gnb,2007,13
KrauRy00,Ryan Krause,gnb,2007,0
KuhnJo00,John Kuhn,gnb,2007,0
LeexDo00,Donald Lee,gnb,2007,6
MartRu00,Ruvell Martin,gnb,2007,2
MollTo20,Tony Moll,gnb,2007,2
MontMi20,Mike Montgomery,gnb,2007,1
MoreVe00,Vernand Morency,gnb,2007,3
MuirDa20,Daniel Muir,gnb,2007,0
NallCr00,Craig Nall,gnb,2007,0
PalmTo21,Tony Palmer,gnb,2007,0
PeprCh20,Charlie Peprah,gnb,2007,1
PickRy20,Ryan Pickett,gnb,2007,6
PoppBr20,Brady Poppinga,gnb,2007,7
RobiKo00,Koren Robinson,gnb,2007,2
RodgAa00,Aaron Rodgers,gnb,2007,1
RousAa99,Aaron Rouse,gnb,2007,2
RyanJo21,Jon Ryan,gnb,2007,2
SpitJa20,Jason Spitz,gnb,2007,7
TausMa20,Mark Tauscher,gnb,2007,9
WalkFr20,Frank Walker,gnb,2007,1
WellSc20,Scott Wells,gnb,2007,8
WhitTr20,Tracy White,gnb,2007,2
WillCo21,Corey Williams,gnb,2007,5
WillTr99,Tramon Williams,gnb,2007,2
WoodCh00,Charles Woodson,gnb,2007,7
WynnDe00,DeShawn Wynn,gnb,2007,2
AdamAn20,Anthony Adams,chi,2007,5
AndeMa21,Mark Anderson,chi,2007,7
ArchAd20,Adam Archuleta,chi,2007,4
AyanBr99,Brendon Ayanbadejo,chi,2007,4
BeekJo20,Josh Beekman,chi,2007,0
BensCe00,Cedric Benson,chi,2007,5
BerrBe00,Bernard Berrian,chi,2007,6
BradMa00,Mark Bradley,chi,2007,0
BrigLa99,Lance Briggs,chi,2007,10
BrowAl20,Alex Brown,chi,2007,4
BrowMi99,Mike Brown,chi,2007,1
BrowRu00,Ruben Brown,chi,2007,3
ClarDe00,Desmond Clark,chi,2007,4
DaviRa00,Rashied Davis,chi,2007,2
DvorDu99,Dusty Dvoracek,chi,2007,0
GaraAn20,Antonio Garay,chi,2007,1
GarzRo20,Roberto Garza,chi,2007,6
GattJo99,Josh Gattis,chi,2007,0
GilmJo00,John Gilmore,chi,2007,0
gouldrob01,Robbie Gould,chi,2007,4
GrahCo99,Corey Graham,chi,2007,1
GrieBr00,Brian Griese,chi,2007,4
GrosRe00,Rex Grossman,chi,2007,3
HarrTo99,Tommie Harris,chi,2007,10
HassMi00,Mike Hass,chi,2007,0
HestDe99,Devin Hester,chi,2007,8
HillHu20,Hunter Hillenmeyer,chi,2007,7
IdonIs20,Israel Idonije,chi,2007,3
JimoAd20,Ade Jimoh,chi,2007,0
JohnDi20,Dirk Johnson,chi,2007,0
KennJi21,Jimmy Kennedy,chi,2007,0
KreuOl00,Olin Kreutz,chi,2007,6
MannPa20,Patrick Mannelly,chi,2007,1
MannDa21,Danieal Manning,chi,2007,6
MannRi20,Ricky Manning,chi,2007,3
MaynBr20,Brad Maynard,chi,2007,1
McBrTr99,Trumaine McBride,chi,2007,4
McClDa21,Darrell McClover,chi,2007,0
McGoBr21,Brandon McGowan,chi,2007,4
McKiJa00,Jason McKie,chi,2007,0
MetcTe20,Terrence Metcalf,chi,2007,3
MillFr21,Fred Miller,chi,2007,6
MuhaMu00,Muhsin Muhammad,chi,2007,4
OaklAn20,Anthony Oakley,chi,2007,0
OgunAd00,Adewale Ogunleye,chi,2007,10
OlseGr00,Greg Olsen,chi,2007,3
OrtoKy00,Kyle Orton,chi,2007,1
OshiBa20,Babatunde Oshinowo,chi,2007,0
PaynKe99,Kevin Payne,chi,2007,0
PeteAd00,Adrian Peterson,chi,2007,6
PoliLo00,Lousaka Polite,chi,2007,0
RoacNi99,Nick Roach,chi,2007,0
St.CJo20,John St. Clair,chi,2007,3
TaitJo20,John Tait,chi,2007,6
TillCh20,Charles Tillman,chi,2007,6
ToeaMa99,Matt Toeaina,chi,2007,0
UrlaBr00,Brian Urlacher,chi,2007,11
VashNa99,Nathan Vasher,chi,2007,1
WalkDa21,Darwin Walker,chi,2007,4
WillJa21,Jamar Williams,chi,2007,2
WilsRo20,Rod Wilson,chi,2007,2
WolfGa00,Garrett Wolfe,chi,2007,1
AdamFl00,Flozell Adams,dal,2007,13
AndeDe01,Deon Anderson,dal,2007,1
AustMi00,Miles Austin,dal,2007,1
AyodAk20,Akin Ayodele,dal,2007,6
AyodRe99,Remi Ayodele,dal,2007,1
BallAl99,Alan Ball,dal,2007,0
BarbMa01,Marion Barber III,dal,2007,11
BergJo20,Joe Berger,dal,2007,0
BoweSt20,Stephen Bowen,dal,2007,1
BrowCo97,Courtney Brown,dal,2007,1
BurnKe20,Kevin Burnett,dal,2007,2
CantCh21,Chris Canty,dal,2007,7
CarpBo20,Bobby Carpenter,dal,2007,1
ColoMa20,Marc Colombo,dal,2007,8
CrayPa00,Patrick Crayton,dal,2007,8
CurtTo00,Tony Curtis,dal,2007,0
DaviKe21,Keith Davis,dal,2007,1
DaviLe21,Leonard Davis,dal,2007,13
ElliGr20,Greg Ellis,dal,2007,7
FasaAn00,Anthony Fasano,dal,2007,2
FergJa21,Jason Ferguson,dal,2007,0
FolkNi20,Nick Folk,dal,2007,4
FreeDo20,Doug Free,dal,2007,0
GlenTe00,Terry Glenn,dal,2007,0
GuroAn20,Andre Gurode,dal,2007,10
HamlKe20,Ken Hamlin,dal,2007,8
HatcJa20,Jason Hatcher,dal,2007,2
HenrAn20,Anthony Henry,dal,2007,5
HoytOl20,Oliver Hoyte,dal,2007,0
HurdSa00,Sam Hurd,dal,2007,3
JameBr20,Bradie James,dal,2007,8
JohnBr00,Brad Johnson,dal,2007,0
JohnTa20,Tank Johnson,dal,2007,1
JoneJu01,Julius Jones,dal,2007,7
JoneNa20,Nate Jones,dal,2007,1
KosiKy20,Kyle Kosier,dal,2007,8
LadoL.20,L.P. Ladouceur,dal,2007,1
McBrMa20,Mat McBriar,dal,2007,3
McQuPa20,Pat McQuistan,dal,2007,1
NewmTe20,Terence Newman,dal,2007,8
OgleEv20,Evan Oglesby,dal,2007,0
OwenTe00,Terrell Owens,dal,2007,15
ProcCo20,Cory Procter,dal,2007,2
RatlJa20,Jay Ratliff,dal,2007,6
ReevJa20,Jacques Reeves,dal,2007,5
RogeJu99,Justin Rogers,dal,2007,1
RomoTo00,Tony Romo,dal,2007,17
SpeaMa21,Marcus Spears,dal,2007,6
SpenAn99,Anthony Spencer,dal,2007,3
StanIs00,Isaiah Stanback,dal,2007,0
ThomTy00,Tyson Thompson,dal,2007,0
WareDe99,DeMarcus Ware,dal,2007,14
WatkPa20,Pat Watkins,dal,2007,1
WillRo03,Roy Williams,dal,2007,7
WittJa00,Jason Witten,dal,2007,12
AdamMi98,Michael Adams,crd,2007,0
ArriJ.00,J.J. Arrington,crd,2007,3
BadgBr20,Brad Badger,crd,2007,0
BailRo21,Rodney Bailey,crd,2007,1
BarrMi21,Mike Barr,crd,2007,1
BeisMo20,Monty Beisel,crd,2007,2
BergMi20,Mitch Berger,crd,2007,0
BerrBe99,Bertrand Berry,crd,2007,4
BienTr00,Troy Bienemann,crd,2007,0
BlacDa20,Darryl Blackstock,crd,2007,2
BoldAn00,Anquan Boldin,crd,2007,7
BranAl99,Alan Branch,crd,2007,1
BreaSt00,Steve Breaston,crd,2007,2
BrowEl20,Elton Brown,crd,2007,3
BrowLe20,Levi Brown,crd,2007,6
BrowRa20,Ralph Brown,crd,2007,1
CeleOl20,Oliver Celestin,crd,2007,2
CoopCh20,Chris Cooper,crd,2007,1
DansKa20,Karlos Dansby,crd,2007,7
DockDa20,Darnell Dockett,crd,2007,10
EuhuTi00,Tim Euhus,crd,2007,0
FitzLa00,Larry Fitzgerald,crd,2007,12
FranAa20,Aaron Francisco,crd,2007,1
GandMi20,Mike Gandy,crd,2007,8
GreeEr20,Eric Green,crd,2007,4
HassTi00,Tim Hasselbeck,crd,2007,0
HayeGe20,Gerald Hayes,crd,2007,8
HodeNa20,Nathan Hodel,crd,2007,1
HoltTe20,Terrence Holt,crd,2007,5
HoodRo20,Roderick Hood,crd,2007,7
JameEd00,Edgerrin James,crd,2007,9
JohnAl22,Al Johnson,crd,2007,7
JohnBr20,Brandon Johnson,crd,2007,0
JohnBr02,Bryant Johnson,crd,2007,4
JuexBh20,Bhawoh Jue,crd,2007,0
KoloRo20,Ross Kolodziej,crd,2007,0
LeinMa00,Matt Leinart,crd,2007,2
LutuDe20,Deuce Lutui,crd,2007,7
MoreSe00,Sean Morey,crd,2007,1
OkobCh20,Chukky Okobi,crd,2007,0
PaceCa20,Calvin Pace,crd,2007,8
PatrBe00,Ben Patrick,crd,2007,1
PopeLe00,Leonard Pope,crd,2007,2
rackenei01,Neil Rackers,crd,2007,2
RattTi00,Tim Rattay,crd,2007,0
RectJa00,Jamaica Rector,crd,2007,0
RollAn20,Antrel Rolle,crd,2007,5
SchoBo20,Bo Schobel,crd,2007,0
SendLy20,Lyle Sendlein,crd,2007,2
ShipMa00,Marcel Shipp,crd,2007,0
SmitAn22,Antonio Smith,crd,2007,7
SmitTe00,Terrelle Smith,crd,2007,1
TafoJo20,Joe Tafoya,crd,2007,4
UrbaJe00,Jerheme Urban,crd,2007,3
VincKe20,Keydrick Vincent,crd,2007,1
WareMa20,Matt Ware,crd,2007,1
WarnKu00,Kurt Warner,crd,2007,10
WatsGa20,Gabe Watson,crd,2007,6
WellRe20,Reggie Wells,crd,2007,8
WilsAd99,Adrian Wilson,crd,2007,3
BingRy20,Ryon Bingham,sdg,2007,3
BinnDa20,David Binn,sdg,2007,2
CastLu20,Luis Castillo,sdg,2007,5
CesaJa20,Jacques Cesaire,sdg,2007,4
ChamCh00,Chris Chambers,sdg,2007,7
ChanSc00,Scott Chandler,sdg,2007,0
ClarJe20,Jeromey Clary,sdg,2007,3
CoopSt20,Stephen Cooper,sdg,2007,9
CromAn20,Antonio Cromartie,sdg,2007,16
DaviCr00,Craig Davis,sdg,2007,2
DielKr20,Kris Dielman,sdg,2007,9
DobbTi20,Tim Dobbins,sdg,2007,2
FlorDr20,Drayton Florence,sdg,2007,4
FloyMa00,Malcom Floyd,sdg,2007,1
GateAn00,Antonio Gates,sdg,2007,11
GoffMi20,Mike Goff,sdg,2007,7
GordCl20,Cletis Gordon,sdg,2007,1
GregSt20,Steve Gregory,sdg,2007,1
HardNi55,Nick Hardwick,sdg,2007,5
HarrMa20,Marques Harris,sdg,2007,2
HartCl20,Clinton Hart,sdg,2007,7
JackVi00,Vincent Jackson,sdg,2007,7
JammQu20,Quentin Jammer,sdg,2007,6
kaedinat01,Nate Kaeding,sdg,2007,4
ManuBr00,Brandon Manumaleuna,sdg,2007,1
McCrMa20,Marlon McCree,sdg,2007,6
McKiBr20,Brandon McKinney,sdg,2007,2
McNeMa20,Marcus McNeill,sdg,2007,9
MerrSh99,Shawne Merriman,sdg,2007,13
MrucSc20,Scott Mruczkowski,sdg,2007,1
NaanLe00,Legedu Naanee,sdg,2007,1
NealLo00,Lorenzo Neal,sdg,2007,1
ObenRo20,Roman Oben,sdg,2007,0
OlivSh20,Shane Olivea,sdg,2007,4
OlshIg20,Igor Olshansky,sdg,2007,8
OsgoKa00,Kassim Osgood,sdg,2007,0
PhilSh20,Shaun Phillips,sdg,2007,8
PinnAn00,Andrew Pinnock,sdg,2007,0
PolkCa20,Carlos Polk,sdg,2007,2
raynedav01,Dave Rayner,sdg,2007,0
RivePh00,Philip Rivers,sdg,2007,13
ScifMi20,Mike Scifres,sdg,2007,3
SileBr99,Brandon Siler,sdg,2007,2
SproDa00,Darren Sproles,sdg,2007,4
TomlLa00,LaDainian Tomlinson,sdg,2007,18
TuckJy99,Jyles Tucker,sdg,2007,1
TurnMi00,Michael Turner,sdg,2007,3
VoleBi00,Billy Volek,sdg,2007,0
WeddEr99,Eric Weddle,sdg,2007,1
WilhMa20,Matt Wilhelm,sdg,2007,8
WillJa99,Jamal Williams,sdg,2007,9
WithCo20,Cory Withrow,sdg,2007,2
AlexSh00,Shaun Alexander,sea,2007,4
AshwTo20,Tom Ashworth,sea,2007,1
AtkiBa99,Baraka Atkins,sea,2007,1
BabiJa20,Jason Babin,sea,2007,0
BabiJo21,Jordan Babineaux,sea,2007,2
BentKe20,Kevin Bentley,sea,2007,2
BernRo20,Rocky Bernard,sea,2007,7
BranDe00,Deion Branch,sea,2007,5
brownjos01,Josh Brown,sea,2007,4
BurlNa00,Nate Burleson,sea,2007,7
DarbCh20,Chartric Darby,sea,2007,3
EngrBo00,Bobby Engram,sea,2007,9
FishBr20,Bryce Fisher,sea,2007,0
GranDe21,Deon Grant,sea,2007,7
GrayCh20,Chris Gray,sea,2007,8
GreeHo20,Howard Green,sea,2007,0
GreeMi20,Michael Green,sea,2007,1
HackD.00,D.J. Hackett,sea,2007,3
HassMa00,Matt Hasselbeck,sea,2007,11
HellWi00,Will Heller,sea,2007,1
HerrWi99,Will Herring,sea,2007,1
HillLe20,LeRoy Hill,sea,2007,7
HobbKe99,Kevin Hobbs,sea,2007,0
JennKe20,Kelly Jennings,sea,2007,6
JoneWa00,Walter Jones,sea,2007,14
JoppBe00,Bennie Joppru,sea,2007,0
KernPa99,Patrick Kerney,sea,2007,17
KirtDa00,David Kirtman,sea,2007,0
KoutNi20,Niko Koutouvides,sea,2007,1
LaurLa20,Lance Laury,sea,2007,1
LockSe20,Sean Locklear,sea,2007,8
McCrFr00,Fred McCrary,sea,2007,0
MebaBr99,Brandon Mebane,sea,2007,6
MorrMa00,Maurice Morris,sea,2007,5
ObomBe00,Ben Obomanu,sea,2007,1
PearAl00,Alvin Pearman,sea,2007,0
PeteJu00,Julian Peterson,sea,2007,11
PlacRy20,Ryan Plackemeier,sea,2007,1
PollMa00,Marcus Pollard,sea,2007,2
RackDe00,Derek Rackley,sea,2007,0
RobiJe00,Jeff Robinson,sea,2007,0
RussBr20,Brian Russell,sea,2007,6
ScobJo00,Josh Scobey,sea,2007,0
SimsRo20,Rob Sims,sea,2007,8
SpenCh21,Chris Spencer,sea,2007,8
StroMa00,Mack Strong,sea,2007,1
StutBo00,Boone Stutz,sea,2007,0
TappDa20,Darryl Tapp,sea,2007,9
TatuLo99,Lofa Tatupu,sea,2007,15
TaylCo00,Courtney Taylor,sea,2007,0
TerrCr20,Craig Terrill,sea,2007,2
TrufMa20,Marcus Trufant,sea,2007,11
WallC.99,C.J. Wallace,sea,2007,1
WallSe00,Seneca Wallace,sea,2007,1
WeavLe00,Leonard Weaver,sea,2007,3
WillRa22,Ray Willis,sea,2007,0
WilsJo99,Josh Wilson,sea,2007,2
WomaFl20,Floyd Womack,sea,2007,2
WymsEl20,Ellis Wyms,sea,2007,1
AlstJo20,Jon Alston,rai,2007,1
AsomNn20,Nnamdi Asomugha,rai,2007,6
BowiJo99,John Bowie,rai,2007,0
BrayTy20,Tyler Brayton,rai,2007,1
BrowRi22,Ricky Brown,rai,2007,1
BurgDe99,Derrick Burgess,rai,2007,6
CarlCo20,Cooper Carlisle,rai,2007,7
CarrCh22,Chris Carr,rai,2007,2
ClemCh23,Chris Clemons,rai,2007,2
CondJo20,Jon Condo,rai,2007,2
CoopJa20,Jarrod Cooper,rai,2007,1
CulpDa00,Daunte Culpepper,rai,2007,4
CurrRo01,Ronald Curry,rai,2007,6
DwigTi00,Tim Dwight,rai,2007,1
EcheAd00,Adimchinobe Echemandu,rai,2007,0
EkejIs20,Isaiah Ekejiuba,rai,2007,1
EugeHi99,Hiram Eugene,rai,2007,3
FargJu00,Justin Fargas,rai,2007,8
GallRo20,Robert Gallery,rai,2007,7
GreeCo20,Cornell Green,rai,2007,4
GrifJu00,Justin Griffith,rai,2007,2
GrovJa20,Jake Grove,rai,2007,1
HendMa21,Mario Henderson,rai,2007,0
HiggJo00,Johnnie Lee Higgins,rai,2007,0
HowaTh20,Thomas Howard,rai,2007,8
HuffMi20,Michael Huff,rai,2007,7
janikseb01,Sebastian Janikowski,rai,2007,3
JohnCh26,Chris Johnson,rai,2007,1
JordLa00,LaMont Jordan,rai,2007,5
KellTo21,Tommy Kelly,rai,2007,3
LechSh20,Shane Lechler,rai,2007,4
MadsJo00,John Madsen,rai,2007,1
McCoJo01,Josh McCown,rai,2007,1
McFoCh00,Chris McFoy,rai,2007,0
McQuPa21,Paul McQuistan,rai,2007,3
MillZa01,Zach Miller,rai,2007,4
MorrCh21,Chris Morris,rai,2007,1
MorrKi20,Kirk Morrison,rai,2007,8
NewbJe00,Jeremy Newberry,rai,2007,6
ONeaOr00,Oren O'Neal,rai,2007,0
PortJe00,Jerry Porter,rai,2007,6
RhodDo00,Dominic Rhodes,rai,2007,2
RichJa99,Jay Richardson,rai,2007,5
RoutSt20,Stanford Routt,rai,2007,6
RussJa00,JaMarcus Russell,rai,2007,1
SandTe20,Terdell Sands,rai,2007,4
SappWa00,Warren Sapp,rai,2007,7
SchwSt20,Stuart Schweigert,rai,2007,5
ShawJo20,Josh Shaw,rai,2007,0
SimsBa20,Barry Sims,rai,2007,7
StewTo00,Tony Stewart,rai,2007,0
TaylTr01,Travis Taylor,rai,2007,0
ThomRo20,Robert Thomas,rai,2007,4
WaltAn00,Andrew Walter,rai,2007,0
WardB.20,B.J. Ward,rai,2007,0
WarrGe20,Gerard Warren,rai,2007,3
WashFa20,Fabian Washington,rai,2007,2
WillMi03,Mike Williams,rai,2007,1
WillSa22,Sam Williams,rai,2007,2
