player_id,name,team,season,approximate_value
AlbeBr20,Branden Albert,kan,2009,5
AlleAn20,Andy Alleman,kan,2009,2
BattJa00,Jackie Battle,kan,2009,0
BeisMo20,Monty Beisel,kan,2009,0
BelcJo00,Jovan Belcher,kan,2009,2
BoweDw00,Dwayne Bowe,kan,2009,4
BradMa00,Mark Bradley,kan,2009,3
BrowMi99,Mike Brown,kan,2009,7
CarrBr99,Brandon Carr,kan,2009,6
CassMa00,Matt Cassel,kan,2009,7
CastTi20,Tim Castille,kan,2009,1
ChamCh00,Chris Chambers,kan,2009,5
CharJa00,Jamaal Charles,kan,2009,9
ColcRi20,Ricardo Colclough,kan,2009,0
ColqDu20,Dustin Colquitt,kan,2009,3
CoppTe00,Terrance Copper,kan,2009,1
CottBr00,Brad Cottam,kan,2009,1
Cox_Mi20,Mike Cox,kan,2009,1
CroyBr00,Brodie Croyle,kan,2009,1
DaniTr20,Travis Daniels,kan,2009,1
DorsGl99,Glenn Dorsey,kan,2009,7
EdwaRo20,Ron Edwards,kan,2009,6
EngrBo00,Bobby Engram,kan,2009,0
FlowBr99,Brandon Flowers,kan,2009,7
GaffTh20,Thomas Gafford,kan,2009,2
GaleDi00,Dion Gales,kan,2009,0
GilbWa00,Wallace Gilberry,kan,2009,2
GoffMi20,Mike Goff,kan,2009,3
GutiMa00,Matt Gutierrez,kan,2009,0
HaliTa20,Tamba Hali,kan,2009,7
HerrDa99,David Herron,kan,2009,1
JackTy98,Tyson Jackson,kan,2009,6
JohnDe25,Derrick Johnson,kan,2009,3
JohnLa00,Larry Johnson,kan,2009,3
LawrQu00,Quinten Lawrence,kan,2009,0
LeggMa99,Maurice Leggett,kan,2009,1
LokeDe20,Derek Lokey,kan,2009,0
LongLa00,Lance Long,kan,2009,1
MageAl99,Alex Magee,kan,2009,1
MaysCo20,Corey Mays,kan,2009,6
McGrJo21,Jon McGraw,kan,2009,4
MorgDa98,DaJuan Morgan,kan,2009,2
NdukIk20,Ikechuku Ndukwe,kan,2009,2
NiswRu20,Rudy Niswanger,kan,2009,6
OCalRy20,Ryan O'Callaghan,kan,2009,5
OConJa00,Jake O'Connell,kan,2009,0
PageJa20,Jarrad Page,kan,2009,2
PopeLe00,Leonard Pope,kan,2009,1
PricRi00,Ricky Price,kan,2009,0
RichBa20,Barry Richardson,kan,2009,1
RichMi99,Mike Richardson,kan,2009,1
RogeJu99,Justin Rogers,kan,2009,0
RyanSe00,Sean Ryan,kan,2009,1
SavaDa20,Dantrell Savage,kan,2009,1
SmitKe23,Kenny Smith,kan,2009,0
SmitKo00,Kolby Smith,kan,2009,0
SmitWa21,Wade Smith,kan,2009,4
StudAn99,Andy Studebaker,kan,2009,3
SuccRy44,Ryan Succop,kan,2009,4
ThigTy00,Tyler Thigpen,kan,2009,0
TyleTa99,Tank Tyler,kan,2009,2
VrabMi20,Mike Vrabel,kan,2009,6
WadeBo00,Bobby Wade,kan,2009,3
WaltPi00,Pierre Walters,kan,2009,0
WashDo98,Donald Washington,kan,2009,0
WateBr55,Brian Waters,kan,2009,6
WillDe22,Demorrio Williams,kan,2009,6
WillJa05,Javarris Williams,kan,2009,0
AlexGe99,Gerald Alexander,jax,2009,4
AlleRu00,Russell Allen,jax,2009,3
BlacJo20,Jordan Black,jax,2009,2
BoleBr00,Brock Bolen,jax,2009,0
BracTy99,Tyron Brackenridge,jax,2009,2
BritEb20,Eben Britton,jax,2009,7
CainJe20,Jeremy Cain,jax,2009,2
CoexMi99,Michael Coe,jax,2009,0
ConsSe20,Sean Considine,jax,2009,3
CoxxDe99,Derek Cox,jax,2009,6
CoxxKe20,Kennard Cox,jax,2009,0
DaniTo20,Torrance Daniels,jax,2009,0
DillJa00,Jarett Dillard,jax,2009,1
DuraJu99,Justin Durant,jax,2009,6
ElliAt00,Atiyyah Ellison,jax,2009,0
EstaGr01,Greg Estandia,jax,2009,0
FornKy20,Kynan Forney,jax,2009,0
GarrDa00,David Garrard,jax,2009,13
GreeCo99,Courtney Greene,jax,2009,0
GrovQu99,Quentin Groves,jax,2009,4
HarrCh97,Chris Harrington,jax,2009,0
HarvDe99,Derrick Harvey,jax,2009,7
HaywRe20,Reggie Hayward,jax,2009,0
HendJo99,John Henderson,jax,2009,6
HoltTo00,Torry Holt,jax,2009,7
HughNa00,Nate Hughes,jax,2009,1
IngrCl20,Clint Ingram,jax,2009,5
IwuhBr20,Brian Iwuh,jax,2009,2
JennRa00,Rashad Jennings,jax,2009,2
JoneGr01,Greg Jones,jax,2009,0
DrewMa00,Maurice Jones-Drew,jax,2009,13
KnigTe99,Terrance Knighton,jax,2009,7
LandDe99,Derek Landri,jax,2009,1
LewiMa00,Marcedes Lewis,jax,2009,5
ManuVi20,Vince Manuwai,jax,2009,8
MathRa99,Rashean Mathis,jax,2009,4
McCoLu00,Luke McCown,jax,2009,0
MeesBr20,Brad Meester,jax,2009,8
MiddWi98,William Middleton,jax,2009,1
MillZa02,Zach Miller,jax,2009,2
MonrEu20,Eugene Monroe,jax,2009,6
NavaJe99,Jeremy Navarre,jax,2009,0
NelsRe99,Reggie Nelson,jax,2009,5
NwanUc20,Uche Nwaneri,jax,2009,6
OwenMo01,Montell Owens,jax,2009,0
PeteGr99,Greg Peterson,jax,2009,0
PodlAd20,Adam Podlesh,jax,2009,1
PottZa99,Zach Potter,jax,2009,0
RussBr20,Brian Russell,jax,2009,1
scobejos01,Josh Scobee,jax,2009,1
SewaAd20,Adam Seward,jax,2009,0
WalkMi01,Mike Sims-Walker,jax,2009,8
SmitAn21,Anthony Smith,jax,2009,2
SmitBr96,Bryan Smith,jax,2009,1
SmitDa24,Daryl Smith,jax,2009,7
StanMo20,Montavious Stanley,jax,2009,1
StarSc20,Scott Starks,jax,2009,0
ThomMi01,Mike Thomas,jax,2009,5
ThomTr00,Tra Thomas,jax,2009,2
UndeTi00,Tiquan Underwood,jax,2009,0
WilfEr00,Ernest Wilford,jax,2009,1
WillJu00,Julius Williams,jax,2009,1
WillMa25,Maurice Williams,jax,2009,2
WillTr01,Troy Williamson,jax,2009,0
WithBr20,Brian Witherspoon,jax,2009,0
WychJa00,James Wyche,jax,2009,0
AndeJa21,James Anderson,car,2009,5
BakeJa20,Jason Baker,car,2009,2
BarnGa01,Gary Barnidge,car,2009,2
BeasJo99,Jon Beason,car,2009,16
BernMa20,Mackenzy Bernadeau,car,2009,4
BrayTy20,Tyler Brayton,car,2009,9
BrowEv99,Everette Brown,car,2009,2
BurtAn20,Antwon Burton,car,2009,0
ConnDa99,Dan Connor,car,2009,2
CulbQu99,Quinton Culberson,car,2009,0
DaviTh20,Thomas Davis,car,2009,5
DelhJa00,Jake Delhomme,car,2009,3
DiggNa20,Na'il Diggs,car,2009,6
FiamTo00,Tony Fiammetta,car,2009,0
GambCh20,Chris Gamble,car,2009,7
GodfCh99,Charles Godfrey,car,2009,4
GoodMi00,Mike Goodson,car,2009,0
GrosJo20,Jordan Gross,car,2009,4
HarrCh20,Chris Harris,car,2009,6
HarrRa99,Ra'Shon Harris,car,2009,0
HaydNi99,Nick Hayden,car,2009,2
HoovBr00,Brad Hoover,car,2009,1
JansJ.00,J.J. Jansen,car,2009,2
JarrDw00,Dwayne Jarrett,car,2009,2
JohnCh98,Charles Johnson,car,2009,3
JohnLa20,Landon Johnson,car,2009,2
KaliRy20,Ryan Kalil,car,2009,9
kasayjoh01,John Kasay,car,2009,3
KingJe00,Jeff King,car,2009,2
LeonLo99,Louis Leonard,car,2009,1
LewiDa20,Damione Lewis,car,2009,8
LloyRh44,Rhys Lloyd,car,2009,0
MarsRi20,Richard Marshall,car,2009,8
MartCh00,Charly Martin,car,2009,0
MartSh99,Sherrod Martin,car,2009,3
McCoJo01,Josh McCown,car,2009,0
MoorKe00,Kenny Moore,car,2009,1
MoorMa01,Matt Moore,car,2009,3
MuhaMu00,Muhsin Muhammad,car,2009,5
MunnCa99,Captain Munnerlyn,car,2009,3
OtahJe20,Jeff Otah,car,2009,6
PeppJu99,Julius Peppers,car,2009,15
RosaDa00,Dante Rosario,car,2009,3
SchwGe20,Geoff Schwartz,car,2009,2
SennJo00,Jordan Senn,car,2009,1
SmitKe97,Kelvin Smith,car,2009,0
SmitSt01,Steve Smith Sr.,car,2009,9
StewJo00,Jonathan Stewart,car,2009,9
SuttTy00,Tyrell Sutton,car,2009,1
TaylHi99,Hilee Taylor,car,2009,0
TealQu99,Quinton Teal,car,2009,2
ThomHo20,Hollis Thomas,car,2009,7
TyleTa99,Tank Tyler,car,2009,1
VincKe20,Keydrick Vincent,car,2009,7
WeslDa20,Dante Wesley,car,2009,2
WharTr20,Travelle Wharton,car,2009,7
WillDe02,DeAngelo Williams,car,2009,10
WillGa23,Garry Williams,car,2009,1
WilsC.99,C.J. Wilson,car,2009,0
AyanBr99,Brendon Ayanbadejo,rav,2009,1
BannJu20,Justin Bannan,rav,2009,3
BarnAn99,Antwan Barnes,rav,2009,1
BirkMa00,Matt Birk,rav,2009,8
BurgPr99,Prescott Burgess,rav,2009,1
CarrCh22,Chris Carr,rav,2009,3
ChesCh21,Chris Chester,rav,2009,7
ClayMa01,Mark Clayton,rav,2009,5
CousOn00,Oniel Cousins,rav,2009,2
cundibil01,Billy Cundiff,rav,2009,0
EdwaDw20,Dwan Edwards,rav,2009,7
ElleDa99,Dannell Ellerbe,rav,2009,3
FlacJo00,Joe Flacco,rav,2009,13
FoxwDo20,Domonique Foxworth,rav,2009,7
GaitJa20,Jared Gaither,rav,2009,6
GeraK.00,K.J. Gerard,rav,2009,0
GoodTa99,Tavares Gooden,rav,2009,6
GregKe20,Kelly Gregg,rav,2009,8
GrubBe20,Ben Grubbs,rav,2009,8
HaleDa22,David Hale,rav,2009,1
HarpJu01,Justin Harper,rav,2009,0
HausSt00,Stephen Hauschka,rav,2009,1
HeapTo00,Todd Heap,rav,2009,6
IvyxCo20,Corey Ivy,rav,2009,0
JohnJa23,Jarret Johnson,rav,2009,8
JoneEd22,Edgar Jones,rav,2009,2
KatuMa20,Matt Katula,rav,2009,2
KochSa20,Sam Koch,rav,2009,2
KrugPa99,Paul Kruger,rav,2009,1
LandDa21,Dawan Landry,rav,2009,7
LawrMa00,Matt Lawrence,rav,2009,0
LewiRa00,Ray Lewis,rav,2009,16
MasoDe00,Derrick Mason,rav,2009,11
McClJa01,Jameel McClain,rav,2009,2
McClLe00,Le'Ron McClain,rav,2009,3
McGaWi00,Willis McGahee,rav,2009,5
McKiBr20,Brandon McKinney,rav,2009,1
MollTo20,Tony Moll,rav,2009,0
NakaHa99,Haruki Nakamura,rav,2009,1
NgatHa20,Haloti Ngata,rav,2009,12
OherMi20,Michael Oher,rav,2009,8
ParmJa00,Jalen Parmele,rav,2009,0
PascMa99,Marcus Paschal,rav,2009,0
PrycTr00,Trevor Pryce,rav,2009,5
ReedEd00,Ed Reed,rav,2009,10
RiceRa00,Ray Rice,rav,2009,18
SmitL.00,L.J. Smith,rav,2009,0
SmitTr02,Troy Smith,rav,2009,0
SuggTe99,Terrell Suggs,rav,2009,7
TalaKe00,Kelly Talavou,rav,2009,0
TyreDa00,David Tyree,rav,2009,0
WalkFr20,Frank Walker,rav,2009,2
WashFa20,Fabian Washington,rav,2009,4
WashKe00,Kelley Washington,rav,2009,4
WebbLa99,Lardarius Webb,rav,2009,3
WillCa99,Cary Williams,rav,2009,1
WillDe03,Demetrius Williams,rav,2009,1
YandMa20,Marshal Yanda,rav,2009,5
ZbikTo99,Tom Zbikowski,rav,2009,3
BellDe20,Demetress Bell,buf,2009,3
BrohBr00,Brian Brohm,buf,2009,0
BuggMa20,Marcus Buggs,buf,2009,1
ButlBr20,Brad Butler,buf,2009,1
ByrdJa99,Jairus Byrd,buf,2009,8
ChamKi20,Kirk Chambers,buf,2009,4
CornRe99,Reggie Corner,buf,2009,4
CortJo20,Jon Corto,buf,2009,3
DennRy20,Ryan Denney,buf,2009,2
DrafCh20,Chris Draft,buf,2009,3
EdwaTr01,Trent Edwards,buf,2009,3
ElliCh99,Chris Ellis,buf,2009,0
ElliKe20,Keith Ellison,buf,2009,4
EvanLe00,Lee Evans,buf,2009,5
FineDe00,Derek Fine,buf,2009,1
FitzRy00,Ryan Fitzpatrick,buf,2009,3
FlorDr20,Drayton Florence,buf,2009,5
GaddCh20,Christian Gaddis,buf,2009,0
HangGe20,Geoff Hangartner,buf,2009,6
HardJa00,James Hardy,buf,2009,0
HarrCa99,Cary Harris,buf,2009,1
HarrNi99,Nic Harris,buf,2009,2
HennNi20,Nick Hennessey,buf,2009,0
IncoRi20,Richie Incognito,buf,2009,1
JackFr02,Fred Jackson,buf,2009,9
JenkJu00,Justin Jenkins,buf,2009,0
JohnSp20,Spencer Johnson,buf,2009,4
JohnSt00,Stevie Johnson,buf,2009,0
JohnTo20,Todd Johnson,buf,2009,1
KelsCh21,Chris Kelsay,buf,2009,8
KlopJo00,Joe Klopfenstein,buf,2009,0
LankEl99,Ellis Lankster,buf,2009,1
LeviAn20,Andy Levitre,buf,2009,6
linderia01,Rian Lindell,buf,2009,4
LyncMa00,Marshawn Lynch,buf,2009,4
MaceCo00,Corey Mace,buf,2009,0
ManaRy20,Ryan Manalac,buf,2009,0
MaybAa99,Aaron Maybin,buf,2009,1
McCaJo22,John McCargo,buf,2009,1
McGeTe99,Terrence McGee,buf,2009,4
McInCo00,Corey McIntyre,buf,2009,1
McKeLe99,Leodis McKelvin,buf,2009,1
McKiSe20,Seth McKinney,buf,2009,1
MereJa20,Jamon Meredith,buf,2009,2
MitcKa20,Kawika Mitchell,buf,2009,2
MoorBr24,Brian Moorman,buf,2009,3
NelsSh00,Shawn Nelson,buf,2009,1
OmonXa00,Xavier Omon,buf,2009,0
OwenTe00,Terrell Owens,buf,2009,7
PalmAs99,Ashlee Palmer,buf,2009,2
ParrRo00,Roscoe Parrish,buf,2009,0
PoluPa99,Paul Posluszny,buf,2009,7
RamsAn20,Andre Ramsey,buf,2009,0
ReedJo01,Josh Reed,buf,2009,2
SanbGa00,Garrison Sanborn,buf,2009,2
SchoAa99,Aaron Schobel,buf,2009,9
SchoDe00,Derek Schouman,buf,2009,1
ScotBr20,Bryan Scott,buf,2009,8
ScotJo22,Jonathan Scott,buf,2009,3
SimmKe20,Kendall Simmons,buf,2009,1
StamJo20,Josh Stamer,buf,2009,0
StroMa01,Marcus Stroud,buf,2009,8
StupJo00,Jonathan Stupar,buf,2009,0
WendJo99,John Wendling,buf,2009,1
WhitDo20,Donte Whitner,buf,2009,4
WillKy20,Kyle Williams,buf,2009,7
WilsGe01,George Wilson,buf,2009,6
WoodEr20,Eric Wood,buf,2009,4
YoubAs20,Ashton Youboty,buf,2009,1
AbduHu99,Husain Abdullah,min,2009,1
AlleAs99,Asher Allen,min,2009,1
AlleJa22,Jared Allen,min,2009,17
BerrBe00,Bernard Berrian,min,2009,6
BrinJa99,Jasper Brinkley,min,2009,3
CookRy20,Ryan Cook,min,2009,2
CoopJo21,Jon Cooper,min,2009,0
DugaJe00,Jeff Dugan,min,2009,1
EdwaRa21,Ray Edwards,min,2009,8
EvanFr21,Fred Evans,min,2009,1
FarwHe20,Heath Farwell,min,2009,4
FavrBr00,Brett Favre,min,2009,16
FramEr99,Eric Frampton,min,2009,1
GreeCh99,Chad Greenway,min,2009,9
GrifCe20,Cedric Griffin,min,2009,6
GuioLe99,Letroy Guion,min,2009,0
HarvPe00,Percy Harvin,min,2009,11
HendE.20,E.J. Henderson,min,2009,6
HendEr99,Erin Henderson,min,2009,0
HerrAn20,Anthony Herrera,min,2009,8
HickAr20,Artis Hicks,min,2009,3
HutcSt00,Steve Hutchinson,min,2009,17
JackTa00,Tarvaris Jackson,min,2009,1
JohnJa01,Jaymar Johnson,min,2009,0
JohnTy99,Tyrell Johnson,min,2009,5
KennJi21,Jimmy Kennedy,min,2009,2
KleiJi00,Jim Kleinsasser,min,2009,1
KluwCh20,Chris Kluwe,min,2009,2
LebeBe20,Ben Leber,min,2009,6
LewiGr01,Greg Lewis,min,2009,1
LoadPh20,Phil Loadholt,min,2009,8
LoefCu20,Cullen Loeffler,min,2009,2
longwrya01,Ryan Longwell,min,2009,5
McKiBr21,Bryant McKinnie,min,2009,12
MitcJa20,Jayme Mitchell,min,2009,0
OnatKe00,Kenny Onatolu,min,2009,1
PaymKa20,Karl Paymah,min,2009,1
PeteAd01,Adrian Peterson,min,2009,16
ReynDa00,Darius Reynaud,min,2009,0
RiceSi01,Sidney Rice,min,2009,14
RobiBr98,Brian Robison,min,2009,2
SanfJa99,Jamarca Sanford,min,2009,1
SappBe20,Benny Sapp,min,2009,3
ShiaVi00,Visanthe Shiancoe,min,2009,6
SullJo24,John Sullivan,min,2009,9
TahiNa00,Naufahu Tahi,min,2009,1
TaylCh01,Chester Taylor,min,2009,7
WillKe98,Kevin Williams,min,2009,15
WillMa20,Madieu Williams,min,2009,5
WillPa20,Pat Williams,min,2009,7
WinfAn20,Antoine Winfield,min,2009,6
YounAl01,Albert Young,min,2009,0
AvriCl99,Cliff Avril,det,2009,4
BackJe20,Jeff Backus,det,2009,6
BingDa00,Darnell Bing,det,2009,1
BrowAa00,Aaron Brown,det,2009,1
BryaCo99,Copeland Bryan,det,2009,1
BuchPh20,Phillip Buchanon,det,2009,3
CherGo20,Gosder Cherilus,det,2009,6
CiurVi20,Vinny Ciurciu,det,2009,0
CoheJo00,Joe Cohen,det,2009,0
CoheLa99,Landon Cohen,det,2009,2
CulpDa00,Daunte Culpepper,det,2009,1
DarbCh20,Chartric Darby,det,2009,0
DelmLo99,Louis Delmas,det,2009,5
DizoJo99,Jordon Dizon,det,2009,1
FaggDe20,Demarcus Faggins,det,2009,0
FeltJe00,Jerome Felton,det,2009,1
FiguYa00,Yamon Figurs,det,2009,0
FitzCa00,Casey Fitzsimmons,det,2009,1
FlueAn99,Andre Fluellen,det,2009,2
FollZa99,Zack Follett,det,2009,1
FootLa20,Larry Foote,det,2009,5
FowlEr20,Eric Fowler,det,2009,0
GandDy20,Dylan Gandy,det,2009,3
GronDa00,Dan Gronkowski,det,2009,0
hansojas01,Jason Hanson,det,2009,3
HarrNi20,Nick Harris,det,2009,2
HellWi00,Will Heller,det,2009,2
HenrAn20,Anthony Henry,det,2009,2
HillSa99,Sammie Lee Hill,det,2009,4
HobbKe99,Kevin Hobbs,det,2009,1
HodeNa20,Nathan Hodel,det,2009,0
HuntJa24,Jason Hunter,det,2009,4
JackGr20,Grady Jackson,det,2009,4
JansJo20,Jon Jansen,det,2009,1
JennAd00,Adam Jennings,det,2009,0
JohnBr02,Bryant Johnson,det,2009,3
JohnCa00,Calvin Johnson,det,2009,7
KingEr20,Eric King,det,2009,0
LevyDe99,DeAndre Levy,det,2009,4
LopeDa20,Daniel Loper,det,2009,2
ManuMa20,Marquand Manuel,det,2009,2
MattMi00,Michael Matthews,det,2009,0
McBrTu99,Turk McBride,det,2009,2
McCaMa99,Marcus McCauley,det,2009,0
MorrMa00,Maurice Morris,det,2009,4
MuhlDo20,Don Muhlbach,det,2009,2
NordJa00,Jake Nordin,det,2009,0
NortDe00,Dennis Northcutt,det,2009,3
PearKa20,Kalvin Pearson,det,2009,1
PeerCe00,Cedric Peerman,det,2009,0
PeteSt20,Stephen Peterman,det,2009,3
PeteJu00,Julian Peterson,det,2009,5
PeteWi20,Will Peterson,det,2009,4
PettBr00,Brandon Pettigrew,det,2009,2
RaioDo20,Dominic Raiola,det,2009,6
RamiMa20,Manuel Ramirez,det,2009,5
SalaEp20,Ephraim Salaam,det,2009,0
SimpKo20,Ko Simpson,det,2009,2
SimsEr20,Ernie Sims,det,2009,3
SmitDe98,DeAngelo Smith,det,2009,1
SmitKe02,Kevin Smith,det,2009,5
SmitTe00,Terrelle Smith,det,2009,0
StafMa00,Matthew Stafford,det,2009,3
StanJo00,John Standeford,det,2009,0
StanDr00,Drew Stanton,det,2009,1
WhitDe20,Dewayne White,det,2009,2
WhitMa99,Marvin White,det,2009,2
WillDe05,Derrick Williams,det,2009,0
WillJa96,Jack Williams,det,2009,0
WithBr20,Brian Witherspoon,det,2009,0
WordJa99,Jahi Word-Daniels,det,2009,0
AbraJo00,John Abraham,atl,2009,7
AdkiSp99,Spencer Adkins,atl,2009,0
AndeJa98,Jamaal Anderson,atl,2009,5
BabiJo20,Jonathan Babineaux,atl,2009,8
BakeSa21,Sam Baker,atl,2009,8
BierKr99,Kroy Biermann,atl,2009,3
BlalJu20,Justin Blalock,atl,2009,9
BookMa00,Marty Booker,atl,2009,2
BrocEr20,Eric Brock,atl,2009,0
bryanmat01,Matt Bryant,atl,2009,1
ClabTy20,Tyson Clabo,atl,2009,9
ColeEr21,Erik Coleman,atl,2009,6
DahlHa20,Harvey Dahl,atl,2009,6
DaviCh22,Chauncey Davis,atl,2009,3
DeCoTh99,Thomas DeCoud,atl,2009,7
elamxjas01,Jason Elam,atl,2009,0
FinnBr00,Brian Finneran,atl,2009,1
FudgJa20,Jamaal Fudge,atl,2009,0
GilbTo20,Tony Gilbert,atl,2009,1
GonzTo00,Tony Gonzalez,atl,2009,9
GrimBr20,Brent Grimes,atl,2009,5
HarrAn98,Antoine Harris,atl,2009,1
HaynVe00,Verron Haynes,atl,2009,0
HillTy20,Tye Hill,atl,2009,2
HousCh99,Chris Houston,atl,2009,4
JackCh99,Chevis Jackson,atl,2009,2
JameRo99,Robert James,atl,2009,0
JenkMi00,Michael Jenkins,atl,2009,7
JerrPe99,Peria Jerry,atl,2009,1
JohnTh20,Thomas Johnson,atl,2009,5
koenemic01,Michael Koenen,atl,2009,1
LewiTr99,Trey Lewis,atl,2009,1
LoftCu99,Curtis Lofton,atl,2009,8
McClTo20,Todd McClure,atl,2009,9
MoorWi99,William Moore,atl,2009,0
MughOv00,Ovie Mughelli,atl,2009,1
NichSt99,Stephen Nicholas,atl,2009,7
NorwJe00,Jerious Norwood,atl,2009,4
OjinQu20,Quinn Ojinnaka,atl,2009,3
OwenCh99,Chris Owens,atl,2009,3
PeelJu00,Justin Peelle,atl,2009,1
PeprCh20,Charlie Peprah,atl,2009,0
PeteMi20,Mike Peterson,atl,2009,8
PittBr20,Bryan Pittman,atl,2009,1
RedmCh00,Chris Redman,atl,2009,3
ReynGa20,Garrett Reynolds,atl,2009,0
RombBr20,Brett Romberg,atl,2009,1
RyanMa00,Matt Ryan,atl,2009,10
SchnMi20,Mike Schneck,atl,2009,1
SidbLa99,Lawrence Sidbury,atl,2009,2
SnelJa00,Jason Snelling,atl,2009,7
StecAa00,Aaron Stecker,atl,2009,0
SvitWi20,Will Svitek,atl,2009,2
TurnMi00,Michael Turner,atl,2009,7
WalkVa99,Vance Walker,atl,2009,1
WeemEr00,Eric Weems,atl,2009,1
WhitRo00,Roddy White,atl,2009,12
WillBr22,Brian Williams,atl,2009,2
WireCo20,Coy Wire,atl,2009,4
ZeleJo00,Joe Zelenka,atl,2009,0
ZingKe20,Keith Zinger,atl,2009,0
AdamTi00,Titus Adams,nwe,2009,0
AikeSa00,Sam Aiken,nwe,2009,3
AlexEr20,Eric Alexander,nwe,2009,1
ArriKy00,Kyle Arrington,nwe,2009,1
BakeCh00,Chris Baker,nwe,2009,1
BantTu20,Tully Banta-Cain,nwe,2009,6
BoddLe20,Leigh Bodden,nwe,2009,8
BracRo99,Ron Brace,nwe,2009,2
BradTo00,Tom Brady,nwe,2009,17
BurgDe99,Derrick Burgess,nwe,2009,5
ButlDa99,Darius Butler,nwe,2009,4
ChunPa99,Patrick Chung,nwe,2009,2
ConnDa21,Dan Connolly,nwe,2009,3
EdelJu00,Julian Edelman,nwe,2009,4
FaulKe00,Kevin Faulk,nwe,2009,6
GallJo00,Joey Galloway,nwe,2009,1
GostSt20,Stephen Gostkowski,nwe,2009,4
GreeJa21,Jarvis Green,nwe,2009,6
GreeBe00,BenJarvus Green-Ellis,nwe,2009,1
GuytGa99,Gary Guyton,nwe,2009,9
HansCh20,Chris Hanson,nwe,2009,1
HoyeBr00,Brian Hoyer,nwe,2009,1
IngrJa20,Jake Ingram,nwe,2009,1
KaczNi20,Nick Kaczur,nwe,2009,8
KoppDa20,Dan Koppen,nwe,2009,10
LeVoMa99,Mark LeVoir,nwe,2009,1
LighMa20,Matt Light,nwe,2009,7
LockBr00,Bret Lockett,nwe,2009,1
MankLo20,Logan Mankins,nwe,2009,16
MaroLa00,Laurence Maroney,nwe,2009,7
MattMi00,Michael Matthews,nwe,2009,0
MayoJe99,Jerod Mayo,nwe,2009,7
McGoBr21,Brandon McGowan,nwe,2009,5
MeriBr99,Brandon Meriweather,nwe,2009,10
MorrSa00,Sammy Morris,nwe,2009,4
MossRa00,Randy Moss,nwe,2009,13
NealSt20,Steve Neal,nwe,2009,7
NinkRo20,Rob Ninkovich,nwe,2009,2
OhrnRi20,Rich Ohrnberger,nwe,2009,0
PryoMy99,Myron Pryor,nwe,2009,2
SandJa21,James Sanders,nwe,2009,3
SandTe20,Terdell Sands,nwe,2009,0
SeauJu00,Junior Seau,nwe,2009,1
SimmKe20,Kendall Simmons,nwe,2009,0
SlatMa00,Matthew Slater,nwe,2009,0
SpriSh00,Shawn Springs,nwe,2009,4
StanIs00,Isaiah Stanback,nwe,2009,0
TateBr00,Brandon Tate,nwe,2009,0
TaylFr00,Fred Taylor,nwe,2009,2
ThomAd00,Adalius Thomas,nwe,2009,6
VollSe20,Sebastian Vollmer,nwe,2009,5
WarrTy20,Ty Warren,nwe,2009,7
WatsBe00,Ben Watson,nwe,2009,4
WelkWe00,Wes Welker,nwe,2009,14
WendRy20,Ryan Wendell,nwe,2009,0
WheaTe99,Terrence Wheatley,nwe,2009,0
WilfVi20,Vince Wilfork,nwe,2009,10
WilhJo99,Jonathan Wilhite,nwe,2009,4
WoodPi20,Pierre Woods,nwe,2009,4
WrigMi20,Mike Wright,nwe,2009,6
AlbrEt20,Ethan Albright,was,2009,2
AlexLo99,Lorenzo Alexander,was,2009,2
BarnKe99,Kevin Barnes,was,2009,0
BatiDA20,D'Anthony Batiste,was,2009,1
BettLa00,Ladell Betts,was,2009,3
BladH.99,H.B. Blades,was,2009,2
CampJa00,Jason Campbell,was,2009,11
CartAn20,Andre Carter,was,2009,8
CartRo01,Rock Cartwright,was,2009,3
CollTo00,Todd Collins,was,2009,0
CoolCh00,Chris Cooley,was,2009,3
DaniPh20,Phillip Daniels,was,2009,7
DaviFr01,Fred Davis,was,2009,4
DockDe20,Derrick Dockery,was,2009,7
DougRe20,Reed Doughty,was,2009,4
FletLo20,London Fletcher,was,2009,10
GanoGr44,Graham Gano,was,2009,1
GantQu00,Quinton Ganther,was,2009,2
GolsKe20,Kedric Golston,was,2009,3
GrifCo20,Cornelius Griffin,was,2009,6
HallDe99,DeAngelo Hall,was,2009,5
HaynAl20,Albert Haynesworth,was,2009,6
HensRo99,Robert Henson,was,2009,0
HeyeSt20,Stephon Heyer,was,2009,7
HolmLe99,Lendy Holmes,was,2009,0
HortCh99,Chris Horton,was,2009,2
JackRo99,Rob Jackson,was,2009,0
JarmJe99,Jeremy Jarmon,was,2009,1
JoneLe23,Levi Jones,was,2009,4
KellMa01,Malcolm Kelly,was,2009,3
LandLa99,LaRon Landry,was,2009,6
MasoMa00,Marcus Mason,was,2009,1
McInRo20,Rocky McIntosh,was,2009,8
MitcMa00,Marko Mitchell,was,2009,0
MontAn20,Anthony Montgomery,was,2009,1
MontWi20,Will Montgomery,was,2009,2
MoorKa99,Kareem Moore,was,2009,1
MossSa00,Santana Moss,was,2009,7
OrakBr99,Brian Orakpo,was,2009,10
PakuGl00,Glenn Pakulak,was,2009,0
PaulSa20,Sam Paulescu,was,2009,0
PortCl00,Clinton Portis,was,2009,4
RabaCa20,Casey Rabach,was,2009,7
RandAn00,Antwaan Randle El,was,2009,4
RineCh20,Chad Rinehart,was,2009,2
RobiWi20,William Robinson,was,2009,0
RogeCa20,Carlos Rogers,was,2009,6
SamuCh00,Chris Samuels,was,2009,2
SellMi00,Mike Sellers,was,2009,1
SmitHu21,Hunter Smith,was,2009,1
SmooFr20,Fred Smoot,was,2009,3
suishsha01,Shaun Suisham,was,2009,2
ThomDe02,Devin Thomas,was,2009,3
ThomRa21,Randy Thomas,was,2009,1
TryoJu99,Justin Tryon,was,2009,2
WestBy00,Byron Westbrook,was,2009,1
WillEd02,Edwin Williams,was,2009,1
WillMi22,Mike Williams,was,2009,4
WilsCh99,Chris Wilson,was,2009,1
WynnRe20,Renaldo Wynn,was,2009,0
YodeTo00,Todd Yoder,was,2009,0
BensCe00,Cedric Benson,cin,2009,9
CaldAn00,Andre Caldwell,cin,2009,4
CoatDa00,Daniel Coats,cin,2009,1
ColeLa00,Laveranues Coles,cin,2009,5
CollAn21,Anthony Collins,cin,2009,3
CookKy20,Kyle Cook,cin,2009,7
CosbQu00,Quan Cosby,cin,2009,0
CrocCh20,Chris Crocker,cin,2009,6
FaneJo20,Jonathan Fanene,cin,2009,6
FoscJo00,J.P. Foschi,cin,2009,2
GeatRo21,Robert Geathers,cin,2009,8
grahasha01,Shayne Graham,cin,2009,3
HallLe98,Leon Hall,cin,2009,15
HarrCl20,Clark Harris,cin,2009,1
HarrOr20,Orien Harris,cin,2009,0
HebeKy99,Kyries Hebert,cin,2009,1
HenrCh00,Chris Henry,cin,2009,2
HillDa03,Darius Hill,cin,2009,0
HodgAb20,Abdul Hodge,cin,2009,1
HubeKe20,Kevin Huber,cin,2009,2
JeanRa20,Rashad Jeanty,cin,2009,2
JohnBr20,Brandon Johnson,cin,2009,3
JohnCh01,Chad Johnson,cin,2009,9
JohnJe00,Jeremi Johnson,cin,2009,0
JohnLa00,Larry Johnson,cin,2009,1
JohnMi98,Michael Johnson,cin,2009,2
JohnTa20,Tank Johnson,cin,2009,6
JoneDa99,David Jones,cin,2009,1
JoneDh20,Dhani Jones,cin,2009,9
JoseJo20,Johnathan Joseph,cin,2009,8
KooiSc20,Scott Kooistra,cin,2009,0
LeonBr00,Brian Leonard,cin,2009,2
LiviNa20,Nate Livings,cin,2009,4
LuigJo20,Jonathan Luigs,cin,2009,1
MathEv20,Evan Mathis,cin,2009,3
MauaRe99,Rey Maualuga,cin,2009,7
MurrRi00,Rico Murray,cin,2009,0
NdukCh99,Nedu Ndukwe,cin,2009,6
NelsTo00,Tom Nelson,cin,2009,2
OSulJ.00,J.T. O'Sullivan,cin,2009,0
OdomAn20,Antwan Odom,cin,2009,4
PalmCa00,Carson Palmer,cin,2009,10
PekoDo20,Domata Peko,cin,2009,5
PopeGe20,Geoffrey Pope,cin,2009,0
PuriMa00,Maurice Purify,cin,2009,0
RiveKe99,Keith Rivers,cin,2009,7
RolaDe20,Dennis Roland,cin,2009,5
RuckFr99,Frostee Rucker,cin,2009,2
ScotBe00,Bernard Scott,cin,2009,4
SimpJe00,Jerome Simpson,cin,2009,0
SimsPa99,Pat Sims,cin,2009,5
SkutDa00,Dan Skuta,cin,2009,1
SmitAn23,Andre Smith,cin,2009,1
SmitSh20,Shaun Smith,cin,2009,0
StLoBr00,Brad St. Louis,cin,2009,0
TrenMo99,Morgan Trent,cin,2009,1
WhitAn20,Andrew Whitworth,cin,2009,7
WillBo21,Bobbie Williams,cin,2009,7
WillRo03,Roy Williams,cin,2009,2
AyodRe99,Remi Ayodele,nor,2009,6
BellMi00,Mike Bell,nor,2009,5
BreeDr00,Drew Brees,nor,2009,16
BrunMa00,Mark Brunell,nor,2009,0
BushRe00,Reggie Bush,nor,2009,6
BushJe20,Jermon Bushrod,nor,2009,9
carnejoh01,John Carney,nor,2009,1
CasiJo99,Jonathan Casillas,nor,2009,1
CharJe99,Jeff Charleston,nor,2009,1
ClanKe20,Kendrick Clancy,nor,2009,0
ColsMa00,Marques Colston,nor,2009,11
DinkDa00,Darnell Dinkins,nor,2009,0
DunbJo20,Jo-Lonn Dunbar,nor,2009,2
EckeKy00,Kyle Eckel,nor,2009,0
ElliSe99,Sedrick Ellis,nor,2009,5
EvanHe00,Heath Evans,nor,2009,1
EvanJa21,Jahri Evans,nor,2009,18
EvanTr20,Troy Evans,nor,2009,2
FassGr20,Greg Fassitt,nor,2009,0
FujiSc20,Scott Fujita,nor,2009,4
GayxRa20,Randall Gay,nor,2009,3
GoodJo23,Jonathan Goodwin,nor,2009,12
GranCh21,Charles Grant,nor,2009,7
GreeJa22,Jabari Greer,nor,2009,3
HamiLy20,Lynell Hamilton,nor,2009,1
HargAn20,Anthony Hargrove,nor,2009,5
HarpRo21,Roman Harper,nor,2009,7
HartGa00,Garrett Hartley,nor,2009,1
HendDe00,Devery Henderson,nor,2009,8
HumpTo00,Tory Humphrey,nor,2009,0
JenkMa99,Malcolm Jenkins,nor,2009,3
JoneHe21,Herana-Daze Jones,nor,2009,0
KyleJa20,Jason Kyle,nor,2009,2
LeckNi20,Nick Leckey,nor,2009,1
LeisRo20,Rodney Leisle,nor,2009,0
MailMa00,Marcus Mailei,nor,2009,0
McAlCh00,Chris McAlister,nor,2009,0
McCrBo20,Bobby McCray,nor,2009,1
McKeMi20,Mike McKenzie,nor,2009,1
MeacRo00,Robert Meachem,nor,2009,8
MitcMa99,Marvin Mitchell,nor,2009,2
MoorLa00,Lance Moore,nor,2009,2
MorsTh00,Thomas Morstead,nor,2009,2
NesbJa20,Jamar Nesbit,nor,2009,1
NickCa20,Carl Nicks,nor,2009,10
OrteBu00,Buck Ortega,nor,2009,0
PortTr99,Tracy Porter,nor,2009,5
PresDe99,DeMario Pressley,nor,2009,1
PrioPi20,Pierson Prioleau,nor,2009,1
ReisCh99,Chris Reis,nor,2009,2
RobyCo00,Courtney Roby,nor,2009,1
ShanSc20,Scott Shanle,nor,2009,7
SharDa00,Darren Sharper,nor,2009,13
ShocJe00,Jeremy Shockey,nor,2009,6
SmitWi99,Will Smith,nor,2009,8
StinJo20,Jon Stinchcomb,nor,2009,12
StriZa20,Zach Strief,nor,2009,3
ThomDa02,David Thomas,nor,2009,4
ThomPi00,Pierre Thomas,nor,2009,9
TorrLe20,Leigh Torrence,nor,2009,0
VilmJo99,Jonathan Vilma,nor,2009,10
WateAn00,Anthony Waters,nor,2009,0
YounUs99,Usama Young,nor,2009,1
AndrSh00,Shane Andrus,sfo,2009,0
BaasDa20,David Baas,sfo,2009,7
BalmKe99,Kentwan Balmer,sfo,2009,1
BattAr00,Arnaz Battle,sfo,2009,0
BlyxDr00,Dre' Bly,sfo,2009,5
BrigDi99,Diyral Briggs,sfo,2009,0
BrooAh21,Ahmad Brooks,sfo,2009,2
BrowTa99,Tarell Brown,sfo,2009,3
BrucIs00,Isaac Bruce,sfo,2009,2
ClemNa99,Nate Clements,sfo,2009,3
CoffGl00,Glen Coffee,sfo,2009,2
CrabMi00,Michael Crabtree,sfo,2009,6
DaviVe00,Vernon Davis,sfo,2009,9
EvanDe20,Demetric Evans,sfo,2009,1
FranAu20,Aubrayo Franklin,sfo,2009,9
GoldDa99,Dashon Goldson,sfo,2009,8
GoreFr00,Frank Gore,sfo,2009,12
HaraPa20,Parys Haralson,sfo,2009,9
HarrMa20,Marques Harris,sfo,2009,0
HeitEr20,Eric Heitmann,sfo,2009,7
HillJa00,Jason Hill,sfo,2009,1
HillSh00,Shaun Hill,sfo,2009,3
HudsMa20,Marcus Hudson,sfo,2009,1
JeanRi99,Ricky Jean-Francois,sfo,2009,0
JennBr00,Brian Jennings,sfo,2009,0
JoneBr02,Brandon Jones,sfo,2009,0
LawsMa20,Manny Lawson,sfo,2009,9
LeexAn20,Andy Lee,sfo,2009,4
LewiMi99,Michael Lewis,sfo,2009,7
McDoRa99,Ray McDonald,sfo,2009,3
McKiSc99,Scott McKillop,sfo,2009,2
MillBr01,Brit Miller,sfo,2009,0
MorgJo00,Josh Morgan,sfo,2009,5
nednejoe01,Joe Nedney,sfo,2009,3
NorrMo00,Moran Norris,sfo,2009,1
PashTo20,Tony Pashos,sfo,2009,1
PatrCh20,Chris Patrick,sfo,2009,0
RachCh20,Chilo Rachal,sfo,2009,6
RobiMi00,Michael Robinson,sfo,2009,0
RomaMa20,Mark Roman,sfo,2009,3
RossAl99,Allen Rossum,sfo,2009,0
SchmRi00,Ricky Schmitt,sfo,2009,0
SimsBa20,Barry Sims,sfo,2009,4
SmitAl03,Alex Smith,sfo,2009,7
SmitJu20,Justin Smith,sfo,2009,13
SmitKe20,Keith Smith,sfo,2009,0
SmitRe99,Reggie Smith,sfo,2009,1
SnydAd20,Adam Snyder,sfo,2009,7
SopoIs20,Isaac Sopoaga,sfo,2009,8
SpenSh20,Shawntae Spencer,sfo,2009,7
SpikTa00,Takeo Spikes,sfo,2009,9
SpurMi00,Micheal Spurlock,sfo,2009,0
StalJo20,Joe Staley,sfo,2009,4
TaylCu99,Curtis Taylor,sfo,2009,0
UlbrJe20,Jeff Ulbrich,sfo,2009,0
WalkHu00,Delanie Walker,sfo,2009,2
WallCo20,Cody Wallace,sfo,2009,0
WilhMa20,Matt Wilhelm,sfo,2009,2
WillPa98,Patrick Willis,sfo,2009,20
WragTo20,Tony Wragge,sfo,2009,1
AdeyVi20,Victor Adeyanju,ram,2009,1
AhYoC.00,C.J. Ah You,ram,2009,1
AlleRo20,Roger Allen,ram,2009,0
AmenDa00,Danny Amendola,ram,2009,2
AsioK.00,K.C. Asiodu,ram,2009,1
AtogO.20,O.J. Atogwe,ram,2009,5
AverDo00,Donnie Avery,ram,2009,4
BajeBi00,Billy Bajema,ram,2009,1
BarrAl20,Alex Barron,ram,2009,4
BartRo20,Ron Bartell,ram,2009,5
BellJa20,Jacob Bell,ram,2009,3
BollKy00,Kyle Boller,ram,2009,-2
BrowJa23,Jason Brown,ram,2009,4
brownjos01,Josh Brown,ram,2009,4
BulgMa00,Marc Bulger,ram,2009,2
BurtKe00,Keenan Burton,ram,2009,2
ButlJa20,James Butler,ram,2009,5
ButlQu20,Quincy Butler,ram,2009,3
CartTi00,Tim Carter,ram,2009,0
ChamCh99,Chris Chamberlain,ram,2009,1
CulbQu99,Quinton Culberson,ram,2009,0
DahlCr99,Craig Dahl,ram,2009,3
DarbKe00,Kenneth Darby,ram,2009,1
DougDo20,Dominic Douglas,ram,2009,0
DouzLe00,Leger Douzable,ram,2009,1
FellDa00,Daniel Fells,ram,2009,2
FletBr99,Bradley Fletcher,ram,2009,1
GadoSa00,Samkon Gado,ram,2009,0
GibsBr00,Brandon Gibson,ram,2009,2
GibsGa99,Gary Gibson,ram,2009,2
GoldAd20,Adam Goldberg,ram,2009,4
GorrDa00,Danny Gorrer,ram,2009,0
GranLa99,Larry Grant,ram,2009,1
GrecJo20,John Greco,ram,2009,1
HallJa21,James Hall,ram,2009,6
HartCl20,Clinton Hart,ram,2009,0
IncoRi20,Richie Incognito,ram,2009,2
JackSt00,Steven Jackson,ram,2009,8
JoneDo21,Donnie Jones,ram,2009,3
JoneNa21,Nate Jones,ram,2009,0
KarnMi00,Mike Karney,ram,2009,0
KentJo20,Jordan Kent,ram,2009,0
KingJu99,Justin King,ram,2009,3
LaurJa99,James Laurinaitis,ram,2009,7
LenoPa20,Paris Lenon,ram,2009,4
LittLe00,Leonard Little,ram,2009,5
LongCh99,Chris Long,ram,2009,3
MartRu00,Ruvell Martin,ram,2009,1
MassCh00,Chris Massey,ram,2009,1
McMiRa01,Randy McMichael,ram,2009,2
NeilRy99,Ryan Neill,ram,2009,1
NullKe00,Keith Null,ram,2009,1
OgboCh00,Chris Ogbonnaya,ram,2009,0
ParkCo00,Cord Parks,ram,2009,0
RamsLa20,LaJuan Ramsey,ram,2009,2
RoacDa00,David Roach,ram,2009,1
RobiLa01,Laurent Robinson,ram,2009,1
RyanCl99,Clifton Ryan,ram,2009,6
ScotDo99,Darell Scott,ram,2009,3
SettMa20,Mark Setterstrom,ram,2009,1
SmitAn21,Anthony Smith,ram,2009,0
SmitJa22,Jason Smith,ram,2009,1
StanDe00,Derek Stanley,ram,2009,0
ThomHo20,Hollis Thomas,ram,2009,0
TrauPh20,Phil Trautwein,ram,2009,0
VoboDa99,David Vobora,ram,2009,4
WadeJo99,Jonathan Wade,ram,2009,2
WithWi20,Will Witherspoon,ram,2009,2
WychJa00,James Wyche,ram,2009,0
BardRa00,Ramses Barden,nyg,2009,0
BeatWi20,Will Beatty,nyg,2009,4
BeckTr00,Travis Beckum,nyg,2009,0
BernRo20,Rocky Bernard,nyg,2009,1
BlacCh21,Chase Blackburn,nyg,2009,3
BoleMi20,Michael Boley,nyg,2009,4
BootKe20,Kevin Boothe,nyg,2009,3
BossKe00,Kevin Boss,nyg,2009,5
BradAh00,Ahmad Bradshaw,nyg,2009,7
BrowC.20,C.C. Brown,nyg,2009,3
CantCh21,Chris Canty,nyg,2009,2
CarrDa00,David Carr,nyg,2009,1
ClarDa21,Danny Clark,nyg,2009,4
CofiBa20,Barry Cofield,nyg,2009,5
DeOsZa99,Zak DeOssie,nyg,2009,1
DiehDa21,David Diehl,nyg,2009,11
DockKe20,Kevin Dockery,nyg,2009,2
FeagJe20,Jeff Feagles,nyg,2009,1
GoffJo99,Jonathan Goff,nyg,2009,2
HagaDe00,Derek Hagan,nyg,2009,1
HedgMa00,Madison Hedgecock,nyg,2009,0
HixoDo00,Domenik Hixon,nyg,2009,3
JacoBr00,Brandon Jacobs,nyg,2009,6
JohnBr97,Bruce Johnson,nyg,2009,3
JohnDo99,D.J. Johnson,nyg,2009,0
JohnDa03,Darcy Johnson,nyg,2009,0
JohnGa01,Gartrell Johnson,nyg,2009,0
JohnMi99,Michael Johnson,nyg,2009,5
KehlBr99,Bryan Kehl,nyg,2009,1
KiwaMa20,Mathias Kiwanuka,nyg,2009,3
KoetAd20,Adam Koets,nyg,2009,0
MannEl00,Eli Manning,nyg,2009,13
MannMa01,Mario Manningham,nyg,2009,7
McKeKa20,Kareem McKenzie,nyg,2009,7
MossSi00,Sinorice Moss,nyg,2009,0
NickHa01,Hakeem Nicks,nyg,2009,7
OHarSh20,Shaun O'Hara,nyg,2009,11
PascBe00,Bear Pascoe,nyg,2009,0
PhilKe99,Kenny Phillips,nyg,2009,1
PierAn20,Antonio Pierce,nyg,2009,3
RobbFr20,Fred Robbins,nyg,2009,4
RossAa99,Aaron Ross,nyg,2009,0
RousAa99,Aaron Rouse,nyg,2009,3
SeubRi20,Rich Seubert,nyg,2009,8
SintCl99,Clint Sintim,nyg,2009,1
SmitSt02,Steve Smith,nyg,2009,11
SneeCh20,Chris Snee,nyg,2009,11
ThomTe99,Terrell Thomas,nyg,2009,6
TollDa99,Dave Tollefson,nyg,2009,1
TuckJu20,Justin Tuck,nyg,2009,6
tyneslaw01,Lawrence Tynes,nyg,2009,3
UmenOs99,Osi Umenyiora,nyg,2009,5
WareDa00,Danny Ware,nyg,2009,1
WebsCo20,Corey Webster,nyg,2009,4
WhimGu20,Guy Whimper,nyg,2009,1
WilkGe20,Gerris Wilkinson,nyg,2009,1
AyerRo99,Robert Ayers,den,2009,2
BailCh00,Champ Bailey,den,2009,9
BakeCh99,Chris Baker,den,2009,0
BarrJo99,Josh Barrett,den,2009,1
BergMi20,Mitch Berger,den,2009,1
BrutDa99,David Bruton,den,2009,1
BuckCo00,Correll Buckhalter,den,2009,5
CartTo99,Tony Carter,den,2009,1
CladRy20,Ryan Clady,den,2009,13
DaviAn20,Andra Davis,den,2009,6
DawkBr00,Brian Dawkins,den,2009,10
DumeEl20,Elvis Dumervil,den,2009,14
FielRo20,Ronald Fields,den,2009,7
FoxxVe20,Vernon Fox,den,2009,0
GaffJa00,Jabar Gaffney,den,2009,6
GoodAn20,Andre' Goodman,den,2009,7
GoriBr20,Brandon Gorin,den,2009,1
GrahDa00,Daniel Graham,den,2009,2
HaggMa20,Mario Haggan,den,2009,7
HamiBe20,Ben Hamilton,den,2009,4
HarrRy20,Ryan Harris,den,2009,4
HillRe20,Renaldo Hill,den,2009,6
HillPe00,Peyton Hillis,den,2009,0
HochRu20,Russ Hochstein,den,2009,5
HollVo20,Vonnie Holliday,den,2009,3
JordLa00,LaMont Jordan,den,2009,0
KernBr20,Brett Kern,den,2009,1
KupeCh20,Chris Kuper,den,2009,7
LarsSp99,Spencer Larsen,den,2009,1
LawxTy00,Ty Law,den,2009,1
LloyBr00,Brandon Lloyd,den,2009,1
MarsBr00,Brandon Marshall,den,2009,9
McBaDa99,Darcel McBath,den,2009,1
McBeRy99,Ryan McBean,den,2009,6
McKiKe00,Kenny McKinley,den,2009,0
MoreKn00,Knowshon Moreno,den,2009,6
MossJa99,Jarvis Moss,den,2009,0
OlseSe20,Seth Olsen,den,2009,0
OrtoKy00,Kyle Orton,den,2009,10
PaxtLo20,Lonie Paxton,den,2009,2
PeteKe21,Kenny Peterson,den,2009,6
PoluTy20,Tyler Polumbus,den,2009,4
PratMa20,Matt Prater,den,2009,4
QuinRi00,Richard Quinn,den,2009,0
ReidDa20,Darrell Reid,den,2009,2
RoyaEd00,Eddie Royal,den,2009,5
ScheTo00,Tony Scheffler,den,2009,3
SimmCh00,Chris Simms,den,2009,0
SmitAl98,Alphonso Smith,den,2009,1
SmitLe20,Le Kevin Smith,den,2009,2
StokBr00,Brandon Stokley,den,2009,2
ThomMa99,Marcus Thomas,den,2009,1
WiegCa20,Casey Wiegmann,den,2009,7
WillD.20,D.J. Williams,den,2009,8
WillJa96,Jack Williams,den,2009,1
WillMa00,Matt Willis,den,2009,0
WoodWe20,Wesley Woodyard,den,2009,2
AdamMi21,Mike Adams,cle,2009,4
AlleJa24,Jake Allen,cle,2009,0
AndeDe00,Derek Anderson,cle,2009,-4
BartEr20,Eric Barton,cle,2009,4
BenaMa00,Marcus Benard,cle,2009,1
BoweDa20,David Bowens,cle,2009,7
BrowTi20,Titus Brown,cle,2009,0
ColeKe20,Kenyon Coleman,cle,2009,5
CostBl20,Blake Costanzo,cle,2009,2
CribJo01,Josh Cribbs,cle,2009,7
cundibil01,Billy Cundiff,cle,2009,1
DaviJa03,James Davis,cle,2009,0
dawsophi01,Phil Dawson,cle,2009,3
EdwaBr00,Braylon Edwards,cle,2009,1
ElamAb20,Abram Elam,cle,2009,6
EstaGr01,Greg Estandia,cle,2009,0
FralHa20,Hank Fraley,cle,2009,2
FranCo99,Coye Francies,cle,2009,0
FurrMi00,Mike Furrey,cle,2009,3
GainMi00,Michael Gaines,cle,2009,0
HadnRe20,Rex Hadnot,cle,2009,2
HallAl99,Alex Hall,cle,2009,1
HarrAr21,Arnold Harrison,cle,2009,0
HarrJe00,Jerome Harrison,cle,2009,6
HeidSt00,Steve Heiden,cle,2009,1
HodgRe20,Reggie Hodges,cle,2009,0
JackDQ20,D'Qwell Jackson,cle,2009,3
JennCh00,Chris Jennings,cle,2009,2
LawsGe20,Gerard Lawson,cle,2009,0
LewiJa00,Jamal Lewis,cle,2009,3
MackAl20,Alex Mack,cle,2009,5
MadiAn20,Anthony Madison,cle,2009,0
MaiaKa99,Kaluka Maiava,cle,2009,2
MassMo00,Mohamed Massaquoi,cle,2009,5
McDoBr99,Brandon McDonald,cle,2009,4
MoorEv00,Evan Moore,cle,2009,1
MoslC.20,C.J. Mosley,cle,2009,1
PontRy20,Ryan Pontbriand,cle,2009,2
PoolBr20,Brodney Pool,cle,2009,5
PoteHa20,Hank Poteat,cle,2009,2
QuinBr00,Brady Quinn,cle,2009,2
RobiDe21,Derreck Robinson,cle,2009,0
RobiRa99,Ramzee Robinson,cle,2009,0
RobiBr00,Brian Robiskie,cle,2009,1
RogeSh99,Shaun Rogers,cle,2009,5
RothMa20,Matt Roth,cle,2009,3
RoyaRo00,Robert Royal,cle,2009,1
RubiAh99,Ahtyba Rubin,cle,2009,3
SchaBr00,Brian Schaefering,cle,2009,1
SmitRo21,Robaire Smith,cle,2009,7
SoreNi20,Nick Sorensen,cle,2009,1
St.CJo20,John St. Clair,cle,2009,4
StamJo20,Josh Stamer,cle,2009,0
SteiEr20,Eric Steinbach,cle,2009,5
StucCh20,Chansi Stuckey,cle,2009,2
ThomJo28,Joe Thomas,cle,2009,9
TrusJa99,Jason Trusnik,cle,2009,4
VeikDa99,David Veikune,cle,2009,1
VentRa20,Raymond Ventrone,cle,2009,1
VickLa00,Lawrence Vickers,cle,2009,0
WillCo21,Corey Williams,cle,2009,3
WimbKa20,Kamerion Wimbley,cle,2009,6
WomaFl20,Floyd Womack,cle,2009,3
WrigEr99,Eric Wright,cle,2009,7
YateBi20,Billy Yates,cle,2009,0
ZastDa20,Dave Zastudil,cle,2009,1
AddaJo00,Joseph Addai,clt,2009,10
AndrSh00,Shane Andrus,clt,2009,0
BaldEr99,Ervin Baldwin,clt,2009,0
BaskHa00,Hank Baskett,clt,2009,0
BethAn20,Antoine Bethea,clt,2009,8
BracGa20,Gary Brackett,clt,2009,7
BrocRa20,Raheem Brock,clt,2009,5
BrowDo00,Donald Brown,clt,2009,4
BullMe99,Melvin Bullitt,clt,2009,4
ClarDa00,Dallas Clark,clt,2009,12
ClohCo00,Colin Cloherty,clt,2009,0
CollAu00,Austin Collie,clt,2009,8
DawsKe99,Keyunta Dawson,clt,2009,2
DeVaKy00,Kyle DeVan,clt,2009,6
DiemRy20,Ryan Diem,clt,2009,9
FedeDa20,Daniel Federkeil,clt,2009,1
FostEr20,Eric Foster,clt,2009,4
FranAa20,Aaron Francisco,clt,2009,1
FreeDw00,Dwight Freeney,clt,2009,12
GarcPi00,Pierre Garcon,clt,2009,9
GiguSa00,Sam Giguere,clt,2009,0
GillJo99,John Gill,clt,2009,0
GlenCo99,Cody Glenn,clt,2009,1
GonzAn00,Anthony Gonzalez,clt,2009,0
HaglTy20,Tyjuan Hagler,clt,2009,3
HallDe00,De'von Hall,clt,2009,0
HartMi00,Mike Hart,clt,2009,1
HaydKe20,Kelvin Hayden,clt,2009,3
HumbRa00,Ramon Humber,clt,2009,2
JackMa22,Marlin Jackson,clt,2009,0
JennTi20,Tim Jennings,clt,2009,3
JohnAn03,Antonio Johnson,clt,2009,6
JohnCh23,Charlie Johnson,clt,2009,7
JohnEd99,Edward Johnson,clt,2009,2
KeiaFr20,Freddy Keiaho,clt,2009,2
LaceJa99,Jacob Lacey,clt,2009,4
LiljRy20,Ryan Lilja,clt,2009,9
MadiAn20,Anthony Madison,clt,2009,0
MannPe00,Peyton Manning,clt,2009,17
MathRo20,Robert Mathis,clt,2009,7
McAfPa44,Pat McAfee,clt,2009,2
MoalFi99,Fili Moala,clt,2009,1
MuirDa20,Daniel Muir,clt,2009,5
PainCu00,Curtis Painter,clt,2009,0
PollMi20,Mike Pollak,clt,2009,5
PoweJe99,Jerraud Powers,clt,2009,4
RichJa20,Jamey Richard,clt,2009,1
RobiGi21,Gijon Robinson,clt,2009,1
RushT.20,T.J. Rushing,clt,2009,1
SandBo99,Bob Sanders,clt,2009,1
SantTo00,Tom Santi,clt,2009,1
SatuJe55,Jeff Saturday,clt,2009,12
SennJo00,Jordan Senn,clt,2009,0
SessCl99,Clint Session,clt,2009,7
SilvJa99,Jamie Silva,clt,2009,1
SimpCh00,Chad Simpson,clt,2009,2
SnowJu00,Justin Snow,clt,2009,0
SorgJi00,Jim Sorgi,clt,2009,0
stovemat01,Matt Stover,clt,2009,2
TammJa00,Jacob Tamme,clt,2009,0
ThomJo25,Josh Thomas,clt,2009,1
ToudMi20,Michael Toudouze,clt,2009,1
UgohTo20,Tony Ugoh,clt,2009,3
vinatada01,Adam Vinatieri,clt,2009,1
WaynRe00,Reggie Wayne,clt,2009,14
WheePh99,Philip Wheeler,clt,2009,4
AllrCo99,Colin Allred,oti,2009,1
AmanEu20,Eugene Amano,oti,2009,7
AmatKe20,Ken Amato,oti,2009,2
BakhEr00,Eric Bakhtiari,oti,2009,0
BallDa20,Dave Ball,oti,2009,1
bironrob01,Rob Bironas,oti,2009,5
BritKe00,Kenny Britt,oti,2009,7
BrowTo25,Tony Brown,oti,2009,6
BullKe00,Keith Bulluck,oti,2009,7
CollKe00,Kerry Collins,oti,2009,1
CookJa02,Jared Cook,oti,2009,1
CrumAl00,Alge Crumpler,oti,2009,2
EdisDo00,Dominique Edison,oti,2009,0
FinnCo20,Cortland Finnegan,oti,2009,5
FordJa99,Jacob Ford,oti,2009,1
FullVi20,Vincent Fuller,oti,2009,2
GageJu00,Justin Gage,oti,2009,4
GrifMi99,Michael Griffin,oti,2009,5
HallAh00,Ahmard Hall,oti,2009,1
HarpNi20,Nick Harper,oti,2009,3
HarrLe21,Leroy Harris,oti,2009,2
HawkLa00,Lavelle Hawkins,oti,2009,1
HayeJo20,Jovan Haye,oti,2009,5
HayeWi99,William Hayes,oti,2009,5
HenrCh01,Chris Henry,oti,2009,0
hentrcra01,Craig Hentrich,oti,2009,0
HodgRe20,Reggie Hodges,oti,2009,0
HoodRo20,Roderick Hood,oti,2009,2
HopeCh21,Chris Hope,oti,2009,5
JohnCh04,Chris Johnson,oti,2009,18
JoneJa99,Jason Jones,oti,2009,1
JoneMa01,Mark Jones,oti,2009,0
KaesKe20,Kevin Kaesviharn,oti,2009,1
KearJe00,Jevon Kearse,oti,2009,2
KeglSt99,Stanford Keglar,oti,2009,1
KernBr20,Brett Kern,oti,2009,1
KropTr20,Troy Kropog,oti,2009,0
MarkSe99,Sen'Derrick Marks,oti,2009,1
MawaKe00,Kevin Mawae,oti,2009,9
McCoJa99,Jason McCourty,oti,2009,1
McRaGe99,Gerald McRath,oti,2009,3
MoutRy99,Ryan Mouton,oti,2009,2
NickDo20,Donnie Nickey,oti,2009,1
OttoMi20,Michael Otto,oti,2009,1
PearAl00,Alvin Pearman,oti,2009,0
RingJa00,Javon Ringer,oti,2009,0
RoosMi20,Michael Roos,oti,2009,12
ScaiBo00,Bo Scaife,oti,2009,4
ScotJa21,Jake Scott,oti,2009,7
StevCr00,Craig Stevens,oti,2009,0
StewDa21,David Stewart,oti,2009,7
ThorDa20,David Thornton,oti,2009,4
TullSt20,Stephen Tulloch,oti,2009,6
VandKy99,Kyle Vanden Bosch,oti,2009,8
VelaFe20,Fernando Velasco,oti,2009,0
VickKe99,Kevin Vickerson,oti,2009,2
WashNa00,Nate Washington,oti,2009,6
WhitLe01,LenDale White,oti,2009,2
WillCa99,Cary Williams,oti,2009,0
WinbJa20,Jamie Winborn,oti,2009,0
YounVi00,Vince Young,oti,2009,8
CarrAh20,Ahmad Carroll,nyj,2009,0
ClemKe00,Kellen Clemens,nyj,2009,0
ClowDa00,David Clowney,nyj,2009,2
ColeMa01,Marquice Cole,nyj,2009,1
ColeDr20,Drew Coleman,nyj,2009,2
CotcJe00,Jerricho Cotchery,nyj,2009,7
CummKe20,Kenwin Cummings,nyj,2009,0
DearJa00,James Dearth,nyj,2009,0
DeViMi99,Mike DeVito,nyj,2009,4
DougMa20,Marques Douglas,nyj,2009,16
EdwaBr00,Braylon Edwards,nyj,2009,5
ElliSh00,Shaun Ellis,nyj,2009,14
FaneAl00,Alan Faneca,nyj,2009,8
feelyjay01,Jay Feely,nyj,2009,4
FergDB20,D'Brickashaw Ferguson,nyj,2009,8
FowlRy20,Ryan Fowler,nyj,2009,1
GholVe99,Vernon Gholston,nyj,2009,3
GreeHo20,Howard Green,nyj,2009,2
GreeSh00,Shonn Greene,nyj,2009,3
HarrDa99,David Harris,nyj,2009,19
HartBe00,Ben Hartsock,nyj,2009,0
HuntWa20,Wayne Hunter,nyj,2009,1
IhedJa00,James Ihedigbo,nyj,2009,1
IzzoLa00,Larry Izzo,nyj,2009,2
JenkKr00,Kris Jenkins,nyj,2009,4
JoneTh00,Thomas Jones,nyj,2009,8
KellDu00,Dustin Keller,nyj,2009,5
LeonJi23,Jim Leonhard,nyj,2009,8
LoweDw99,Dwight Lowery,nyj,2009,4
MangNi20,Nick Mangold,nyj,2009,11
MillJu99,Justin Miller,nyj,2009,0
MoorBr20,Brandon Moore,nyj,2009,6
MullMa00,Matthew Mulligan,nyj,2009,0
MurrMa99,Marques Murrell,nyj,2009,1
PaceCa20,Calvin Pace,nyj,2009,8
PitoRo00,Ropati Pitoitua,nyj,2009,1
PouhSi20,Sione Pouha,nyj,2009,10
ReviDa99,Darrelle Revis,nyj,2009,22
RhodKe20,Kerry Rhodes,nyj,2009,8
RichTo00,Tony Richardson,nyj,2009,0
SancMa00,Mark Sanchez,nyj,2009,6
ScotBa20,Bart Scott,nyj,2009,11
ShepLi99,Lito Sheppard,nyj,2009,5
SlauMa20,Matt Slauson,nyj,2009,0
SmitBr01,Brad Smith,nyj,2009,3
SmitEr22,Eric Smith,nyj,2009,3
StriDo20,Donald Strickland,nyj,2009,2
StucCh20,Chansi Stuckey,nyj,2009,1
ThomBr21,Bryan Thomas,nyj,2009,10
TrusJa99,Jason Trusnik,nyj,2009,1
TurnRo22,Robert Turner,nyj,2009,1
WashLe00,Leon Washington,nyj,2009,3
WeatSt20,Steve Weatherford,nyj,2009,2
WestJa99,Jamaal Westerman,nyj,2009,2
WoodDa02,Danny Woodhead,nyj,2009,1
WoodDa20,Damien Woody,nyj,2009,6
WrigWa00,Wallace Wright,nyj,2009,0
AdibXa99,Xavier Adibi,htx,2009,1
AndeDa01,David Anderson,htx,2009,3
BarbDo99,Dominique Barber,htx,2009,3
BarwCo99,Connor Barwin,htx,2009,2
BennFr99,Fred Bennett,htx,2009,1
BentKe20,Kevin Bentley,htx,2009,1
BrisMi20,Mike Brisiel,htx,2009,3
BrowCh03,Chris Brown,htx,2009,2
BrowDu20,Duane Brown,htx,2009,8
brownkri01,Kris Brown,htx,2009,0
BulmTi20,Tim Bulman,htx,2009,2
BusiJo20,John Busing,htx,2009,2
ButlRa20,Rashad Butler,htx,2009,1
CaldAn20,Antoine Caldwell,htx,2009,2
CampKh20,Khary Campbell,htx,2009,0
CaseJa00,James Casey,htx,2009,1
CodySh20,Shaun Cody,htx,2009,6
CushBr99,Brian Cushing,htx,2009,11
DaniOw00,Owen Daniels,htx,2009,5
DaviAn01,Andre' Davis,htx,2009,1
DileZa99,Zach Diles,htx,2009,6
DreeJo00,Joel Dreessen,htx,2009,3
FergNi20,Nick Ferguson,htx,2009,1
FostAr00,Arian Foster,htx,2009,3
GrosRe00,Rex Grossman,htx,2009,0
HillAn00,Anthony Hill,htx,2009,0
JamiTi99,Tim Jamison,htx,2009,0
JohnAn02,Andre Johnson,htx,2009,14
JoneJa03,Jacoby Jones,htx,2009,5
LeacVo00,Vonta Leach,htx,2009,1
MartGl00,Glenn Martinez,htx,2009,0
McCaBr99,Brice McCain,htx,2009,1
MoatRy00,Ryan Moats,htx,2009,4
MoldAn99,Antwaun Molden,htx,2009,0
MyerCh20,Chris Myers,htx,2009,8
NadiJe00,Jesse Nading,htx,2009,0
OkamFr99,Frank Okam,htx,2009,0
OkoyAm99,Amobi Okoye,htx,2009,7
PittBr20,Bryan Pittman,htx,2009,0
PittCh20,Chester Pitts,htx,2009,1
PollBe20,Bernard Pollard,htx,2009,6
QuinGl99,Glover Quin,htx,2009,4
ReevJa20,Jacques Reeves,htx,2009,2
RobiDe22,DelJuan Robinson,htx,2009,1
RobiDu20,Dunta Robinson,htx,2009,5
RussBr20,Brian Russell,htx,2009,0
RyanDe20,DeMeco Ryans,htx,2009,11
SchaMa00,Matt Schaub,htx,2009,15
SlatSt00,Steve Slaton,htx,2009,7
SmitAn22,Antonio Smith,htx,2009,8
StudKa20,Kasey Studdard,htx,2009,8
ThomCh23,Chaun Thompson,htx,2009,0
TurkMa20,Matt Turk,htx,2009,2
WaltKe00,Kevin Walter,htx,2009,6
WhitCh22,Chris White,htx,2009,5
WillMa22,Mario Williams,htx,2009,11
WilsEu20,Eugene Wilson,htx,2009,3
WinsEr20,Eric Winston,htx,2009,8
ZgonJe20,Jeff Zgonina,htx,2009,3
AdamGa99,Gaines Adams,tam,2009,2
AlleWi21,Will Allen,tam,2009,1
AndeBr23,Brandon Anderson,tam,2009,0
AndrSh00,Shane Andrus,tam,2009,0
ArriKy00,Kyle Arrington,tam,2009,0
AskeB.00,B.J. Askew,tam,2009,0
BarbRo00,Ronde Barber,tam,2009,6
barthco01,Connor Barth,tam,2009,2
BennMi99,Michael Bennett,tam,2009,0
BlacQu99,Quincy Black,tam,2009,6
BryaAn00,Antonio Bryant,tam,2009,4
CargSt20,Steve Cargile,tam,2009,0
ClarBr00,Brian Clark,tam,2009,0
ClayMi00,Michael Clayton,tam,2009,2
CompJo00,Jonathan Compas,tam,2009,0
CoxxTo21,Torrie Cox,tam,2009,1
CrowTi99,Tim Crowder,tam,2009,3
DotsDe00,Demar Dotson,tam,2009,0
EconAn20,Andrew Economos,tam,2009,2
FainJe20,Jeff Faine,tam,2009,4
FiguYa00,Yamon Figurs,tam,2009,0
FreeJo00,Josh Freeman,tam,2009,2
GilmJo00,John Gilmore,tam,2009,0
GrahEa00,Earnest Graham,tam,2009,1
HamiMa99,Marcus Hamilton,tam,2009,0
HayeGe98,Geno Hayes,tam,2009,6
HaywAd98,Adam Hayward,tam,2009,1
HovaCh20,Chris Hovan,tam,2009,6
HuggKa00,Kareem Huggins,tam,2009,0
JackTa99,Tanard Jackson,tam,2009,6
JohnDi20,Dirk Johnson,tam,2009,1
JohnJo05,Josh Johnson,tam,2009,2
JohnMa20,Marcus Johnson,tam,2009,0
JoseDa20,Davin Joseph,tam,2009,5
KoutNi20,Niko Koutouvides,tam,2009,1
LeftBy00,Byron Leftwich,tam,2009,1
LyncCo99,Corey Lynch,tam,2009,1
MackEl20,Elbert Mack,tam,2009,2
MahaSe20,Sean Mahan,tam,2009,1
McCoMa20,Matt McCoy,tam,2009,1
MillRo99,Roy Miller,tam,2009,2
MoorDr99,Dre Moore,tam,2009,1
MoorKy99,Kyle Moore,tam,2009,1
MurpSh20,Shawn Murphy,tam,2009,0
nugenmik01,Mike Nugent,tam,2009,-1
PaulSa20,Sam Paulescu,tam,2009,0
PennDo20,Donald Penn,tam,2009,5
PhilJe20,Jermaine Phillips,tam,2009,1
PiscSa99,Sabby Piscitelli,tam,2009,6
PresCh00,Chris Pressley,tam,2009,0
RobeDe00,Derrick Roberson,tam,2009,0
RuudBa20,Barrett Ruud,tam,2009,7
SimsRy20,Ryan Sims,tam,2009,6
SmitCl22,Clifton Smith,tam,2009,0
SpurMi00,Micheal Spurlock,tam,2009,1
StevJe00,Jerramy Stevens,tam,2009,1
StovMa00,Maurice Stovall,tam,2009,2
StroSa00,Sammie Stroughter,tam,2009,3
TaliAq99,Aqib Talib,tam,2009,6
TrueJe20,Jeremy Trueblood,tam,2009,5
WardDe01,Derrick Ward,tam,2009,3
WhitGr99,Stylez G. White,tam,2009,4
WilkJi20,Jimmy Wilkerson,tam,2009,6
WillCa02,Cadillac Williams,tam,2009,5
WilsRo20,Rod Wilson,tam,2009,1
WinsKe01,Kellen Winslow,tam,2009,6
ZuttJe20,Jeremy Zuttah,tam,2009,5
AlleJa23,Jason Allen,mia,2009,1
AlleWi20,Will Allen,mia,2009,2
AndeCh21,Charlie Anderson,mia,2009,1
AyodAk20,Akin Ayodele,mia,2009,6
BakeRy00,Ryan Baker,mia,2009,0
BellYe20,Yeremiah Bell,mia,2009,8
BergJo20,Joe Berger,mia,2009,4
BessDa00,Davone Bess,mia,2009,7
BrowRo05,Ronnie Brown,mia,2009,5
CamaGr00,Greg Camarillo,mia,2009,5
CareVe20,Vernon Carey,mia,2009,8
CarpDa44,Dan Carpenter,mia,2009,4
ClemCh97,Chris Clemons,mia,2009,1
CobbPa00,Patrick Cobbs,mia,2009,0
CrowCh20,Channing Crowder,mia,2009,5
CulvTy20,Tyrone Culver,mia,2009,2
DaviVo99,Vontae Davis,mia,2009,4
DennJo20,John Denney,mia,2009,2
DotsLi99,Lionel Dotson,mia,2009,0
FasaAn00,Anthony Fasano,mia,2009,3
FergJa21,Jason Ferguson,mia,2009,3
FielBr20,Brandon Fields,mia,2009,3
FolsJ.99,J.D. Folsom,mia,2009,0
GardAn20,Andrew Gardner,mia,2009,0
GarnNa20,Nate Garner,mia,2009,5
GinnTe00,Ted Ginn Jr.,mia,2009,6
GrovJa20,Jake Grove,mia,2009,5
HartBr00,Brian Hartline,mia,2009,5
HaynJo00,Joey Haynos,mia,2009,1
HennCh01,Chad Henne,mia,2009,8
HillLe00,Lex Hilliard,mia,2009,2
JoneNa20,Nate Jones,mia,2009,3
KersWi20,William Kershaw,mia,2009,0
LangKe98,Kendall Langford,mia,2009,5
LongJa20,Jake Long,mia,2009,13
McDaTo20,Tony McDaniel,mia,2009,1
MerlPh99,Phillip Merling,mia,2009,2
MoseQu99,Quentin Moses,mia,2009,1
MurtLy20,Lydon Murtha,mia,2009,0
OgleEv20,Evan Oglesby,mia,2009,0
PennCh01,Chad Pennington,mia,2009,1
PoliLo00,Lousaka Polite,mia,2009,1
PortJo00,Joey Porter,mia,2009,5
RothMa20,Matt Roth,mia,2009,0
SheeKo00,Kory Sheets,mia,2009,0
SmilJu20,Justin Smiley,mia,2009,6
SmitSe99,Sean Smith,mia,2009,5
SoliPa99,Paul Soliai,mia,2009,3
SperKo00,Kory Sperry,mia,2009,0
StarRa20,Randy Starks,mia,2009,7
TaylJa03,Jason Taylor,mia,2009,6
ThigTy00,Tyler Thigpen,mia,2009,0
ThomDo26,Donald Thomas,mia,2009,7
TorbRe20,Reggie Torbor,mia,2009,2
TurnPa00,Patrick Turner,mia,2009,0
WakeCa00,Cameron Wake,mia,2009,2
WaldEr99,Erik Walden,mia,2009,1
WhitPa01,Pat White,mia,2009,1
WillRi00,Ricky Williams,mia,2009,10
WilsGi20,Gibril Wilson,mia,2009,5
BailPa99,Patrick Bailey,pit,2009,1
BatcCh00,Charlie Batch,pit,2009,0
BoimRo20,Rocky Boiman,pit,2009,0
BurnJo99,Joe Burnett,pit,2009,1
CartTy20,Tyrone Carter,pit,2009,7
ClarRy20,Ryan Clark,pit,2009,7
ColoWi20,Willie Colon,pit,2009,9
DaviCa00,Carey Davis,pit,2009,0
DixoDe00,Dennis Dixon,pit,2009,1
EasoNi20,Nick Eason,pit,2009,3
EsseTr20,Trai Essex,pit,2009,9
FarrJa99,James Farrior,pit,2009,8
FostRa21,Ramon Foster,pit,2009,3
FoxxKe20,Keyaron Fox,pit,2009,4
FrazAn20,Andre Frazier,pit,2009,1
GayxWi99,William Gay,pit,2009,6
GrisTy00,Tyler Grisham,pit,2009,0
HampCa00,Casey Hampton,pit,2009,10
HarrAr21,Arnold Harrison,pit,2009,1
HarrJa23,James Harrison,pit,2009,14
HartJu20,Justin Hartwig,pit,2009,9
HokeCh20,Chris Hoke,pit,2009,1
HolmSa00,Santonio Holmes,pit,2009,11
HoodEv99,Evander Hood,pit,2009,2
IvyxCo20,Corey Ivy,pit,2009,0
JohnDa05,David Johnson,pit,2009,0
KeisBr20,Brett Keisel,pit,2009,8
KemoCh20,Chris Kemoeatu,pit,2009,7
KirsTr20,Travis Kirschke,pit,2009,4
LeguDo00,Doug Legursky,pit,2009,1
LewiKe96,Keenan Lewis,pit,2009,0
LogaSt00,Stefan Logan,pit,2009,0
MadiAn20,Anthony Madison,pit,2009,0
McDoSh00,Shaun McDonald,pit,2009,0
MendRa00,Rashard Mendenhall,pit,2009,10
MillHe00,Heath Miller,pit,2009,7
MoorMe00,Mewelde Moore,pit,2009,2
MundRy00,Ryan Mundy,pit,2009,1
ParkWi00,Willie Parker,pit,2009,3
PolaTr99,Troy Polamalu,pit,2009,3
RatlKe20,Keiwan Ratliff,pit,2009,1
RedmIs20,Isaac Redman,pit,2009,0
reedxjef01,Jeff Reed,pit,2009,4
RetkJa00,Jared Retkofsky,pit,2009,0
RoetBe00,Ben Roethlisberger,pit,2009,14
SepuDa20,Daniel Sepulveda,pit,2009,2
SmitAa99,Aaron Smith,pit,2009,2
SpaeMa00,Matt Spaeth,pit,2009,0
StarMa21,Max Starks,pit,2009,9
SummFr00,Frank Summers,pit,2009,0
SweeLi00,Limas Sweed,pit,2009,0
TaylIk20,Ike Taylor,pit,2009,7
TimmLa99,Lawrence Timmons,pit,2009,7
TownDe20,Deshea Townsend,pit,2009,2
WallMi00,Mike Wallace,pit,2009,7
WardHi00,Hines Ward,pit,2009,10
WarrGr20,Greg Warren,pit,2009,2
WoodLa99,LaMarr Woodley,pit,2009,14
WoodDo21,Donovan Woods,pit,2009,0
AbiaVi99,Victor Abiamiri,phi,2009,3
akersdav01,David Akers,phi,2009,4
AndrSt21,Stacy Andrews,phi,2009,2
AvanJa00,Jason Avant,phi,2009,6
BabiJa20,Jason Babin,phi,2009,1
BaskHa00,Hank Baskett,phi,2009,0
BrowRe01,Reggie Brown,phi,2009,1
BrowSh20,Sheldon Brown,phi,2009,7
BuckEl00,Eldra Buckley,phi,2009,0
BunkBr20,Brodrick Bunkley,phi,2009,6
CeleBr00,Brent Celek,phi,2009,9
ClemCh23,Chris Clemons,phi,2009,1
ColeNi20,Nick Cole,phi,2009,8
ColeTr20,Trent Cole,phi,2009,12
CurtKe00,Kevin Curtis,phi,2009,1
DempQu99,Quintin Demps,phi,2009,1
DixoAn99,Antonio Dixon,phi,2009,1
DoreJo20,Jon Dorenbos,phi,2009,4
DunlKi20,King Dunlap,phi,2009,1
FokoMo99,Moise Fokou,phi,2009,3
GaitOm20,Omar Gaither,phi,2009,2
GarcJe00,Jeff Garcia,phi,2009,0
GibsBr00,Brandon Gibson,phi,2009,0
GocoCh99,Chris Gocong,phi,2009,4
HansJo20,Joselio Hanson,phi,2009,2
HarrVi99,Victor Harris,phi,2009,3
HerrTo20,Todd Herremans,phi,2009,5
HobbEl20,Ellis Hobbs,phi,2009,0
HowaDa21,Darren Howard,phi,2009,2
IkegJa99,Jack Ikegwuonu,phi,2009,0
JackDe00,DeSean Jackson,phi,2009,14
JackJa21,Jamaal Jackson,phi,2009,7
JeanMa20,Max Jean-Gilles,phi,2009,3
JoneSe20,Sean Jones,phi,2009,4
JordAk99,Akeem Jordan,phi,2009,5
JustWi20,Winston Justice,phi,2009,8
KolbKe00,Kevin Kolb,phi,2009,2
LawsTr99,Trevor Laws,phi,2009,1
MaclJe00,Jeremy Maclin,phi,2009,7
MaysJo99,Joe Mays,phi,2009,1
McCoLe01,LeSean McCoy,phi,2009,8
McNaDo00,Donovan McNabb,phi,2009,13
MikeQu20,Quintin Mikell,phi,2009,8
NorwJo00,Jordan Norwood,phi,2009,0
ThomJu20,Juqua Parker,phi,2009,5
PattDi20,Dimitri Patterson,phi,2009,1
PattMi20,Mike Patterson,phi,2009,7
PeteJa21,Jason Peters,phi,2009,10
PopeGe20,Geoffrey Pope,phi,2009,0
RobiRa99,Ramzee Robinson,phi,2009,0
RoccSa20,Saverio Rocca,phi,2009,2
SamuAs20,Asante Samuel,phi,2009,13
SmitAl02,Alex Smith,phi,2009,0
TrotJe00,Jeremiah Trotter,phi,2009,3
VickMi00,Michael Vick,phi,2009,1
WeavLe00,Leonard Weaver,phi,2009,4
WestBr00,Brian Westbrook,phi,2009,4
WhitTr20,Tracy White,phi,2009,2
WithWi20,Will Witherspoon,phi,2009,5
AlleJa24,Jake Allen,gnb,2009,0
BarbAl20,Allen Barbre,gnb,2009,5
BarnNi20,Nick Barnett,gnb,2009,8
BellJo21,Josh Bell,gnb,2009,0
BigbAt20,Atari Bigby,gnb,2009,5
BishDe99,Desmond Bishop,gnb,2009,2
BlacWi20,Will Blackmon,gnb,2009,0
BushJa20,Jarrett Bush,gnb,2009,2
ChilBr20,Brandon Chillar,gnb,2009,3
ClifCh20,Chad Clifton,gnb,2009,8
CollDa20,Daryn Colledge,gnb,2009,11
CollNi20,Nick Collins,gnb,2009,11
CrosMa20,Mason Crosby,gnb,2009,2
DietEv00,Evan Dietrich-Smith,gnb,2009,1
DrivDo00,Donald Driver,gnb,2009,11
EalyBi00,Biren Ealy,gnb,2009,0
FinlJe00,Jermichael Finley,gnb,2009,7
FlynMa00,Matt Flynn,gnb,2009,0
FordTr00,Trevor Ford,gnb,2009,0
GiorMa20,Matt Giordano,gnb,2009,0
GoodBr99,Brett Goode,gnb,2009,2
GranRy00,Ryan Grant,gnb,2009,12
GreeAh00,Ahman Green,gnb,2009,1
HallKo99,Korey Hall,gnb,2009,0
HarrAl21,Al Harris,gnb,2009,4
HavnSp00,Spencer Havner,gnb,2009,3
HawkA.20,A.J. Hawk,gnb,2009,7
JackBr00,Brandon Jackson,gnb,2009,3
JenkCu20,Cullen Jenkins,gnb,2009,7
JennGr00,Greg Jennings,gnb,2009,11
JohnQu00,Quinn Johnson,gnb,2009,0
JollJo20,Johnny Jolly,gnb,2009,8
JoneBr99,Brad Jones,gnb,2009,4
JoneJa04,James Jones,gnb,2009,5
KampAa99,Aaron Kampman,gnb,2009,4
KapiJe20,Jeremy Kapinos,gnb,2009,2
KuhnJo00,John Kuhn,gnb,2009,1
LangT.20,T.J. Lang,gnb,2009,4
LeexDo00,Donald Lee,gnb,2009,3
MartDe22,Derrick Martin,gnb,2009,1
MattCl99,Clay Matthews,gnb,2009,9
MontMi20,Mike Montgomery,gnb,2009,1
NelsJo00,Jordy Nelson,gnb,2009,3
ObioCy99,Cyril Obiozor,gnb,2009,0
PickRy20,Ryan Pickett,gnb,2009,4
PoppBr20,Brady Poppinga,gnb,2009,2
RajiBJ99,B.J. Raji,gnb,2009,2
RodgAa00,Aaron Rodgers,gnb,2009,19
RousAa99,Aaron Rouse,gnb,2009,0
SittJo20,Josh Sitton,gnb,2009,11
SpitJa20,Jason Spitz,gnb,2009,3
SwaiBr00,Brett Swain,gnb,2009,0
TausMa20,Mark Tauscher,gnb,2009,5
ThomJe99,Jeremy Thompson,gnb,2009,0
ToriAn20,Anthony Toribio,gnb,2009,0
UndeBr99,Brandon Underwood,gnb,2009,1
WellSc20,Scott Wells,gnb,2009,9
WillTr99,Tramon Williams,gnb,2009,5
WoodCh00,Charles Woodson,gnb,2009,18
WynnDe00,DeShawn Wynn,gnb,2009,0
WynnJa99,Jarius Wynn,gnb,2009,1
AdamAn20,Anthony Adams,chi,2009,5
AdamGa99,Gaines Adams,chi,2009,1
AfalAl99,Al Afalava,chi,2009,4
AndeMa21,Mark Anderson,chi,2009,2
AromDe00,Devin Aromashodu,chi,2009,3
BeekJo20,Josh Beekman,chi,2009,3
BellKa00,Kahlil Bell,chi,2009,1
BennEa00,Earl Bennett,chi,2009,7
BowmZa20,Zackary Bowman,chi,2009,5
BrigLa99,Lance Briggs,chi,2009,10
BrowAl20,Alex Brown,chi,2009,7
BullJo20,Josh Bullocks,chi,2009,2
ClarDe00,Desmond Clark,chi,2009,1
CutlJa00,Jay Cutler,chi,2009,10
DaviKe01,Kellen Davis,chi,2009,1
DaviRa00,Rashied Davis,chi,2009,1
FortMa00,Matt Forte,chi,2009,9
GainMi00,Michael Gaines,chi,2009,0
GarzRo20,Roberto Garza,chi,2009,8
GilbJa99,Jarron Gilbert,chi,2009,0
gouldrob01,Robbie Gould,chi,2009,4
GrahCo99,Corey Graham,chi,2009,1
HaniCa00,Caleb Hanie,chi,2009,0
HarrTo99,Tommie Harris,chi,2009,6
HarrMa98,Marcus Harrison,chi,2009,4
HestDe99,Devin Hester,chi,2009,6
HillHu20,Hunter Hillenmeyer,chi,2009,6
IdonIs20,Israel Idonije,chi,2009,1
IgleJu00,Juaquin Iglesias,chi,2009,0
JuneCa99,Cato June,chi,2009,0
KnoxJo00,Johnny Knox,chi,2009,6
KreuOl00,Olin Kreutz,chi,2009,8
MannPa20,Patrick Mannelly,chi,2009,1
MannDa21,Danieal Manning,chi,2009,4
MaynBr20,Brad Maynard,chi,2009,1
McBrTr99,Trumaine McBride,chi,2009,0
McClDa21,Darrell McClover,chi,2009,1
McKiJa00,Jason McKie,chi,2009,0
MoorDJ99,D.J. Moore,chi,2009,0
OgunAd00,Adewale Ogunleye,chi,2009,6
OlseGr00,Greg Olsen,chi,2009,5
OmiyFr20,Frank Omiyale,chi,2009,6
PaceOr00,Orlando Pace,chi,2009,5
PaynKe99,Kevin Payne,chi,2009,2
PeteAd00,Adrian Peterson,chi,2009,0
RoacNi99,Nick Roach,chi,2009,6
ShafKe20,Kevin Shaffer,chi,2009,3
ShawTi99,Tim Shaw,chi,2009,1
StelCr99,Craig Steltz,chi,2009,1
TillCh20,Charles Tillman,chi,2009,5
TinoPi20,Pisa Tinoisamoa,chi,2009,1
ToeaMa99,Matt Toeaina,chi,2009,0
TureWo20,Woodny Turenne,chi,2009,0
UrlaBr00,Brian Urlacher,chi,2009,0
VashNa99,Nathan Vasher,chi,2009,1
WillCh03,Chris Williams,chi,2009,8
WillJa21,Jamar Williams,chi,2009,2
WolfGa00,Garrett Wolfe,chi,2009,1
AdamFl00,Flozell Adams,dal,2009,8
AndeDe01,Deon Anderson,dal,2009,0
AustMi00,Miles Austin,dal,2009,11
BallAl99,Alan Ball,dal,2009,2
BarbMa01,Marion Barber III,dal,2009,8
BennMa00,Martellus Bennett,dal,2009,1
BoweSt20,Stephen Bowen,dal,2009,3
BrooKe00,Keith Brooking,dal,2009,8
BuehDa44,David Buehler,dal,2009,0
ButlVi99,Victor Butler,dal,2009,2
CarpBo20,Bobby Carpenter,dal,2009,3
ChoiTa00,Tashard Choice,dal,2009,3
ColoMa20,Marc Colombo,dal,2009,4
CrayPa00,Patrick Crayton,dal,2009,7
DaviLe21,Leonard Davis,dal,2009,10
FolkNi20,Nick Folk,dal,2009,0
FreeDo20,Doug Free,dal,2009,4
GordCl20,Cletis Gordon,dal,2009,0
GuroAn20,Andre Gurode,dal,2009,12
HamlKe20,Ken Hamlin,dal,2009,5
HamlMi99,Michael Hamlin,dal,2009,0
HatcJa20,Jason Hatcher,dal,2009,2
HurdSa00,Sam Hurd,dal,2009,1
JameBr20,Bradie James,dal,2009,9
JenkMi99,Mike Jenkins,dal,2009,11
JohnCu99,Curtis Johnson,dal,2009,0
JoneFe00,Felix Jones,dal,2009,5
KosiKy20,Kyle Kosier,dal,2009,8
LadoL.20,L.P. Ladouceur,dal,2009,1
McBrMa20,Mat McBriar,dal,2009,3
McQuPa20,Pat McQuistan,dal,2009,1
NewmTe20,Terence Newman,dal,2009,12
OctaSt00,Steve Octavien,dal,2009,1
OgleKe00,Kevin Ogletree,dal,2009,1
OlshIg20,Igor Olshansky,dal,2009,7
PhilJo00,John Phillips,dal,2009,1
ProcCo20,Cory Procter,dal,2009,1
RatlJa20,Jay Ratliff,dal,2009,18
RomoTo00,Tony Romo,dal,2009,14
RossAl99,Allen Rossum,dal,2009,0
ScanOr99,Orlando Scandrick,dal,2009,3
SensGe20,Gerald Sensabaugh,dal,2009,7
SiavJu20,Junior Siavii,dal,2009,1
SpeaMa21,Marcus Spears,dal,2009,7
SpenAn99,Anthony Spencer,dal,2009,9
suishsha01,Shaun Suisham,dal,2009,0
WareDe99,DeMarcus Ware,dal,2009,16
WashCh00,Chauncey Washington,dal,2009,0
WatkPa20,Pat Watkins,dal,2009,1
WhitMa99,Marvin White,dal,2009,0
WillJa95,Jason Williams,dal,2009,0
WillRo04,Roy Williams,dal,2009,5
WittJa00,Jason Witten,dal,2009,9
AbduHa20,Hamza Abdullah,crd,2009,0
AdamMi98,Michael Adams,crd,2009,1
BankJa00,Jason Banks,crd,2009,0
BechAn00,Anthony Becht,crd,2009,1
BeisMo20,Monty Beisel,crd,2009,0
BerrBe99,Bertrand Berry,crd,2009,4
BoldAn00,Anquan Boldin,crd,2009,9
BranAl99,Alan Branch,crd,2009,2
BreaSt00,Steve Breaston,crd,2009,6
BridJe20,Jeremy Bridges,crd,2009,3
BrowLe20,Levi Brown,crd,2009,8
BrowRa20,Ralph Brown,crd,2009,1
CampCa99,Calais Campbell,crd,2009,7
ClaxBe20,Ben Claxton,crd,2009,0
DansKa20,Karlos Dansby,crd,2009,8
DaviWi99,Will Davis,crd,2009,1
DockDa20,Darnell Dockett,crd,2009,13
DoucEa00,Early Doucet,crd,2009,2
DykeKe00,Keilen Dykes,crd,2009,0
FitzLa00,Larry Fitzgerald,crd,2009,9
GandMi20,Mike Gandy,crd,2009,6
GrahBe20,Ben Graham,crd,2009,4
HaggCl20,Clark Haggans,crd,2009,6
HayeGe20,Gerald Hayes,crd,2009,6
HighAl01,Ali Highsmith,crd,2009,2
HighTi00,Tim Hightower,crd,2009,8
IwebKe99,Kenny Iwebema,crd,2009,1
JohnRa98,Rashad Johnson,crd,2009,1
KeitBr20,Brandon Keith,crd,2009,0
KreiDa00,Dan Kreider,crd,2009,0
LeacMi00,Mike Leach,crd,2009,1
LeinMa00,Matt Leinart,crd,2009,1
LongLa00,Lance Long,crd,2009,0
LutuDe20,Deuce Lutui,crd,2009,8
McFaBr20,Bryant McFadden,crd,2009,6
MoreSe00,Sean Morey,crd,2009,0
nugenmik01,Mike Nugent,crd,2009,1
OkeaCh20,Chike Okeafor,crd,2009,5
PatrBe00,Ben Patrick,crd,2009,1
rackenei01,Neil Rackers,crd,2009,4
RobiBr20,Bryan Robinson,crd,2009,6
RodgDo99,Dominique Rodgers-Cromartie,crd,2009,10
RollAn20,Antrel Rolle,crd,2009,9
SendLy20,Lyle Sendlein,crd,2009,8
SpacSt00,Stephen Spach,crd,2009,0
St.PBr20,Brian St. Pierre,crd,2009,0
StepLa00,LaRod Stephens-Howling,crd,2009,2
TogaPa99,Pago Togafau,crd,2009,0
ToleGr99,Greg Toler,crd,2009,1
UrbaJe00,Jerheme Urban,crd,2009,2
WalkRe00,Reggie Walker,crd,2009,1
WareMa20,Matt Ware,crd,2009,1
WarnKu00,Kurt Warner,crd,2009,11
WatsGa20,Gabe Watson,crd,2009,2
WellCh00,Beanie Wells,crd,2009,6
WellRe20,Reggie Wells,crd,2009,8
WilsAd99,Adrian Wilson,crd,2009,14
WrigJa01,Jason Wright,crd,2009,1
ApplAn99,Antwan Applewhite,sdg,2009,0
BennMi00,Michael Bennett,sdg,2009,1
BinnDa20,David Binn,sdg,2009,3
BoonAl20,Alfonso Boone,sdg,2009,2
BurnKe20,Kevin Burnett,sdg,2009,4
CasoAn99,Antoine Cason,sdg,2009,2
CastSi20,Simeon Castille,sdg,2009,0
CastLu20,Luis Castillo,sdg,2009,6
CesaJa20,Jacques Cesaire,sdg,2009,6
ChamCh00,Chris Chambers,sdg,2009,1
ClarCo21,Corey Clark,sdg,2009,0
ClarJe20,Jeromey Clary,sdg,2009,6
ColeAn21,Andre Coleman,sdg,2009,0
CoopSt20,Stephen Cooper,sdg,2009,8
CromAn20,Antonio Cromartie,sdg,2009,7
DaviCr00,Craig Davis,sdg,2009,1
DielKr20,Kris Dielman,sdg,2009,16
DobbTi20,Tim Dobbins,sdg,2009,3
DombBr20,Brandyn Dombrowski,sdg,2009,6
ElliKe98,Kevin Ellison,sdg,2009,4
EnglLa99,Larry English,sdg,2009,2
FloyMa00,Malcom Floyd,sdg,2009,10
GaraAn20,Antonio Garay,sdg,2009,0
GateAn00,Antonio Gates,sdg,2009,14
GreeTy20,Tyronne Green,sdg,2009,0
GregSt20,Steve Gregory,sdg,2009,4
HardNi55,Nick Hardwick,sdg,2009,2
HarrMa20,Marques Harris,sdg,2009,0
HartCl20,Clinton Hart,sdg,2009,1
HestJa00,Jacob Hester,sdg,2009,1
HoltJa00,James Holt,sdg,2009,1
HughDa99,Dante Hughes,sdg,2009,0
JackVi00,Vincent Jackson,sdg,2009,14
JammQu20,Quentin Jammer,sdg,2009,7
JohnTr20,Travis Johnson,sdg,2009,1
kaedinat01,Nate Kaeding,sdg,2009,4
ManuBr00,Brandon Manumaleuna,sdg,2009,0
MartVa99,Vaughn Martin,sdg,2009,1
McNeMa20,Marcus McNeill,sdg,2009,10
MerrSh99,Shawne Merriman,sdg,2009,6
MrucSc20,Scott Mruczkowski,sdg,2009,8
NaanLe00,Legedu Naanee,sdg,2009,3
NormDe20,Dennis Norman,sdg,2009,1
NwagOg00,Ogemdi Nwagbuo,sdg,2009,3
OlivPa20,Paul Oliver,sdg,2009,3
OsgoKa00,Kassim Osgood,sdg,2009,0
PhilSh20,Shaun Phillips,sdg,2009,7
RivePh00,Philip Rivers,sdg,2009,19
RunyJo20,Jon Runyan,sdg,2009,1
ScifMi20,Mike Scifres,sdg,2009,2
ScotIa20,Ian Scott,sdg,2009,3
SileBr99,Brandon Siler,sdg,2009,5
SpilCJ99,C.J. Spillman,sdg,2009,1
SproDa00,Darren Sproles,sdg,2009,10
TolbMi00,Mike Tolbert,sdg,2009,4
TomlLa00,LaDainian Tomlinson,sdg,2009,7
TuckJy99,Jyles Tucker,sdg,2009,1
VasqLo20,Louis Vasquez,sdg,2009,9
VoleBi00,Billy Volek,sdg,2009,1
WeddEr99,Eric Weddle,sdg,2009,6
WillJa99,Jamal Williams,sdg,2009,0
WilsKr00,Kris Wilson,sdg,2009,0
AdamJa20,Jamar Adams,sea,2009,0
BabiJo21,Jordan Babineaux,sea,2009,6
BranDe00,Deion Branch,sea,2009,3
BryaRe99,Red Bryant,sea,2009,1
BurlNa00,Nate Burleson,sea,2009,6
ButlDe00,Deon Butler,sea,2009,1
CarlJo00,John Carlson,sea,2009,4
ColeCo20,Colin Cole,sea,2009,6
CurrAa99,Aaron Curry,sea,2009,5
FishTr20,Travis Fisher,sea,2009,0
ForsJu00,Justin Forsett,sea,2009,6
FryeBr21,Brandon Frye,sea,2009,1
GibsMi20,Mike Gibson,sea,2009,0
GranDe21,Deon Grant,sea,2009,7
GrifJu00,Justin Griffith,sea,2009,1
HassMi00,Mike Hass,sea,2009,0
HassMa00,Matt Hasselbeck,sea,2009,7
HawtDa20,David Hawthorne,sea,2009,7
HerrWi99,Will Herring,sea,2009,3
HillLe20,LeRoy Hill,sea,2009,4
HousKe01,Kevin Houser,sea,2009,2
HousTJ00,T.J. Houshmandzadeh,sea,2009,6
JackLa98,Lawrence Jackson,sea,2009,5
JameEd00,Edgerrin James,sea,2009,1
JennKe20,Kelly Jennings,sea,2009,3
JoneJu01,Julius Jones,sea,2009,5
KernPa99,Patrick Kerney,sea,2009,6
LaurLa20,Lance Laury,sea,2009,1
LewiD.21,D.D. Lewis,sea,2009,1
LewiRo22,Roy Lewis,sea,2009,0
LockSe20,Sean Locklear,sea,2009,4
LucaKe20,Ken Lucas,sea,2009,3
marexoli01,Olindo Mare,sea,2009,4
McInDa20,Damion McIntosh,sea,2009,1
MebaBr99,Brandon Mebane,sea,2009,7
MillLa00,Lawyer Milloy,sea,2009,1
MorrCa00,Cameron Morrah,sea,2009,0
ObomBe00,Ben Obomanu,sea,2009,0
OwenJo00,John Owens,sea,2009,0
RankLo00,Louis Rankin,sea,2009,0
ReddCo20,Cory Redding,sea,2009,3
ReedNi99,Nick Reed,sea,2009,2
RobiJe00,Jeff Robinson,sea,2009,0
RyanJo21,Jon Ryan,sea,2009,3
SchmOw00,Owen Schmitt,sea,2009,0
SimsRo20,Rob Sims,sea,2009,6
SpenCh21,Chris Spencer,sea,2009,6
TappDa20,Darryl Tapp,sea,2009,4
TatuLo99,Lofa Tatupu,sea,2009,2
TerrCr20,Craig Terrill,sea,2009,1
TrufMa20,Marcus Trufant,sea,2009,4
UngeMa20,Max Unger,sea,2009,6
VallSt00,Steve Vallos,sea,2009,2
WallC.99,C.J. Wallace,sea,2009,0
WallSe00,Seneca Wallace,sea,2009,2
WillKy00,Kyle Williams,sea,2009,1
WillRa22,Ray Willis,sea,2009,6
WilsJo99,Josh Wilson,sea,2009,6
WrotMa20,Mansfield Wrotto,sea,2009,1
AlstJo20,Jon Alston,rai,2009,2
AsomNn20,Nnamdi Asomugha,rai,2009,12
BarnKh20,Khalif Barnes,rai,2009,1
BowiJo99,John Bowie,rai,2009,0
BoydJe00,Jerome Boyd,rai,2009,0
BranTy99,Tyvon Branch,rai,2009,6
BrowRi22,Ricky Brown,rai,2009,2
BryaDe00,Desmond Bryant,rai,2009,2
BushMi00,Michael Bush,rai,2009,4
CarlCo20,Cooper Carlisle,rai,2009,5
CondJo20,Jon Condo,rai,2009,4
EkejIs20,Isaiah Ekejiuba,rai,2009,1
ElliGr20,Greg Ellis,rai,2009,6
EugeHi99,Hiram Eugene,rai,2009,2
FargJu00,Justin Fargas,rai,2009,3
FryeCh00,Charlie Frye,rai,2009,1
GallRo20,Robert Gallery,rai,2009,2
GradBr00,Bruce Gradkowski,rai,2009,3
GreeCo20,Cornell Green,rai,2009,4
HendMa21,Mario Henderson,rai,2009,5
HeywDa00,Darrius Heyward-Bey,rai,2009,1
HiggJo00,Johnnie Lee Higgins,rai,2009,2
HollJo01,Jonathan Holland,rai,2009,1
HowaTh20,Thomas Howard,rai,2009,6
HuffMi20,Michael Huff,rai,2009,5
janikseb01,Sebastian Janikowski,rai,2009,6
JohnCh26,Chris Johnson,rai,2009,6
JoseWi20,William Joseph,rai,2009,0
KellTo21,Tommy Kelly,rai,2009,6
LawtLu00,Luke Lawton,rai,2009,0
LechSh20,Shane Lechler,rai,2009,6
LosmJ.00,J.P. Losman,rai,2009,0
McFaDa00,Darren McFadden,rai,2009,3
McQuPa21,Paul McQuistan,rai,2009,0
MillJu99,Justin Miller,rai,2009,0
MillZa01,Zach Miller,rai,2009,5
MitcMi99,Mike Mitchell,rai,2009,1
MorrCh21,Chris Morris,rai,2009,3
MorrKi20,Kirk Morrison,rai,2009,7
MurpLo00,Louis Murphy,rai,2009,4
MyerBr00,Brandon Myers,rai,2009,0
NixoDa20,David Nixon,rai,2009,0
NorrSl99,Slade Norris,rai,2009,0
ONeaOr00,Oren O'Neal,rai,2009,0
PearEr20,Erik Pears,rai,2009,2
RankLo00,Louis Rankin,rai,2009,0
ReecMa00,Marcel Reece,rai,2009,0
RichJa99,Jay Richardson,rai,2009,1
RoutSt20,Stanford Routt,rai,2009,1
RussGa00,Gary Russell,rai,2009,1
RussJa00,JaMarcus Russell,rai,2009,-2
SateSa20,Samson Satele,rai,2009,4
SchiCh00,Chaz Schilens,rai,2009,2
ScotTr99,Trevor Scott,rai,2009,3
SeymRi00,Richard Seymour,rai,2009,6
ShauMa99,Matt Shaughnessy,rai,2009,2
StewTo00,Tony Stewart,rai,2009,1
WalkJa00,Javon Walker,rai,2009,0
WalkLa20,Langston Walker,rai,2009,1
WarrGe20,Gerard Warren,rai,2009,6
WatkTo20,Todd Watkins,rai,2009,1
WillSa22,Sam Williams,rai,2009,2
