player_id,name,team,season,approximate_value
AbduHu99,Husain Abdullah,kan,2014,6
AlleJe01,Jeff Allen,kan,2014,1
AvanJa00,Jason Avant,kan,2014,2
AverDo00,Donnie Avery,kan,2014,2
BailAl00,Allen Bailey,kan,2014,8
BerrEr99,Eric Berry,kan,2014,2
BoweDw00,Dwayne Bowe,kan,2014,8
CharJa00,Jamaal Charles,kan,2014,12
ColeKu99,Kurt Coleman,kan,2014,3
ColqDu20,Dustin Colquitt,kan,2014,2
CoopMa00,Marcus Cooper,kan,2014,2
DaniCh00,Chase Daniel,kan,2014,1
DaviJa02,Ja'Gared Davis,kan,2014,0
DaviKn00,Knile Davis,kan,2014,6
DeViMi99,Mike DeVito,kan,2014,0
FasaAn00,Anthony Fasano,kan,2014,2
FishEr00,Eric Fisher,kan,2014,8
FlemJa00,Jamell Fleming,kan,2014,2
FordDe00,Dee Ford,kan,2014,1
FranJe00,Jerry Franklin,kan,2014,1
FultZa00,Zach Fulton,kan,2014,8
GaffTh20,Thomas Gafford,kan,2014,2
GainPh00,Phillip Gaines,kan,2014,2
GordRi00,Richard Gordon,kan,2014,0
GrayCy00,Cyrus Gray,kan,2014,0
HaliTa20,Tamba Hali,kan,2014,11
HammFr00,Frankie Hammond,kan,2014,0
HarrDe03,Demetrius Harris,kan,2014,0
HarrRy20,Ryan Harris,kan,2014,7
HemiJu00,Junior Hemingway,kan,2014,1
HousJu00,Justin Houston,kan,2014,17
HowaJa00,Jaye Howard,kan,2014,6
HudsRo00,Rodney Hudson,kan,2014,8
JenkA.00,A.J. Jenkins,kan,2014,1
JohnDe25,Derrick Johnson,kan,2014,1
JohnJa04,James-Michael Johnson,kan,2014,5
KelcTr00,Travis Kelce,kan,2014,9
LinkJe20,Jeff Linkenbach,kan,2014,3
MartJo02,Josh Martin,kan,2014,1
MaugJo00,Josh Mauga,kan,2014,9
MaysJo99,Joe Mays,kan,2014,2
McCrKe00,Kelcie McCray,kan,2014,1
McGlMi20,Mike McGlynn,kan,2014,6
McKnJo00,Joe McKnight,kan,2014,1
OwenCh99,Chris Owens,kan,2014,2
ParkRo01,Ron Parker,kan,2014,5
PoexDo00,Dontari Poe,kan,2014,12
SantCa01,Cairo Santos,kan,2014,3
SherAn00,Anthony Sherman,kan,2014,1
SmitAl03,Alex Smith,kan,2014,14
SmitSe99,Sean Smith,kan,2014,6
SoreDa01,Daniel Sorensen,kan,2014,1
StepDo00,Donald Stephenson,kan,2014,1
SupePh00,Phillip Supernaw,kan,2014,0
ThomDe05,De'Anthony Thomas,kan,2014,3
VickKe99,Kevin Vickerson,kan,2014,2
WalkVa99,Vance Walker,kan,2014,3
WestCh01,Charcandrick West,kan,2014,0
WillNi01,Nick Williams,kan,2014,0
WilsAl02,Albert Wilson,kan,2014,3
ZombFr00,Frank Zombo,kan,2014,2
AluaTy99,Tyson Alualu,jax,2014,1
AngeBr00,Bryan Anger,jax,2014,3
BallAl99,Alan Ball,jax,2014,3
BeadZa20,Zane Beadles,jax,2014,6
BlacWi20,Will Blackmon,jax,2014,2
BortBl00,Blake Bortles,jax,2014,5
BowaLu00,Luke Bowanko,jax,2014,5
BradCa00,Cameron Bradfield,jax,2014,1
BranAn00,Andre Branch,jax,2014,1
BrowMi00,Mike Brown,jax,2014,1
BryaRe99,Red Bryant,jax,2014,6
CampTo00,Tommie Campbell,jax,2014,0
ClemCh23,Chris Clemons,jax,2014,7
ColvAa00,Aaron Colvin,jax,2014,1
CyprJo00,Johnathan Cyprien,jax,2014,6
DaviRy00,Ryan Davis,jax,2014,2
EddsA.99,A.J. Edds,jax,2014,0
EvanJo00,Josh Evans,jax,2014,6
FortKh00,Khairi Fortt,jax,2014,0
GeorJe01,Jeremiah George,jax,2014,0
GerhTo00,Toby Gerhart,jax,2014,3
GratDw00,Dwayne Gratz,jax,2014,5
GuyxWi00,Winston Guy,jax,2014,1
HarbCl00,Clay Harbor,jax,2014,2
HarrJe02,Jeremy Harris,jax,2014,0
HayeGe98,Geno Hayes,jax,2014,5
HennCh01,Chad Henne,jax,2014,1
HoodEv99,Evander Hood,jax,2014,2
HurnAl01,Allen Hurns,jax,2014,4
JacoNi00,Nic Jacobs,jax,2014,0
JensMa01,Marcel Jensen,jax,2014,0
JoecLu00,Luke Joeckel,jax,2014,6
JohnSt03,Storm Johnson,jax,2014,0
JoneAb00,Abry Jones,jax,2014,2
LeexMa00,Marqise Lee,jax,2014,3
LewiMa00,Marcedes Lewis,jax,2014,1
LindBr00,Brandon Linder,jax,2014,5
LostCr00,Craig Loston,jax,2014,1
MarkSe99,Sen'Derrick Marks,jax,2014,7
MartSh99,Sherrod Martin,jax,2014,2
McClJa20,Jacques McClendon,jax,2014,2
McCrDe00,Demetrius McCray,jax,2014,5
MillRo99,Roy Miller,jax,2014,6
PaszAu00,Austin Pasztor,jax,2014,3
PoluPa99,Paul Posluszny,jax,2014,4
ProsCh00,Chris Prosinski,jax,2014,0
ReynLa00,LaRoy Reynolds,jax,2014,2
RobiAl02,Allen Robinson,jax,2014,3
RobiDe00,Denard Robinson,jax,2014,4
SandAc00,Ace Sanders,jax,2014,0
scobejos01,Josh Scobee,jax,2014,3
ShatTy00,Tyler Shatley,jax,2014,0
ShorCe00,Cecil Shorts,jax,2014,3
ShulMi01,Mickey Shuler,jax,2014,0
SmitCh03,Chris Smith,jax,2014,1
SmitTe01,Telvin Smith,jax,2014,6
StreTo00,Tommy Streeter,jax,2014,0
TaufWi00,Will Ta'ufo'ou,jax,2014,0
ThomJ.02,J.T. Thomas,jax,2014,6
ThomPe00,Peyton Thompson,jax,2014,0
TinkCa00,Carson Tinker,jax,2014,1
TodmJo00,Jordan Todman,jax,2014,2
WatsDe99,Dekoda Watson,jax,2014,1
WellJo02,Josh Wells,jax,2014,1
WillTe00,Teddy Williams,jax,2014,0
YounSa21,Sam Young,jax,2014,2
AddiMa00,Mario Addison,car,2014,2
AlexFr00,Frank Alexander,car,2014,0
AndeDe00,Derek Anderson,car,2014,2
AvanJa00,Jason Avant,car,2014,2
BellBy00,Byron Bell,car,2014,7
BenjKe00,Kelvin Benjamin,car,2014,8
BenwBe00,Bene Benwikere,car,2014,3
BersBr00,Brenton Bersin,car,2014,1
BlacCh21,Chase Blackburn,car,2014,1
BostTr00,Tre Boston,car,2014,3
BrocRi00,Richie Brockel,car,2014,0
BrowPh00,Corey Brown,car,2014,4
ByndCa00,Carrington Byndom,car,2014,0
CasoAn99,Antoine Cason,car,2014,5
ChanNa00,Nate Chandler,car,2014,5
ColeCo20,Colin Cole,car,2014,5
CotcJe00,Jerricho Cotchery,car,2014,5
DaviTh20,Thomas Davis,car,2014,7
DeCoTh99,Thomas DeCoud,car,2014,4
DickEd00,Ed Dickson,car,2014,1
DockJa00,James Dockery,car,2014,0
EalyKo00,Kony Ealy,car,2014,1
EdwaDw20,Dwan Edwards,car,2014,2
FolkBr00,Brian Folkerts,car,2014,1
FoucDa00,David Foucault,car,2014,1
GanoGr44,Graham Gano,car,2014,3
GodfCh99,Charles Godfrey,car,2014,1
HardGr99,Greg Hardy,car,2014,1
HarpRo21,Roman Harper,car,2014,7
HortWe00,Wes Horton,car,2014,6
JacoBe00,Ben Jacobs,car,2014,1
JansJ.00,J.J. Jansen,car,2014,2
JohnCh98,Charles Johnson,car,2014,8
JoneCo01,Colin Jones,car,2014,2
KaliRy20,Ryan Kalil,car,2014,7
KleiAJ00,A.J. Klein,car,2014,4
KuecLu00,Luke Kuechly,car,2014,15
LestRo01,Robert Lester,car,2014,0
LotuSt00,Star Lotulelei,car,2014,6
LoveKy00,Kyle Love,car,2014,0
NewtCa00,Cam Newton,car,2014,12
NormJo01,Josh Norman,car,2014,4
NortBr00,Brad Nortman,car,2014,2
NorwAn01,Andrew Norwell,car,2014,4
OgboCh00,Chris Ogbonnaya,car,2014,0
OlseGr00,Greg Olsen,car,2014,8
PoolTa00,Tauren Poole,car,2014,0
PresDe00,De'Andre Presley,car,2014,0
ReavDa00,Darrin Reaves,car,2014,1
ReddKe00,Kevin Reddick,car,2014,0
RemmMi00,Mike Remmers,car,2014,2
ScotCh23,Chris Scott,car,2014,1
ShorKa00,Kawann Short,car,2014,5
SilaAm00,Amini Silatolu,car,2014,3
SmitD.00,D.J. Smith,car,2014,0
StewJo00,Jonathan Stewart,car,2014,6
GlanAd00,Adarius Taylor,car,2014,1
TolbMi00,Mike Tolbert,car,2014,1
TurnTr01,Trai Turner,car,2014,4
VelaFe20,Fernando Velasco,car,2014,4
WebbJo00,Joe Webb,car,2014,0
WhitMe00,Melvin White,car,2014,3
WhitFo00,Fozzy Whittaker,car,2014,1
WillBr04,Brandon Williams,car,2014,0
WillDe02,DeAngelo Williams,car,2014,2
WillGa23,Garry Williams,car,2014,0
WillJa95,Jason Williams,car,2014,1
AikeKa00,Kamar Aiken,rav,2014,3
BiluCh00,Christo Bilukidi,rav,2014,0
BrooTe00,Terrence Brooks,rav,2014,1
BrowAr00,Arthur Brown,rav,2014,0
BrowCh05,Chykie Brown,rav,2014,1
BrowMa00,Marlon Brown,rav,2014,2
CampMi02,Michael Campanaro,rav,2014,1
CantCh21,Chris Canty,rav,2014,5
CasoAn99,Antoine Cason,rav,2014,0
CodyTe99,Terrence Cody,rav,2014,0
CoxxMo00,Morgan Cox,rav,2014,0
DaniOw00,Owen Daniels,rav,2014,5
DumeEl20,Elvis Dumervil,rav,2014,11
ElamMa00,Matt Elam,rav,2014,4
FlacJo00,Joe Flacco,rav,2014,13
ForsJu00,Justin Forsett,rav,2014,12
FranDo99,Dominique Franks,rav,2014,1
GillCr00,Crockett Gillmore,rav,2014,1
GorrDa00,Danny Gorrer,rav,2014,0
GradGi00,Gino Gradkowski,rav,2014,1
GuyxLa00,Lawrence Guy,rav,2014,1
HillWi01,Will Hill,rav,2014,3
HursJa00,James Hurst,rav,2014,4
JackAs00,Asa Jackson,rav,2014,2
JacoTr00,Tramain Jacobs,rav,2014,0
JensRy00,Ryan Jensen,rav,2014,0
JernTi00,Timmy Jernigan,rav,2014,3
JoneJa03,Jacoby Jones,rav,2014,2
JuszKy00,Kyle Juszczyk,rav,2014,2
KochSa20,Sam Koch,rav,2014,3
LeviAn00,Anthony Levine,rav,2014,2
McClAl00,Albert McClellan,rav,2014,2
McDeKe00,Kevin McDermott,rav,2014,0
McPhPe00,Pernell McPhee,rav,2014,2
MelvRa00,Rashaan Melvin,rav,2014,1
MileJe00,Jeromy Miles,rav,2014,2
MonrEu20,Eugene Monroe,rav,2014,6
MoslC.00,C.J. Mosley,rav,2014,14
NgatHa20,Haloti Ngata,rav,2014,6
OrrxZa00,Zach Orr,rav,2014,1
OsemKe00,Kelechi Osemele,rav,2014,8
PierBe00,Bernard Pierce,rav,2014,3
PittDe00,Dennis Pitta,rav,2014,1
PoolTa00,Tauren Poole,rav,2014,0
ReidJa00,Jah Reid,rav,2014,0
ScalPa00,Patrick Scales,rav,2014,0
SmitDa24,Daryl Smith,rav,2014,9
SmitJi03,Jimmy Smith,rav,2014,3
SmitSt01,Steve Smith Sr.,rav,2014,10
SmitTo02,Torrey Smith,rav,2014,7
StewDa00,Darian Stewart,rav,2014,5
SuggTe99,Terrell Suggs,rav,2014,8
SupePh00,Phillip Supernaw,rav,2014,0
TaliLo00,Lorenzo Taliaferro,rav,2014,3
TaylTy00,Tyrod Taylor,rav,2014,0
TousFi00,Fitzgerald Toussaint,rav,2014,0
TrawBr00,Brynden Trawick,rav,2014,1
TuckJu00,Justin Tucker,rav,2014,4
TysoDe00,DeAngelo Tyson,rav,2014,3
UpshCo00,Courtney Upshaw,rav,2014,6
UrscJo00,John Urschel,rav,2014,2
WagnRi00,Ricky Wagner,rav,2014,9
WalkCa00,Casey Walker,rav,2014,0
WebbLa99,Lardarius Webb,rav,2014,4
WillBr02,Brandon Williams,rav,2014,7
YandMa20,Marshal Yanda,rav,2014,17
ZuttJe20,Jeremy Zuttah,rav,2014,9
BradNi00,Nigel Bradham,buf,2014,8
BrooRo01,Ron Brooks,buf,2014,1
BrowBr02,Bryce Brown,buf,2014,2
BrowPr00,Preston Brown,buf,2014,9
BryaCo00,Corbin Bryant,buf,2014,2
CarpDa44,Dan Carpenter,buf,2014,4
ChanSc00,Scott Chandler,buf,2014,4
CharSt00,Stefan Charles,buf,2014,3
CockRo00,Ross Cockrell,buf,2014,0
DareMa00,Marcell Dareus,buf,2014,18
DeanLa00,Larry Dean,buf,2014,1
DixoAn00,Anthony Dixon,buf,2014,3
EaslMa00,Marcus Easley,buf,2014,0
GayxJo00,Jordan Gay,buf,2014,0
GilmSt00,Stephon Gilmore,buf,2014,5
GlenCo00,Cordy Glenn,buf,2014,7
GoodMa00,Marquise Goodwin,buf,2014,0
GragCh00,Chris Gragg,buf,2014,0
GrahCo99,Corey Graham,buf,2014,4
GrayMa00,MarQueis Gray,buf,2014,1
HairCh00,Chris Hairston,buf,2014,1
HendSe00,Seantrel Henderson,buf,2014,7
HogaCh00,Chris Hogan,buf,2014,3
HughJe99,Jerry Hughes,buf,2014,10
JackFr02,Fred Jackson,buf,2014,7
JohnRa01,Randell Johnson,buf,2014,1
KouaCy00,Cyrus Kouandjio,buf,2014,0
LadlKe00,Kenny Ladler,buf,2014,0
LawsMa20,Manny Lawson,buf,2014,2
ManuEJ00,EJ Manuel,buf,2014,2
McKeLe99,Leodis McKelvin,buf,2014,4
OrtoKy00,Kyle Orton,buf,2014,8
PearEr20,Erik Pears,buf,2014,7
PoweTy00,Ty Powell,buf,2014,1
RambBa00,Bacarri Rambo,buf,2014,1
RichCy00,Cyril Richardson,buf,2014,2
RiveKe99,Keith Rivers,buf,2014,2
RobeNi00,Nickell Robey-Coleman,buf,2014,3
SanbGa00,Garrison Sanborn,buf,2014,2
SchmCo00,Colton Schmidt,buf,2014,1
SearDa00,Da'Norris Searcy,buf,2014,6
SmitLe00,Lee Smith,buf,2014,0
SpikBr99,Brandon Spikes,buf,2014,6
SpilC.00,C.J. Spiller,buf,2014,4
SummFr00,Frank Summers,buf,2014,0
ThigMa00,Marcus Thigpen,buf,2014,1
ThomDe04,Deonte Thompson,buf,2014,0
UrbiKr20,Kraig Urbik,buf,2014,4
WatkSa00,Sammy Watkins,buf,2014,8
WillAa00,Aaron Williams,buf,2014,5
WillCh03,Chris Williams,buf,2014,1
WillDu00,Duke Williams,buf,2014,3
WillKy20,Kyle Williams,buf,2014,12
WillMa22,Mario Williams,buf,2014,19
WillMi04,Mike Williams,buf,2014,1
WoodEr20,Eric Wood,buf,2014,7
WoodRo02,Robert Woods,buf,2014,5
WynnJa99,Jarius Wynn,buf,2014,2
AsiaMa00,Matt Asiata,min,2014,6
BanyJo00,Joe Banyard,min,2014,1
BarrAn00,Anthony Barr,min,2014,7
BergJo20,Joe Berger,min,2014,4
BlanRo00,Robert Blanton,min,2014,5
BridTe00,Teddy Bridgewater,min,2014,9
BrinJa99,Jasper Brinkley,min,2014,6
CassMa00,Matt Cassel,min,2014,1
ColeAu00,Audie Cole,min,2014,2
CricSc00,Scott Crichton,min,2014,1
DucaVl20,Vlad Ducasse,min,2014,3
ElliRh00,Rhett Ellison,min,2014,2
ExumAn00,Antone Exum,min,2014,1
FeltJe00,Jerome Felton,min,2014,0
FloySh00,Sharrif Floyd,min,2014,6
FordCh00,Chase Ford,min,2014,2
FuscBr00,Brandon Fusco,min,2014,1
GrayMa00,MarQueis Gray,min,2014,0
GreeCh99,Chad Greenway,min,2014,6
GrifEv99,Everson Griffen,min,2014,9
HarrMi01,Mike Harris,min,2014,3
HodgGe00,Gerald Hodges,min,2014,5
JennGr00,Greg Jennings,min,2014,6
JohnCh08,Charles Johnson,min,2014,4
JohnCh23,Charlie Johnson,min,2014,6
JohnTo01,Tom Johnson,min,2014,3
JoseLi99,Linval Joseph,min,2014,8
KaddJo00,Josh Kaddu,min,2014,0
KaliMa00,Matt Kalil,min,2014,7
LineZa01,Zach Line,min,2014,0
LoadPh20,Phil Loadholt,min,2014,5
LockJe00,Jeff Locke,min,2014,2
LoefCu20,Cullen Loeffler,min,2014,2
MautMi00,Michael Mauti,min,2014,1
McKiJe00,Jerick McKinnon,min,2014,4
MunnCa99,Captain Munnerlyn,min,2014,7
PattCo00,Cordarrelle Patterson,min,2014,4
PeteAd01,Adrian Peterson,min,2014,1
PondCh00,Christian Ponder,min,2014,1
PratSh00,Shaun Prater,min,2014,1
PricJa00,Jabari Price,min,2014,1
RhodXa00,Xavier Rhodes,min,2014,6
RobiJo01,Josh Robinson,min,2014,3
RobiBr98,Brian Robison,min,2014,7
RudoKy00,Kyle Rudolph,min,2014,2
SendAn00,Andrew Sendejo,min,2014,2
SherMa20,Marcus Sherels,min,2014,1
SmitHa00,Harrison Smith,min,2014,8
SmitRo05,Rodney Smith,min,2014,0
StepSh00,Shamar Stephen,min,2014,3
SullJo24,John Sullivan,min,2014,7
TateBe00,Ben Tate,min,2014,0
ThieAd00,Adam Thielen,min,2014,1
TratJu00,Justin Trattou,min,2014,0
WalsBl00,Blair Walsh,min,2014,2
WattBr00,Brandon Watts,min,2014,0
WebbJM20,J'Marcus Webb,min,2014,0
WentAu01,Austin Wentworth,min,2014,1
WootCo99,Corey Wootton,min,2014,2
WrigJa02,Jarius Wright,min,2014,5
AbduIs00,Isa Abdul-Quddus,det,2014,2
AnsaEz00,Ezekiel Ansah,det,2014,9
AustRo00,Rodney Austin,det,2014,0
BellJo01,Joique Bell,det,2014,8
BentBi00,Bill Bentley,det,2014,0
BroyRy00,Ryan Broyles,det,2014,0
BushRe00,Reggie Bush,det,2014,4
ByneJo00,Josh Bynes,det,2014,2
CareDo00,Don Carey,det,2014,2
CollJe01,Jed Collins,det,2014,0
CoupJe00,Jerome Couplin,det,2014,0
DaviKe01,Kellen Davis,det,2014,0
EbroEr00,Eric Ebron,det,2014,2
FairNi00,Nick Fairley,det,2014,4
FaurJo00,Joseph Fauria,det,2014,1
FlueAn99,Andre Fluellen,det,2014,1
FreeNa00,Nate Freese,det,2014,-1
FullCo00,Corey Fuller,det,2014,2
GorrDa00,Danny Gorrer,det,2014,0
HeneAl00,Alex Henery,det,2014,-1
HillCo21,Corey Hilliard,det,2014,0
IhedJa00,James Ihedigbo,det,2014,6
JohnCa00,Calvin Johnson,det,2014,9
JohnGe00,George Johnson,det,2014,3
JoneJa99,Jason Jones,det,2014,8
LawsNe00,Nevin Lawson,det,2014,0
LevyDe99,DeAndre Levy,det,2014,15
LewiTr00,Travis Lewis,det,2014,0
LucaCo01,Cornelius Lucas,det,2014,2
MartSa01,Sam Martin,det,2014,3
MathRa99,Rashean Mathis,det,2014,6
MoslC.20,C.J. Mosley,det,2014,5
MuhlDo20,Don Muhlbach,det,2014,2
NessNa00,Nate Ness,det,2014,0
OwenMo01,Montell Owens,det,2014,0
PalmAs99,Ashlee Palmer,det,2014,3
PettBr00,Brandon Pettigrew,det,2014,1
PratMa20,Matt Prater,det,2014,2
QuinGl99,Glover Quin,det,2014,11
RaioDo20,Dominic Raiola,det,2014,6
ReidCa00,Caraun Reid,det,2014,1
ReifRi00,Riley Reiff,det,2014,6
ReynGa20,Garrett Reynolds,det,2014,2
RiddTh00,Theo Riddick,det,2014,3
RossJe01,Jeremy Ross,det,2014,3
SeisMo00,Mohammed Seisay,det,2014,1
SimsRo20,Rob Sims,det,2014,7
SlayDa00,Darius Slay,det,2014,6
StafMa00,Matthew Stafford,det,2014,13
StanJu00,Julian Stanford,det,2014,1
SuhxNd99,Ndamukong Suh,det,2014,18
SwanTr00,Travis Swanson,det,2014,3
TappDa20,Darryl Tapp,det,2014,2
TateGo00,Golden Tate,det,2014,11
TaylDe00,Devin Taylor,det,2014,2
ThomJo01,Josh Thomas,det,2014,0
ThomJo03,Jordan Thompson,det,2014,0
TullSt20,Stephen Tulloch,det,2014,2
VanNKy00,Kyle Van Noy,det,2014,1
VaugCa00,Cassius Vaughn,det,2014,3
WaddLa01,LaAdrian Waddle,det,2014,4
WarfLa00,Larry Warford,det,2014,6
WhitTa00,Tahir Whitehead,det,2014,8
WinnGe00,George Winn,det,2014,0
AlfoRo00,Robert Alford,atl,2014,4
ArenJa99,Javier Arenas,atl,2014,0
AsamJo20,Jon Asamoah,atl,2014,8
BabiJo20,Jonathan Babineaux,atl,2014,6
BakeSe00,Sean Baker,atl,2014,0
BartJo01,Joplo Bartu,atl,2014,6
BierKr99,Kroy Biermann,atl,2014,6
BlalJu20,Justin Blalock,atl,2014,8
BoshMa00,Matthew Bosher,atl,2014,3
bryanmat01,Matt Bryant,atl,2014,5
CariGa00,Gabe Carimi,atl,2014,4
DaviDr00,Drew Davis,atl,2014,0
DiMaPa00,Patrick DiMarco,atl,2014,1
DougHa00,Harry Douglas,atl,2014,5
FreeDe00,Devonta Freeman,atl,2014,4
GodfCh99,Charles Godfrey,atl,2014,0
GoodMa01,Malliciah Goodman,atl,2014,4
GunnHa00,Harland Gunn,atl,2014,1
HageRa00,Ra'Shede Hageman,atl,2014,1
HarrJo02,Josh Harris,atl,2014,1
HawlJo20,Joe Hawley,atl,2014,2
HestDe99,Devin Hester,atl,2014,6
HolmLa00,Lamar Holmes,atl,2014,2
IshmKe00,Kemal Ishmael,atl,2014,5
JackSt00,Steven Jackson,atl,2014,6
JackTy98,Tyson Jackson,atl,2014,6
JoneJu02,Julio Jones,atl,2014,14
KonzPe00,Peter Konz,atl,2014,2
LoweDw99,Dwight Lowery,atl,2014,6
MapoSt00,Stansly Maponga,atl,2014,1
MartFr00,Freddie Martino,atl,2014,0
MassJo00,Jonathan Massaquoi,atl,2014,2
MattCl01,Cliff Matthews,atl,2014,1
MattJa00,Jake Matthews,atl,2014,8
McClRo98,Robert McClain,atl,2014,3
MoorWi99,William Moore,atl,2014,2
PascBe00,Bear Pascoe,atl,2014,0
PeteCo00,Corey Peters,atl,2014,2
RobyCo00,Courtney Roby,atl,2014,0
RodgJa00,Jacquizz Rodgers,atl,2014,3
RyanMa00,Matt Ryan,atl,2014,15
SchrRy00,Ryan Schraeder,atl,2014,5
ScotJo22,Jonathan Scott,atl,2014,0
ShemPr00,Prince Shembo,atl,2014,2
SmitAn01,Antone Smith,atl,2014,3
SmitJe02,Jerome Smith,atl,2014,0
SoliPa99,Paul Soliai,atl,2014,6
SoutDe00,Dezmen Southward,atl,2014,1
StonJa02,James Stone,atl,2014,5
StupNa01,Nathan Stupar,atl,2014,1
ToilLe00,Levine Toilolo,atl,2014,2
TrufDe00,Desmond Trufant,atl,2014,6
UmenOs99,Osi Umenyiora,atl,2014,2
WeemEr00,Eric Weems,atl,2014,1
WhitRo00,Roddy White,atl,2014,8
WilsJo99,Josh Wilson,atl,2014,2
WorrPa00,Paul Worrilow,atl,2014,7
YateT.00,T.J. Yates,atl,2014,0
AikeDa00,Danny Aiken,nwe,2014,1
AlleRy01,Ryan Allen,nwe,2014,2
AmenDa00,Danny Amendola,nwe,2014,2
ArriKy00,Kyle Arrington,nwe,2014,3
AyerAk00,Akeem Ayers,nwe,2014,3
BarkCh00,Chris Barker,nwe,2014,0
BlouLe00,LeGarrette Blount,nwe,2014,3
BoldBr00,Brandon Bolden,nwe,2014,1
BoycJo00,Josh Boyce,nwe,2014,0
BradTo00,Tom Brady,nwe,2014,16
BranAl99,Alan Branch,nwe,2014,2
BrowBr00,Brandon Browner,nwe,2014,3
BuchMi00,Michael Buchanan,nwe,2014,0
ButlMa01,Malcolm Butler,nwe,2014,1
CannMa00,Marcus Cannon,nwe,2014,4
CasiJo99,Jonathan Casillas,nwe,2014,2
ChunPa99,Patrick Chung,nwe,2014,5
CollJa00,Jamie Collins,nwe,2014,9
ConnDa21,Dan Connolly,nwe,2014,8
DaviJa02,Ja'Gared Davis,nwe,2014,0
DennAl00,Alfonzo Dennard,nwe,2014,2
DeveJa00,James Develin,nwe,2014,1
DeveJo00,Jordan Devey,nwe,2014,3
DobsAa00,Aaron Dobson,nwe,2014,0
EaslDo00,Dominique Easley,nwe,2014,2
EbneNa00,Nate Ebner,nwe,2014,1
EdelJu00,Julian Edelman,nwe,2014,13
FlemCa00,Cameron Fleming,nwe,2014,2
FlemDa00,Darius Fleming,nwe,2014,1
GaroJi00,Jimmy Garoppolo,nwe,2014,1
GostSt20,Stephen Gostkowski,nwe,2014,5
GrayJo00,Jonas Gray,nwe,2014,4
GronRo00,Rob Gronkowski,nwe,2014,13
HarmDu00,Duron Harmon,nwe,2014,1
HighDo01,Dont'a Hightower,nwe,2014,6
HoomMi00,Michael Hoomanawanui,nwe,2014,0
JoneCh03,Chandler Jones,nwe,2014,5
JoneCh04,Chris Jones,nwe,2014,6
JoneDo02,Don Jones,nwe,2014,1
KlinJo01,Josh Kline,nwe,2014,3
LaFeBr00,Brandon LaFell,nwe,2014,11
ManeSt00,Steve Maneri,nwe,2014,0
MayoJe99,Jerod Mayo,nwe,2014,3
McCoDe99,Devin McCourty,nwe,2014,6
MoorZa00,Zach Moore,nwe,2014,1
NinkRo20,Rob Ninkovich,nwe,2014,10
ReviDa99,Darrelle Revis,nwe,2014,15
RidlSt00,Stevan Ridley,nwe,2014,3
RyanLo00,Logan Ryan,nwe,2014,3
SiliSe00,Sealver Siliga,nwe,2014,3
SkinDe00,Deontae Skinner,nwe,2014,1
SlatMa00,Matthew Slater,nwe,2014,0
SoldNa00,Nate Solder,nwe,2014,9
StorBr00,Bryan Stork,nwe,2014,7
ThomKe02,Kenbrell Thompkins,nwe,2014,1
TymsBr00,Brian Tyms,nwe,2014,1
VellJo00,Joe Vellano,nwe,2014,1
VereSh00,Shane Vereen,nwe,2014,8
VollSe20,Sebastian Vollmer,nwe,2014,9
WalkCa00,Casey Walker,nwe,2014,1
WendRy20,Ryan Wendell,nwe,2014,7
WhitCh03,Chris White,nwe,2014,1
WhitJa02,James White,nwe,2014,1
WilfVi20,Vince Wilfork,nwe,2014,8
WilsTa00,Tavon Wilson,nwe,2014,1
WrigTi01,Tim Wright,nwe,2014,3
AmerDa00,David Amerson,was,2014,5
BakeCh99,Chris Baker,was,2014,5
BeauSt00,Steve Beauharnais,was,2014,0
BiggE.99,E.J. Biggers,was,2014,1
BoweSt20,Stephen Bowen,was,2014,2
BreeBa00,Bashaud Breeland,was,2014,6
BrowEv99,Everette Brown,was,2014,0
ChesCh21,Chris Chester,was,2014,7
ClarRy20,Ryan Clark,was,2014,6
CofiBa20,Barry Cofield,was,2014,2
CompTo00,Tom Compton,was,2014,5
CompWi00,William Compton,was,2014,3
CousKi00,Kirk Cousins,was,2014,4
DaviAk00,Akeem Davis,was,2014,1
DaviJa02,Ja'Gared Davis,was,2014,0
DucrGr00,Greg Ducre,was,2014,1
ForbKa00,Kai Forbath,was,2014,3
GarcPi00,Pierre Garcon,was,2014,5
GeatCl99,Clifton Geathers,was,2014,1
GolsKe20,Kedric Golston,was,2014,1
GranRy01,Ryan Grant,was,2014,0
GrifRo01,Robert Griffin III,was,2014,5
HallDe99,DeAngelo Hall,was,2014,1
HankLe00,Leonard Hankerson,was,2014,0
HatcJa20,Jason Hatcher,was,2014,6
HaywAd98,Adam Hayward,was,2014,1
HeluRo00,Roy Helu,was,2014,4
IhenDu00,Duke Ihenacho,was,2014,0
JackDe00,DeSean Jackson,was,2014,8
JeffJa00,Jackson Jeffcoat,was,2014,1
JenkJa01,Jarvis Jenkins,was,2014,6
JordAk99,Akeem Jordan,was,2014,0
KearFr00,Frank Kearse,was,2014,2
KerrRy00,Ryan Kerrigan,was,2014,8
LauvSh20,Shawn Lauvao,was,2014,7
LeRiJo00,Josh LeRibeus,was,2014,1
LichKo20,Kory Lichtensteiger,was,2014,7
LongSp00,Spencer Long,was,2014,0
McCoCo00,Colt McCoy,was,2014,3
MeriBr99,Brandon Meriweather,was,2014,4
MillGa00,Gabe Miller,was,2014,0
MinnCh00,Chase Minnifield,was,2014,1
MorrAl00,Alfred Morris,was,2014,6
MoseMo00,Morgan Moses,was,2014,1
MossSa00,Santana Moss,was,2014,1
MurpTr00,Trent Murphy,was,2014,4
OkorKe00,Kenny Okoro,was,2014,0
OrakBr99,Brian Orakpo,was,2014,3
PaulNi00,Niles Paul,was,2014,3
PaulLo00,Logan Paulsen,was,2014,1
PoluTy20,Tyler Polumbus,was,2014,3
PortTr99,Tracy Porter,was,2014,0
RambBa00,Bacarri Rambo,was,2014,0
ReddSi00,Silas Redd,was,2014,1
ReedJo02,Jordan Reed,was,2014,3
RilePe00,Perry Riley,was,2014,6
RobeAn00,Andre Roberts,was,2014,3
RobiAl00,Aldrick Robinson,was,2014,0
RobiKe01,Keenan Robinson,was,2014,7
RobiTr02,Trent Robinson,was,2014,2
RogeJu00,Justin Rogers,was,2014,0
RossRa00,Rashad Ross,was,2014,0
SanfJa99,Jamarca Sanford,was,2014,0
SundNi00,Nick Sundberg,was,2014,1
ThomPh00,Phillip Thomas,was,2014,2
ThomCh03,Chris Thompson,was,2014,0
WayxTr00,Tress Way,was,2014,3
WillTr21,Trent Williams,was,2014,9
WillTr02,Trevardo Williams,was,2014,0
YounDa01,Darrel Young,was,2014,1
AtkiGe99,Geno Atkins,cin,2014,10
BernGi00,Giovani Bernard,cin,2014,7
BodiRu00,Russell Bodine,cin,2014,8
BoliCl00,Clint Boling,cin,2014,8
BrocKe00,Kevin Brock,cin,2014,0
BurfVo00,Vontaze Burfict,cin,2014,3
BurkRe00,Rex Burkhead,cin,2014,1
CampJa00,Jason Campbell,cin,2014,0
CartCh00,Chris Carter,cin,2014,0
ClarWi00,Will Clarke,cin,2014,1
DaltAn00,Andy Dalton,cin,2014,11
DennDa00,Darqueze Dennard,cin,2014,1
DiMaJa00,Jayson DiManche,cin,2014,1
DunlCa99,Carlos Dunlap,cin,2014,9
EifeTy00,Tyler Eifert,cin,2014,0
FlowMa00,Marquis Flowers,cin,2014,2
GeatRo21,Robert Geathers,cin,2014,2
GilbWa00,Wallace Gilberry,cin,2014,8
GreeA.00,A.J. Green,cin,2014,9
GresJe00,Jermaine Gresham,cin,2014,4
HallLe98,Leon Hall,cin,2014,5
HamiCo00,Cobi Hamilton,cin,2014,0
HarrCl20,Clark Harris,cin,2014,1
HawkTa00,Tanner Hawkinson,cin,2014,0
HewiRy00,Ryan Hewitt,cin,2014,1
HillJe01,Jeremy Hill,cin,2014,10
HubeKe20,Kevin Huber,cin,2014,3
HuntMa00,Margus Hunt,cin,2014,1
IlokGe00,George Iloka,cin,2014,6
JohnNi00,Nico Johnson,cin,2014,2
JohnTJ00,T.J. Johnson,cin,2014,0
JonePa20,Adam Jones,cin,2014,9
KirkDr00,Dre Kirkpatrick,cin,2014,2
LamuEm00,Emmanuel Lamur,cin,2014,7
LewiCh01,Chris Lewis-Harris,cin,2014,0
LittGr00,Greg Little,cin,2014,1
MannTe00,Terrell Manning,cin,2014,0
MauaRe99,Rey Maualuga,cin,2014,6
MaysTa99,Taylor Mays,cin,2014,1
McCaOn00,Onterio McCalebb,cin,2014,0
NelsRe99,Reggie Nelson,cin,2014,7
NewhMa20,Marshall Newhouse,cin,2014,3
NewmTe20,Terence Newman,cin,2014,5
nugenmik01,Mike Nugent,cin,2014,2
PeerCe00,Cedric Peerman,cin,2014,1
PekoDo20,Domata Peko,cin,2014,8
PollMi20,Mike Pollak,cin,2014,3
PortSe00,Sean Porter,cin,2014,0
ReyxVi00,Vincent Rey,cin,2014,7
SanuMo00,Mohamed Sanu,cin,2014,8
SanzDa00,Dane Sanzenbacher,cin,2014,1
SmitAl02,Alex Smith,cin,2014,0
SmitAn23,Andre Smith,cin,2014,4
StilDe00,Devon Still,cin,2014,1
TateBr00,Brandon Tate,cin,2014,2
ThomBr01,Brandon Thompson,cin,2014,1
WhitAn20,Andrew Whitworth,cin,2014,12
WillSh02,Shawn Williams,cin,2014,1
WinsEr20,Eric Winston,cin,2014,1
WrigJa03,James Wright,cin,2014,1
ZeitKe00,Kevin Zeitler,cin,2014,6
ArmsTe00,Terron Armstead,nor,2014,8
BakeEd01,Edwin Baker,nor,2014,0
BallMa00,Marcus Ball,nor,2014,1
BreeDr00,Drew Brees,nor,2014,16
BunkBr20,Brodrick Bunkley,nor,2014,4
BushRa00,Rafael Bush,nor,2014,2
ByrdJa99,Jairus Byrd,nor,2014,1
CadeTr00,Travaris Cadet,nor,2014,3
ColsMa00,Marques Colston,nor,2014,8
CookBr00,Brandin Cooks,nor,2014,5
DaviTo01,Todd Davis,nor,2014,0
DeadBr99,Brandon Deaderick,nor,2014,1
DixoBr01,Brian Dixon,nor,2014,1
DresJu20,Justin Drescher,nor,2014,1
EdebKa00,Kasim Edebali,nor,2014,1
EvanJa21,Jahri Evans,nor,2014,12
FokoMo99,Moise Fokou,nor,2014,0
FostGl00,Glenn Foster,nor,2014,0
FredTe00,Terrence Frederick,nor,2014,1
GaleJu00,Junior Galette,nor,2014,5
GoodJo23,Jonathan Goodwin,nor,2014,8
GrahJi00,Jimmy Graham,nor,2014,8
grahasha01,Shayne Graham,nor,2014,3
GrubBe20,Ben Grubbs,nor,2014,9
HaraPa20,Parys Haralson,nor,2014,5
HarrBr01,Bryce Harris,nor,2014,3
HawtDa20,David Hawthorne,nor,2014,5
HickAk00,Akiem Hicks,nor,2014,5
HillJo02,Josh Hill,nor,2014,2
HumbRa00,Ramon Humber,nor,2014,3
IngrMa01,Mark Ingram,nor,2014,8
JeanSt00,Stanley Jean-Baptiste,nor,2014,0
JenkJo00,John Jenkins,nor,2014,2
JohnAu00,Austin Johnson,nor,2014,1
JordCa00,Cameron Jordan,nor,2014,7
KeleSe00,Senio Kelemete,nor,2014,1
KnoxKy00,Kyle Knox,nor,2014,1
LeliTi00,Tim Lelito,nor,2014,2
LeonBr00,Brian Leonard,nor,2014,0
LewiKe96,Keenan Lewis,nor,2014,5
LoftCu99,Curtis Lofton,nor,2014,7
LoriEr99,Erik Lorig,nor,2014,0
McCoLu00,Luke McCown,nor,2014,0
MeacRo00,Robert Meachem,nor,2014,1
MorgJo01,Joe Morgan,nor,2014,1
MorsTh00,Thomas Morstead,nor,2014,3
OlseEr20,Eric Olsen,nor,2014,0
PoolTa00,Tauren Poole,nor,2014,0
PoweRo01,Ronald Powell,nor,2014,1
RobiKh00,Khiry Robinson,nor,2014,3
RobiPa99,Patrick Robinson,nor,2014,3
SanfJa99,Jamarca Sanford,nor,2014,1
SaunJa00,Jalen Saunders,nor,2014,0
StilKe00,Kenny Stills,nor,2014,8
StriZa20,Zach Strief,nor,2014,9
SunsVi00,Vinnie Sunseri,nor,2014,0
ThomPi00,Pierre Thomas,nor,2014,5
ToonNi00,Nick Toon,nor,2014,2
VaccKe00,Kenny Vaccaro,nor,2014,5
VirgLa00,Lawrence Virgil,nor,2014,0
WalkTy00,Tyrunn Walker,nor,2014,2
WarrPi00,Pierre Warren,nor,2014,2
WatsBe00,Ben Watson,nor,2014,1
WhitCo01,Corey White,nor,2014,4
BethAn20,Antoine Bethea,sfo,2014,10
BishDe99,Desmond Bishop,sfo,2014,0
BoldAn00,Anquan Boldin,sfo,2014,8
BoonAl21,Alex Boone,sfo,2014,7
BorlCh00,Chris Borland,sfo,2014,6
BrocTr00,Tramaine Brock,sfo,2014,1
BrooAh21,Ahmad Brooks,sfo,2014,6
CarrCo00,Tank Carradine,sfo,2014,1
CarrDe00,Derek Carrier,sfo,2014,1
CeleGa00,Garrett Celek,sfo,2014,0
ClevAs00,Asante Cleveland,sfo,2014,0
CookCh99,Chris Cook,sfo,2014,0
CoxxPe99,Perrish Cox,sfo,2014,7
CrabMi00,Michael Crabtree,sfo,2014,5
CromMa01,Marcus Cromartie,sfo,2014,0
CullCh00,Chris Culliver,sfo,2014,7
DahlCr99,Craig Dahl,sfo,2014,2
DaviAn27,Anthony Davis,sfo,2014,3
DaviVe00,Vernon Davis,sfo,2014,2
dawsophi01,Phil Dawson,sfo,2014,3
DialQu00,Quinton Dial,sfo,2014,4
DobbDe00,Demarcus Dobbs,sfo,2014,1
ElliBr00,Bruce Ellington,sfo,2014,1
FarrDi00,Dillon Farrell,sfo,2014,1
GabbBl00,Blaine Gabbert,sfo,2014,0
GoreFr00,Frank Gore,sfo,2014,7
HollTr00,Trindon Holliday,sfo,2014,0
HydeCa00,Carlos Hyde,sfo,2014,2
IupaMi20,Mike Iupati,sfo,2014,9
JameLa00,LaMichael James,sfo,2014,0
JeroTo00,Tony Jerod-Eddie,sfo,2014,2
JohnDo02,Dontae Johnson,sfo,2014,3
JohnSt00,Stevie Johnson,sfo,2014,3
KaepCo00,Colin Kaepernick,sfo,2014,12
KilgDa00,Daniel Kilgore,sfo,2014,3
LeexAn20,Andy Lee,sfo,2014,3
LemoCo00,Corey Lemonier,sfo,2014,1
LloyBr00,Brandon Lloyd,sfo,2014,2
LoonJo01,Joe Looney,sfo,2014,3
LyncAa00,Aaron Lynch,sfo,2014,3
MartJo01,Jonathan Martin,sfo,2014,5
MartMa01,Marcus Martin,sfo,2014,4
McCrL.00,L.J. McCray,sfo,2014,1
McDoRa99,Ray McDonald,sfo,2014,7
McDoVa00,Vance McDonald,sfo,2014,0
McFaLe00,Leon McFadden,sfo,2014,0
MillBr02,Bruce Miller,sfo,2014,1
MoodNi00,Nick Moody,sfo,2014,2
NelsKy00,Kyle Nelson,sfo,2014,0
OsgoKa00,Kassim Osgood,sfo,2014,0
PattQu00,Quinton Patton,sfo,2014,0
PurcMi00,Mike Purcell,sfo,2014,0
ReidEr00,Eric Reid,sfo,2014,7
SkutDa00,Dan Skuta,sfo,2014,5
SmitAl04,Aldon Smith,sfo,2014,3
SmitAl22,Alfonso Smith,sfo,2014,0
SmitJu20,Justin Smith,sfo,2014,8
StalJo20,Joe Staley,sfo,2014,10
TannPh00,Phillip Tanner,sfo,2014,0
ThomCh04,Chase Thomas,sfo,2014,0
TillAn01,Andrew Tiller,sfo,2014,0
VentRa20,Raymond Ventrone,sfo,2014,1
WardJi01,Jimmie Ward,sfo,2014,1
WilhMi00,Michael Wilhoite,sfo,2014,8
WillIa00,Ian Williams,sfo,2014,4
WillPa98,Patrick Willis,sfo,2014,3
AlexMa00,Maurice Alexander,ram,2014,1
ArmsRa01,Ray-Ray Armstrong,ram,2014,0
AustTa00,Tavon Austin,ram,2014,4
BailSt01,Stedman Bailey,ram,2014,4
BarkJo00,Joe Barksdale,ram,2014,7
BarnTi01,Tim Barnes,ram,2014,1
BarrMa00,Mark Barron,ram,2014,3
BateDa00,Daren Bates,ram,2014,1
BayeAl00,Alex Bayer,ram,2014,0
BritKe00,Kenny Britt,ram,2014,6
BrocMi00,Michael Brockers,ram,2014,8
CarrAl99,Alex Carrington,ram,2014,1
CookJa02,Jared Cook,ram,2014,5
CunnBe01,Benny Cunningham,ram,2014,4
DaviAu00,Austin Davis,ram,2014,5
DaviCo02,Cody Davis,ram,2014,1
DonaAa00,Aaron Donald,ram,2014,11
DunbJo20,Jo-Lonn Dunbar,ram,2014,5
GainE.00,E.J. Gaines,ram,2014,6
GiveCh00,Chris Givens,ram,2014,1
HarkCo00,Cory Harkey,ram,2014,0
HayeWi99,William Hayes,ram,2014,6
HekkJo00,Johnny Hekker,ram,2014,3
HerrWi99,Will Herring,ram,2014,1
HillSh00,Shaun Hill,ram,2014,4
JenkJa03,Jackrabbit Jenkins,ram,2014,6
JohnTr05,Trumaine Johnson,ram,2014,3
JoneBa00,Barrett Jones,ram,2014,0
JoseDa20,Davin Joseph,ram,2014,6
JoynLa00,Lamarcus Joyner,ram,2014,1
KendLa00,Lance Kendricks,ram,2014,2
LangKe98,Kendall Langford,ram,2014,3
LaurJa99,James Laurinaitis,ram,2014,10
LongCh99,Chris Long,ram,2014,3
LongJa20,Jake Long,ram,2014,3
MasoTr00,Tre Mason,ram,2014,6
McDoTJ00,T.J. McDonald,ram,2014,6
McFaMa00,Marshall McFadden,ram,2014,0
McGeBr00,Brandon McGee,ram,2014,0
McLeRo00,Rodney McLeod,ram,2014,7
McQuJa00,Jake McQuaide,ram,2014,1
OgleAl00,Alec Ogletree,ram,2014,9
PersMi00,Michael Person,ram,2014,1
PettAu00,Austin Pettis,ram,2014,1
QuicBr00,Brian Quick,ram,2014,3
QuinRo00,Robert Quinn,ram,2014,12
ReynCh00,Chase Reynolds,ram,2014,0
RobeMa00,Marcus Roberson,ram,2014,1
RobiGr01,Greg Robinson,ram,2014,5
SaffRo20,Rodger Saffold,ram,2014,7
SimsEu99,Eugene Sims,ram,2014,3
StacZa00,Zac Stacy,ram,2014,3
ThomJe03,Jemea Thomas,ram,2014,0
ToomKo00,Korey Toomer,ram,2014,1
WattTr00,Trey Watts,ram,2014,0
WellSc20,Scott Wells,ram,2014,7
WestEt00,Ethan Westbrooks,ram,2014,1
WillDa04,Damian Williams,ram,2014,0
ZuerGr00,Greg Zuerlein,ram,2014,2
AmukPr00,Prince Amukamara,nyg,2014,3
AndeJu01,Justin Anderson,nyg,2014,0
AyerRo99,Robert Ayers,nyg,2014,2
BeasJo99,Jon Beason,nyg,2014,2
BeatWi20,Will Beatty,nyg,2014,8
BeckOd00,Odell Beckham Jr.,nyg,2014,11
BerhNa00,Nat Berhe,nyg,2014,1
BowmZa20,Zackary Bowman,nyg,2014,3
BrewJa00,James Brewer,nyg,2014,0
BromJa00,Jay Bromley,nyg,2014,1
BrowCh28,Charles Brown,nyg,2014,0
BrowCh05,Chykie Brown,nyg,2014,2
brownjos01,Josh Brown,nyg,2014,4
BrowSt99,Stevie Brown,nyg,2014,3
CoxxMi00,Michael Cox,nyg,2014,0
CruzVi00,Victor Cruz,nyg,2014,3
DarkOr00,Orleans Darkwa,nyg,2014,0
DaviJa05,James Davidson,nyg,2014,0
DempQu99,Quintin Demps,nyg,2014,4
DeOsZa99,Zak DeOssie,nyg,2014,2
DonnLa00,Larry Donnell,nyg,2014,5
FellDa00,Daniel Fells,nyg,2014,2
FennCh00,Chandler Fenner,nyg,2014,1
FoxxDa00,Dan Fox,nyg,2014,0
HankJo00,Johnathan Hankins,nyg,2014,7
HarrMi00,Mike Harris,nyg,2014,1
HazePa00,Paul Hazel,nyg,2014,0
HerzMa00,Mark Herzlich,nyg,2014,4
HillPe00,Peyton Hillis,nyg,2014,1
HoslJa00,Jayron Hosley,nyg,2014,1
HynoHe01,Henry Hynoski,nyg,2014,0
JenkCu20,Cullen Jenkins,nyg,2014,5
JennRa00,Rashad Jennings,nyg,2014,6
JernJe00,Jerrel Jernigan,nyg,2014,0
JerrJo20,John Jerry,nyg,2014,8
KennDe00,Devon Kennard,nyg,2014,3
KiwaMa20,Mathias Kiwanuka,nyg,2014,5
KuhnMa00,Markus Kuhn,nyg,2014,2
MannEl00,Eli Manning,nyg,2014,13
MannTe00,Terrell Manning,nyg,2014,0
McBrTr99,Trumaine McBride,nyg,2014,1
McClJa01,Jameel McClain,nyg,2014,7
MoorDa01,Damontre Moore,nyg,2014,2
MoslBr00,Brandon Mosley,nyg,2014,1
NassRy00,Ryan Nassib,nyg,2014,0
OgboCh00,Chris Ogbonnaya,nyg,2014,0
OgleKe00,Kevin Ogletree,nyg,2014,0
ParkPr00,Preston Parker,nyg,2014,3
PattMi20,Mike Patterson,nyg,2014,4
PaysSp00,Spencer Paysinger,nyg,2014,1
PierJa99,Jason Pierre-Paul,nyg,2014,9
PughJu00,Justin Pugh,nyg,2014,7
RandRu00,Rueben Randle,nyg,2014,8
ReynDa01,Dallas Reynolds,nyg,2014,1
RichWe00,Weston Richburg,nyg,2014,8
RobiAd00,Adrien Robinson,nyg,2014,0
RodgDo99,Dominique Rodgers-Cromartie,nyg,2014,6
RollAn20,Antrel Rolle,nyg,2014,6
SchwGe20,Geoff Schwartz,nyg,2014,1
SnydAd20,Adam Snyder,nyg,2014,1
TallJu00,Julian Talley,nyg,2014,0
ThurWa99,Walter Thurmond,nyg,2014,0
WaltJ.20,J.D. Walton,nyg,2014,8
WashCo01,Corey Washington,nyg,2014,0
WeatSt20,Steve Weatherford,nyg,2014,2
WillAn00,Andre Williams,nyg,2014,4
WillJa02,Jacquian Williams,nyg,2014,4
WynnKe00,Kerry Wynn,nyg,2014,1
AndeC.00,C.J. Anderson,den,2014,10
AustMa00,Marvin Austin,den,2014,1
BallMo00,Montee Ball,den,2014,2
BarrLa00,Lamin Barrow,den,2014,1
barthco01,Connor Barth,den,2014,2
BoldOm00,Omar Bolden,den,2014,1
BrewAa00,Aaron Brewer,den,2014,1
BrutDa99,David Bruton,den,2014,1
BursIs01,Isaiah Burse,den,2014,0
BushJo00,Josh Bush,den,2014,0
CaldAn00,Andre Caldwell,den,2014,0
CartQu01,Quinton Carter,den,2014,1
CartTo99,Tony Carter,den,2014,1
CladRy20,Ryan Clady,den,2014,11
ClarCh21,Chris Clark,den,2014,4
ColqBr00,Britton Colquitt,den,2014,2
CornPa00,Paul Cornick,den,2014,4
DaviTo01,Todd Davis,den,2014,1
FranOr00,Orlando Franklin,den,2014,9
GarlBe00,Ben Garland,den,2014,1
GreeVi00,Virgil Green,den,2014,1
HarrCh01,Chris Harris Jr.,den,2014,11
HillRo00,Ronnie Hillman,den,2014,5
IrviNa00,Nate Irving,den,2014,4
JackMa02,Malik Jackson,den,2014,3
JohnSt02,Steven Johnson,den,2014,4
JoneDo01,Dominique Jones,den,2014,0
KnigTe99,Terrance Knighton,den,2014,7
LatiCo00,Cody Latimer,den,2014,0
MannPe00,Peyton Manning,den,2014,16
MarsBr01,Brandon Marshall,den,2014,7
McCrLe01,Lerentee McCray,den,2014,1
McMaBr01,Brandon McManus,den,2014,1
MillVo00,Von Miller,den,2014,12
MontWi20,Will Montgomery,den,2014,5
MoorRa00,Rahim Moore,den,2014,6
NelsCo00,Corey Nelson,den,2014,1
OsweBr00,Brock Osweiler,den,2014,0
RamiMa20,Manuel Ramirez,den,2014,9
RobyBr00,Bradley Roby,den,2014,2
SandEm00,Emmanuel Sanders,den,2014,14
SmitQu00,Quanterus Smith,den,2014,1
StewJe00,Jeremy Stewart,den,2014,0
TaliAq99,Aqib Talib,den,2014,9
TammJa00,Jacob Tamme,den,2014,1
ThomDe03,Demaryius Thomas,den,2014,16
ThomJu00,Julius Thomas,den,2014,5
ThomJu01,Juwan Thompson,den,2014,2
TrevDa00,Danny Trevathan,den,2014,1
UnreMi00,Mitch Unrein,den,2014,1
VasqLo20,Louis Vasquez,den,2014,9
WardT.99,T.J. Ward,den,2014,7
WareDe99,DeMarcus Ware,den,2014,10
WebsKa00,Kayvon Webster,den,2014,1
WelkWe00,Wes Welker,den,2014,5
WillSy00,Sylvester Williams,den,2014,6
WolfDe00,Derek Wolfe,den,2014,7
AgneRa00,Ray Agnew,cle,2014,0
AustMi00,Miles Austin,cle,2014,3
BadeJo00,Johnson Bademosi,cle,2014,1
BarnGa01,Gary Barnidge,cle,2014,1
BenjTr00,Travis Benjamin,cle,2014,2
BerrAa00,Aaron Berry,cle,2014,0
BitoJo00,Joel Bitonio,cle,2014,6
BryaAr00,Armonty Bryant,cle,2014,1
BryaDe00,Desmond Bryant,cle,2014,8
ByrdLa00,LaRon Byrd,cle,2014,0
CameJo00,Jordan Cameron,cle,2014,3
CardTa00,Tank Carder,cle,2014,1
CrowIs00,Isaiah Crowell,cle,2014,3
cundibil01,Billy Cundiff,cle,2014,1
DansKa20,Karlos Dansby,cle,2014,6
DesiPi00,Pierre Desir,cle,2014,1
DileZa99,Zach Diles,cle,2014,0
DrauSh00,Shaun Draughn,cle,2014,0
DrayJi00,Jim Dray,cle,2014,1
FuaxSi00,Sione Fua,cle,2014,1
GabrTa00,Taylor Gabriel,cle,2014,4
GilbJu00,Justin Gilbert,cle,2014,2
GipsTa00,Tashaun Gipson,cle,2014,9
GordJo02,Josh Gordon,cle,2014,2
GrecJo20,John Greco,cle,2014,6
HadeJo99,Joe Haden,cle,2014,11
HartGa00,Garrett Hartley,cle,2014,1
HawkAn00,Andrew Hawkins,cle,2014,5
HoyeBr00,Brian Hoyer,cle,2014,7
HughJo00,John Hughes,cle,2014,2
KirkCh00,Christian Kirksey,cle,2014,5
KitcIs00,Ishmaa'ily Kitchen,cle,2014,2
KrugPa99,Paul Kruger,cle,2014,8
LannSp00,Spencer Lanning,cle,2014,2
LeonJi23,Jim Leonhard,cle,2014,3
MackAl20,Alex Mack,cle,2014,2
ManzJo00,Johnny Manziel,cle,2014,0
MartEr02,Eric Martin,cle,2014,2
McDaJa00,Jacobbi McDaniel,cle,2014,0
McDoNi00,Nick McDonald,cle,2014,3
McQuPa21,Paul McQuistan,cle,2014,1
MedeJa00,Jamie Meder,cle,2014,0
MingBa00,Barkevious Mingo,cle,2014,6
MoorMa02,Marlon Moore,cle,2014,0
NelsRo00,Robert Nelson,cle,2014,0
PainVi00,Vinston Painter,cle,2014,0
PoyeJo00,Jordan Poyer,cle,2014,1
RobeCr00,Craig Robertson,cle,2014,7
RobiGe00,Gerell Robinson,cle,2014,0
RubiAh99,Ahtyba Rubin,cle,2014,5
SchwMi00,Mitchell Schwartz,cle,2014,6
SeymRy00,Ryan Seymour,cle,2014,2
ShawCo00,Connor Shaw,cle,2014,0
SheaJa00,Jabaal Sheard,cle,2014,3
SkriBu00,Buster Skrine,cle,2014,7
SmalKi00,Kiero Small,cle,2014,0
SmitRo05,Rodney Smith,cle,2014,0
SoloSc00,Scott Solomon,cle,2014,0
TateBe00,Ben Tate,cle,2014,2
TaylPh00,Phil Taylor,cle,2014,2
TaylRy00,Ryan Taylor,cle,2014,0
ThomJo28,Joe Thomas,cle,2014,12
WestTe00,Terrance West,cle,2014,3
WhitDo20,Donte Whitner,cle,2014,9
WillKW00,K'Waun Williams,cle,2014,2
WinnBi00,Billy Winn,cle,2014,4
WinsGl00,Glenn Winston,cle,2014,0
YounCh02,Christian Yount,cle,2014,1
AdamMi21,Mike Adams,clt,2014,10
AlleDw00,Dwayne Allen,clt,2014,3
AndeCo01,Colt Anderson,clt,2014,1
ArkiDa00,David Arkin,clt,2014,0
BradAh00,Ahmad Bradshaw,clt,2014,5
BrowJa00,Jalil Brown,clt,2014,0
BrowSe00,Sergio Brown,clt,2014,4
ButlDa99,Darius Butler,clt,2014,2
ButlVi99,Victor Butler,clt,2014,0
CartCh00,Chris Carter,clt,2014,0
CastAn00,Anthony Castonzo,clt,2014,9
ChapJo00,Josh Chapman,clt,2014,6
CherGo20,Gosder Cherilus,clt,2014,8
CribJo01,Josh Cribbs,clt,2014,0
DaviVo99,Vontae Davis,clt,2014,11
DoylJa00,Jack Doyle,clt,2014,1
FleeCo00,Coby Fleener,clt,2014,7
FreeJe00,Jerrell Freeman,clt,2014,6
GordJo01,Josh Gordy,clt,2014,2
GuyxWi00,Winston Guy,clt,2014,0
HarrJo03,Jonotthan Harrison,clt,2014,6
HarvMa00,Mario Harvey,clt,2014,0
HassMa00,Matt Hasselbeck,clt,2014,1
HerrDa00,Dan Herron,clt,2014,4
HillMi00,Michael Hill,clt,2014,0
HiltT.00,T.Y. Hilton,clt,2014,12
HolmKh00,Khaled Holmes,clt,2014,1
HughMo00,Montori Hughes,clt,2014,2
JackAn02,Andrew Jackson,clt,2014,1
JackDQ20,D'Qwell Jackson,clt,2014,11
JeanRi99,Ricky Jean-Francois,clt,2014,6
JohnCa01,Cam Johnson,clt,2014,0
JoneAr22,Arthur Jones,clt,2014,2
KerrZa00,Zach Kerr,clt,2014,1
LandLa99,LaRon Landry,clt,2014,3
LouiLa20,Lance Louis,clt,2014,4
LuckAn00,Andrew Luck,clt,2014,16
McAfPa44,Pat McAfee,clt,2014,3
McDoDe01,Dewey McDonald,clt,2014,1
McNaJo00,Josh McNary,clt,2014,3
MereJa20,Jamon Meredith,clt,2014,0
MewhJa00,Jack Mewhort,clt,2014,8
MoncDo00,Donte Moncrief,clt,2014,4
MuamHe00,Henoc Muamba,clt,2014,1
NewsJo00,Jonathan Newsome,clt,2014,2
NickHa01,Hakeem Nicks,clt,2014,4
NixoXa00,Xavier Nixon,clt,2014,1
OverMa00,Matt Overton,clt,2014,1
PhilSh20,Shaun Phillips,clt,2014,0
PuriLo01,Loucheiz Purifoy,clt,2014,1
QuarKe01,Kelcy Quarles,clt,2014,0
ReddCo20,Cory Redding,clt,2014,7
ReitJo00,Joe Reitz,clt,2014,3
RichTr00,Trent Richardson,clt,2014,5
SaunWe00,Weslye Saunders,clt,2014,0
ShipA.20,A.Q. Shipley,clt,2014,4
StudAn99,Andy Studebaker,clt,2014,2
ThorHu00,Hugh Thornton,clt,2014,5
TiptZu01,Zurlon Tipton,clt,2014,1
ToleGr99,Greg Toler,clt,2014,7
vinatada01,Adam Vinatieri,clt,2014,5
WaldEr99,Erik Walden,clt,2014,6
WaynRe00,Reggie Wayne,clt,2014,7
WernBj00,Bjoern Werner,clt,2014,7
WhalGr00,Griff Whalen,clt,2014,0
AndeJa21,James Anderson,oti,2014,0
AndrAn00,Antonio Andrews,oti,2014,0
AyerAk00,Akeem Ayers,oti,2014,0
BattJa00,Jackie Battle,oti,2014,0
BracBr00,Brett Brackett,oti,2014,0
BrinBe00,Beau Brinkley,oti,2014,1
BrowZa00,Zach Brown,oti,2014,0
BurnKa00,Kaelin Burnett,oti,2014,0
CaseJu00,Jurrell Casey,oti,2014,7
CoffCh00,Chase Coffman,oti,2014,0
DurhKr00,Kris Durham,oti,2014,0
GheeBr99,Brandon Ghee,oti,2014,1
GoodZa00,Zaviar Gooden,oti,2014,2
GordRi00,Richard Gordon,oti,2014,0
GreeSh00,Shonn Greene,oti,2014,2
GrifMi99,Michael Griffin,oti,2014,6
GrovQu99,Quentin Groves,oti,2014,2
HagaDe00,Derek Hagan,oti,2014,2
HarrBr00,Brandon Harris,oti,2014,1
HillSa99,Sammie Lee Hill,oti,2014,6
HuffMa00,Marqueston Huff,oti,2014,2
HuntJu00,Justin Hunter,oti,2014,3
JoneDa04,DaQuan Jones,oti,2014,1
JoneTe01,Terren Jones,oti,2014,0
KernBr20,Brett Kern,oti,2014,3
KlugKa00,Karl Klug,oti,2014,2
LeviAn20,Andy Levitre,oti,2014,6
LewaTa00,Taylor Lewan,oti,2014,3
LockJa00,Jake Locker,oti,2014,3
MartMi01,Mike Martin,oti,2014,2
McClDe00,Dexter McCluster,oti,2014,2
McCoJa99,Jason McCourty,oti,2014,6
MereJa20,Jamon Meredith,oti,2014,1
MettZa00,Zach Mettenberger,oti,2014,3
MochDo00,Dontay Moch,oti,2014,0
MorgDe99,Derrick Morgan,oti,2014,6
MullMa00,Matthew Mulligan,oti,2014,0
OherMi20,Michael Oher,oti,2014,4
OlseEr20,Eric Olsen,oti,2014,0
PalmJo20,Jordan Palmer,oti,2014,0
PhilSh20,Shaun Phillips,oti,2014,1
PitoRo00,Ropati Pitoitua,oti,2014,5
PollBe20,Bernard Pollard,oti,2014,2
RichRi00,Rico Richardson,oti,2014,0
RoosMi20,Michael Roos,oti,2014,2
SankBi00,Bishop Sankey,oti,2014,4
SchwBr00,Brian Schwenke,oti,2014,4
SensCo00,Coty Sensabaugh,oti,2014,3
SpenCh21,Chris Spencer,oti,2014,3
StafDa00,Daimion Stafford,oti,2014,1
StapJu00,Justin Staples,oti,2014,0
StevCr00,Craig Stevens,oti,2014,0
StinBy00,Byron Stingily,oti,2014,2
SuccRy44,Ryan Succop,oti,2014,3
SvitWi20,Will Svitek,oti,2014,1
ThomJe03,Jemea Thomas,oti,2014,0
ThomTa00,Taylor Thompson,oti,2014,0
WalkHu00,Delanie Walker,oti,2014,6
WarmCh00,Chance Warmack,oti,2014,6
WashLe00,Leon Washington,oti,2014,1
WashNa00,Nate Washington,oti,2014,4
WhitCh02,Charlie Whitehurst,oti,2014,4
WillAv00,Avery Williamson,oti,2014,6
WilsGe01,George Wilson,oti,2014,4
WimbKa20,Kamerion Wimbley,oti,2014,4
WoodAl99,Al Woods,oti,2014,2
WoodWe20,Wesley Woodyard,oti,2014,7
WootKh00,Khalid Wooten,oti,2014,0
WrehBl00,Blidi Wreh-Wilson,oti,2014,4
WrigKe01,Kendall Wright,oti,2014,5
AbouOd00,Oday Aboushi,nyj,2014,5
AdamPh00,Phillip Adams,nyj,2014,2
AlleAn02,Antonio Allen,nyj,2014,3
AmarJa00,Jace Amaro,nyj,2014,3
BabiJa20,Jason Babin,nyj,2014,3
BarnAn99,Antwan Barnes,nyj,2014,0
BarnT.00,T.J. Barnes,nyj,2014,1
BellNi01,Nick Bellore,nyj,2014,1
BohaTo00,Tommy Bohanon,nyj,2014,0
BushJo00,Josh Bush,nyj,2014,0
ColoWi20,Willie Colon,nyj,2014,7
ConnJo00,John Conner,nyj,2014,0
CoplQu00,Quinton Coples,nyj,2014,7
CumbJe00,Jeff Cumberland,nyj,2014,2
DaviDe00,Demario Davis,nyj,2014,8
DeckEr00,Eric Decker,nyj,2014,7
DouzLe00,Leger Douzable,nyj,2014,2
EddsA.99,A.J. Edds,nyj,2014,0
ElliKe01,Kenrick Ellis,nyj,2014,2
EnemIK00,IK Enemkpali,nyj,2014,0
EnunQu00,Quincy Enunwa,nyj,2014,0
FergDB20,D'Brickashaw Ferguson,nyj,2014,7
FolkNi20,Nick Folk,nyj,2014,3
FreeDa00,Dalton Freeman,nyj,2014,1
GiacBr20,Breno Giacomini,nyj,2014,7
GrahT.00,T.J. Graham,nyj,2014,1
HakiSa00,Saalim Hakim,nyj,2014,0
HarrDa99,David Harris,nyj,2014,8
HarrDa03,Damon Harrison,nyj,2014,7
HarvPe00,Percy Harvin,nyj,2014,3
IjalBe00,Ben Ijalana,nyj,2014,0
IvorCh00,Chris Ivory,nyj,2014,5
JarrJa00,Jaiquawn Jarrett,nyj,2014,3
JohnCh04,Chris Johnson,nyj,2014,5
KerlJe00,Jeremy Kerley,nyj,2014,4
LandDa21,Dawan Landry,nyj,2014,5
LankEl99,Ellis Lankster,nyj,2014,0
LewiLe01,LeQuan Lewis,nyj,2014,0
MangNi20,Nick Mangold,nyj,2014,8
MillDe00,Dee Milliner,nyj,2014,1
NelsDa01,David Nelson,nyj,2014,0
OwusCh00,Chris Owusu,nyj,2014,1
PaceCa20,Calvin Pace,nyj,2014,7
PantCh00,Chris Pantale,nyj,2014,0
PoweBi00,Bilal Powell,nyj,2014,1
PoweWa00,Walt Powell,nyj,2014,0
PryoCa00,Calvin Pryor,nyj,2014,4
PurdTa00,Tanner Purdum,nyj,2014,1
QuigRy00,Ryan Quigley,nyj,2014,2
ReilTr00,Trevor Reilly,nyj,2014,1
RichSh00,Sheldon Richardson,nyj,2014,11
SalaGr00,Greg Salas,nyj,2014,1
SaunJa00,Jalen Saunders,nyj,2014,0
SimmMa00,Matt Simms,nyj,2014,0
SmitGe00,Geno Smith,nyj,2014,7
SudfZa00,Zach Sudfeld,nyj,2014,1
ThomJo01,Josh Thomas,nyj,2014,0
VickMi00,Michael Vick,nyj,2014,2
WallDa00,Darrin Walls,nyj,2014,5
WilkMu00,Muhammad Wilkerson,nyj,2014,6
WillMa03,Marcus Williams,nyj,2014,3
WilsKy99,Kyle Wilson,nyj,2014,1
WintBr00,Brian Winters,nyj,2014,3
AdamJe00,Jeff Adams,htx,2014,0
AnkrJa00,Jason Ankrah,htx,2014,0
AubrJo00,Josh Aubrey,htx,2014,0
BlueAl00,Alfred Blue,htx,2014,4
BouyA.00,A.J. Bouye,htx,2014,4
BrooBr00,Brandon Brooks,htx,2014,7
BrowDu20,Duane Brown,htx,2014,10
BrowRo05,Ronnie Brown,htx,2014,0
BrowKe01,Keith Browner,htx,2014,0
BullRa00,Randy Bullock,htx,2014,3
BullMa00,Max Bullough,htx,2014,0
ClabTy20,Tyson Clabo,htx,2014,1
ClowJa00,Jadeveon Clowney,htx,2014,1
CricJa00,Jared Crick,htx,2014,8
CushBr99,Brian Cushing,htx,2014,7
DenhAn00,Anthony Denham,htx,2014,0
DentAk00,Akeem Dent,htx,2014,4
DileZa99,Zach Diles,htx,2014,0
FiedC.00,C.J. Fiedorowicz,htx,2014,0
FitzRy00,Ryan Fitzpatrick,htx,2014,8
FostAr00,Arian Foster,htx,2014,10
GrahGa00,Garrett Graham,htx,2014,2
GrifRy00,Ryan Griffin,htx,2014,1
GrimJo01,Jonathan Grimes,htx,2014,2
HalxAn00,Andre Hal,htx,2014,1
HopkDe00,DeAndre Hopkins,htx,2014,10
JackKa99,Kareem Jackson,htx,2014,5
JamiTi99,Tim Jamison,htx,2014,2
JohnAn02,Andre Johnson,htx,2014,8
JohnDa04,Damaris Johnson,htx,2014,3
JoneBe01,Ben Jones,htx,2014,8
JoseJo20,Johnathan Joseph,htx,2014,7
KeenCa00,Case Keenum,htx,2014,1
LechSh20,Shane Lechler,htx,2014,3
LewiKe00,Kendrick Lewis,htx,2014,7
MackEl20,Elbert Mack,htx,2014,0
MallRy00,Ryan Mallett,htx,2014,1
MannDa21,Danieal Manning,htx,2014,3
MartKe01,Keshawn Martin,htx,2014,1
MercWh00,Whitney Mercilus,htx,2014,7
MohaMi00,Mike Mohamed,htx,2014,3
MorrDa01,Darryl Morris,htx,2014,1
MyerCh20,Chris Myers,htx,2014,8
NewtDe00,Derek Newton,htx,2014,8
PagaJe00,Jeoffrey Pagan,htx,2014,1
PickRy20,Ryan Pickett,htx,2014,6
PleaEd00,Eddie Pleasant,htx,2014,1
PoseDe00,DeVier Posey,htx,2014,0
PoweJe00,Jerrell Powe,htx,2014,3
ProsJa00,Jay Prosch,htx,2014,0
ReedBr00,Brooks Reed,htx,2014,7
RollJu00,Jumal Rolle,htx,2014,1
SappRi99,Ricky Sapp,htx,2014,0
SavaTo00,Tom Savage,htx,2014,0
SimoJo01,John Simon,htx,2014,1
Sua-Xa00,Xavier Su'a-Filo,htx,2014,1
SweaDJ00,D.J. Swearinger,htx,2014,5
TarpJe00,Jeff Tarpinian,htx,2014,1
TuggJu00,Justin Tuggle,htx,2014,5
WattJ.00,J.J. Watt,htx,2014,23
WeekJo00,Jon Weeks,htx,2014,1
AlleJo00,Josh Allen,tam,2014,0
BankJo00,Johnthan Banks,tam,2014,5
BarrMa00,Mark Barron,tam,2014,5
BoweDa00,Da'Quan Bowers,tam,2014,2
BratCa00,Cameron Brate,tam,2014,0
ButlCr99,Crezdon Butler,tam,2014,1
CasiJo99,Jonathan Casillas,tam,2014,1
ClayAd00,Adrian Clayborn,tam,2014,0
CollAn21,Anthony Collins,tam,2014,4
CousOn00,Oniel Cousins,tam,2014,3
DaviLa00,Lavonte David,tam,2014,6
DePaAn00,Andrew DePaola,tam,2014,1
DietEv00,Evan Dietrich-Smith,tam,2014,6
DixoBr00,Brandon Dixon,tam,2014,1
DotsDe00,Demar Dotson,tam,2014,6
EnglLa99,Larry English,tam,2014,1
EvanMi00,Mike Evans,tam,2014,8
FatiT.00,T.J. Fatinikun,tam,2014,1
FletDa00,Dane Fletcher,tam,2014,2
FostMa00,Mason Foster,tam,2014,4
FreyIs00,Isaiah Frey,tam,2014,0
GholWi00,William Gholston,tam,2014,4
GilkGa00,Garrett Gilkey,tam,2014,1
GlenMi00,Mike Glennon,tam,2014,4
GoldDa99,Dashon Goldson,tam,2014,5
HerrRo00,Robert Herron,tam,2014,0
HollTr00,Trindon Holliday,tam,2014,0
JackVi00,Vincent Jackson,tam,2014,7
JameMi00,Mike James,tam,2014,0
JenkMi99,Mike Jenkins,tam,2014,0
JohnLe03,Leonard Johnson,tam,2014,2
JohnMi98,Michael Johnson,tam,2014,5
KingTa00,Tavarres King,tam,2014,0
koenemic01,Michael Koenen,tam,2014,0
LaneJo00,Jorvorskie Lane,tam,2014,0
LansDa00,Danny Lansanah,tam,2014,6
LemoOr00,Orie Lemon,tam,2014,2
MageBr00,Brandon Magee,tam,2014,1
MankLo20,Logan Mankins,tam,2014,6
MartDo00,Doug Martin,tam,2014,3
MasiMa00,Matthew Masifilo,tam,2014,0
McCoJo01,Josh McCown,tam,2014,4
McCoGe99,Gerald McCoy,tam,2014,9
McDoCl99,Clinton McDonald,tam,2014,6
McDoBr01,Bradley McDougald,tam,2014,2
MeanSt00,Steven Means,tam,2014,0
MurpLo00,Louis Murphy,tam,2014,3
MurrPa01,Patrick Murray,tam,2014,4
MyerBr00,Brandon Myers,tam,2014,1
OmamPa00,Patrick Omameh,tam,2014,6
OwusCh00,Chris Owusu,tam,2014,0
PampKe00,Kevin Pamphile,tam,2014,1
PattSo01,Solomon Patton,tam,2014,0
RainBo00,Bobby Rainey,tam,2014,5
RodrEv00,Evan Rodriguez,tam,2014,0
SefeAu00,Austin Seferian-Jenkins,tam,2014,2
ShepRu00,Russell Shepard,tam,2014,0
SidbLa99,Lawrence Sidbury,tam,2014,0
SimsCh00,Charles Sims,tam,2014,2
SmitJa01,Jacquies Smith,tam,2014,4
SoloSc00,Scott Solomon,tam,2014,1
SpenAk00,Akeem Spence,tam,2014,4
StocLu00,Luke Stocker,tam,2014,0
TandKe00,Keith Tandy,tam,2014,1
ThigMa00,Marcus Thigpen,tam,2014,0
UkoxGe00,George Uko,tam,2014,0
VernAl99,Alterraun Verner,tam,2014,5
WillJa95,Jason Williams,tam,2014,0
WilsC.00,C.J. Wilson,tam,2014,0
WrigMa99,Major Wright,tam,2014,2
AikeWa00,Walt Aikens,mia,2014,1
AlbeBr20,Branden Albert,mia,2014,5
ClayCh00,Charles Clay,mia,2014,5
ColeDe01,Deandre Coleman,mia,2014,0
CollDa20,Daryn Colledge,mia,2014,7
DarkOr00,Orleans Darkwa,mia,2014,0
DaviWi02,Will Davis,mia,2014,0
DelmLo99,Louis Delmas,mia,2014,4
DennJo20,John Denney,mia,2014,2
DixoAh00,Ahmad Dixon,mia,2014,0
ElleDa99,Dannell Ellerbe,mia,2014,0
FedeTe00,Terrence Fede,mia,2014,1
FielBr20,Brandon Fields,mia,2014,2
FinnCo20,Cortland Finnegan,mia,2014,4
FoxxJa20,Jason Fox,mia,2014,2
FreeJo01,Jonathan Freeny,mia,2014,1
GarnNa20,Nate Garner,mia,2014,1
GibsBr00,Brandon Gibson,mia,2014,3
GrimBr20,Brent Grimes,mia,2014,10
HartBr00,Brian Hartline,mia,2014,4
HeatT.00,T.J. Heath,mia,2014,0
HoskHa00,Gator Hoskins,mia,2014,0
JameJa01,Ja'Wuan James,mia,2014,9
JameLa00,LaMichael James,mia,2014,0
JenkJe00,Jelani Jenkins,mia,2014,6
JohnAn04,Anthony Johnson,mia,2014,1
JoneDo02,Don Jones,mia,2014,0
JoneRe99,Reshad Jones,mia,2014,4
JordDi00,Dion Jordan,mia,2014,1
KnotJa00,Jake Knott,mia,2014,0
KovaJo00,Jordan Kovacs,mia,2014,0
LandJa00,Jarvis Landry,mia,2014,7
MattRi00,Rishard Matthews,mia,2014,1
McCaCh00,Chris McCain,mia,2014,1
MillLa01,Lamar Miller,mia,2014,11
MisiKo99,Koa Misi,mia,2014,4
MitcEa99,Earl Mitchell,mia,2014,3
MoorMa01,Matt Moore,mia,2014,0
MoreKn00,Knowshon Moreno,mia,2014,1
OdriJa99,Jared Odrick,mia,2014,6
PounMi00,Mike Pouncey,mia,2014,9
RobiGe00,Gerell Robinson,mia,2014,0
RoseLo00,Lowell Rose,mia,2014,0
RossBr00,Brandian Ross,mia,2014,0
SateSa20,Samson Satele,mia,2014,9
SeamSa00,Sammy Seamster,mia,2014,0
ShelDe00,Derrick Shelby,mia,2014,2
ShepKe00,Kelvin Sheppard,mia,2014,1
SimsDi00,Dion Sims,mia,2014,3
SmitSh22,Shelley Smith,mia,2014,2
StanR.00,R.J. Stanford,mia,2014,1
StarRa20,Randy Starks,mia,2014,6
SturCa00,Caleb Sturgis,mia,2014,2
TannRy00,Ryan Tannehill,mia,2014,14
TaylJa01,Jamar Taylor,mia,2014,1
ThomDa04,Dallas Thomas,mia,2014,6
ThomDa03,Daniel Thomas,mia,2014,2
ThomMi02,Michael Thomas,mia,2014,1
TripJo00,Jordan Tripp,mia,2014,1
TrusJa99,Jason Trusnik,mia,2014,4
TurnBi00,Billy Turner,mia,2014,0
VernOl00,Olivier Vernon,mia,2014,6
WakeCa00,Cameron Wake,mia,2014,11
WallMi00,Mike Wallace,mia,2014,8
WheePh99,Philip Wheeler,mia,2014,2
WillDa04,Damian Williams,mia,2014,0
WillDa05,Damien Williams,mia,2014,2
WilsJi00,Jimmy Wilson,mia,2014,4
AdamMi02,Mike Adams,pit,2014,3
AlleCo00,Cortez Allen,pit,2014,3
AlleWi21,Will Allen,pit,2014,2
ArchDr00,Dri Archer,pit,2014,0
BeacKe00,Kelvin Beachum,pit,2014,8
BellLe00,Le'Veon Bell,pit,2014,17
BlakAn00,Antwon Blake,pit,2014,2
BlouLe00,LeGarrette Blount,pit,2014,2
BrowAn04,Antonio Brown,pit,2014,16
BrowJu00,Justin Brown,pit,2014,1
BryaMa00,Martavis Bryant,pit,2014,5
DeCaDa00,David DeCastro,pit,2014,8
FostRa21,Ramon Foster,pit,2014,7
GarvTe00,Terence Garvin,pit,2014,1
GayxWi99,William Gay,pit,2014,5
GilbMa00,Marcus Gilbert,pit,2014,6
GoldRo00,Robert Golden,pit,2014,1
GradBr00,Bruce Gradkowski,pit,2014,0
HarrJo04,Josh Harris,pit,2014,0
HarrJa23,James Harrison,pit,2014,3
HeywCa01,Cameron Heyward,pit,2014,7
HeywDa00,Darrius Heyward-Bey,pit,2014,0
HubbCh00,Chris Hubbard,pit,2014,0
JohnWi00,Will Johnson,pit,2014,0
JoneJa05,Jarvis Jones,pit,2014,2
KeisBr20,Brett Keisel,pit,2014,3
McCaBr99,Brice McCain,pit,2014,4
McCuDa00,Daniel McCullers,pit,2014,1
McLeSt00,Steve McLendon,pit,2014,4
MillHe00,Heath Miller,pit,2014,7
MitcMi99,Mike Mitchell,pit,2014,5
MoatAr00,Arthur Moats,pit,2014,4
MoorLa00,Lance Moore,pit,2014,2
PalmMi00,Michael Palmer,pit,2014,0
PolaTr99,Troy Polamalu,pit,2014,4
PounMa20,Maurkice Pouncey,pit,2014,15
RoetBe00,Ben Roethlisberger,pit,2014,16
ShazRy00,Ryan Shazier,pit,2014,2
SpaeMa00,Matt Spaeth,pit,2014,0
SpenSe00,Sean Spence,pit,2014,5
suishsha01,Shaun Suisham,pit,2014,4
TateBe00,Ben Tate,pit,2014,0
TaylIk20,Ike Taylor,pit,2014,1
ThomCa99,Cam Thomas,pit,2014,4
ThomSh00,Shamarko Thomas,pit,2014,1
TimmLa99,Lawrence Timmons,pit,2014,12
TuitSt00,Stephon Tuitt,pit,2014,3
VentRo00,Ross Ventrone,pit,2014,0
WallCo20,Cody Wallace,pit,2014,2
WarrGr20,Greg Warren,pit,2014,2
WebbBW00,B.W. Webb,pit,2014,1
WheaMa00,Markus Wheaton,pit,2014,6
WillVi01,Vince Williams,pit,2014,2
WingBr00,Brad Wing,pit,2014,2
WoriJa99,Jason Worilds,pit,2014,8
AchoEm00,Emmanuel Acho,phi,2014,2
AlleBe00,Beau Allen,phi,2014,1
AlleNa99,Nate Allen,phi,2014,6
BairBr00,Brandon Bair,phi,2014,2
BarbAl20,Allen Barbre,phi,2014,1
BarkMa00,Matt Barkley,phi,2014,0
BarwCo99,Connor Barwin,phi,2014,12
BoykBr00,Brandon Boykin,phi,2014,1
BramBr00,Bryan Braman,phi,2014,1
BurtTr01,Trey Burton,phi,2014,0
CarrNo00,Nolan Carroll,phi,2014,1
CaseJa00,James Casey,phi,2014,0
CeleBr00,Brent Celek,phi,2014,2
ColeTr20,Trent Cole,phi,2014,6
CoopRi00,Riley Cooper,phi,2014,4
CoxxFl00,Fletcher Cox,phi,2014,13
CurrVi00,Vinny Curry,phi,2014,2
DoreJo20,Jon Dorenbos,phi,2014,4
ErtzZa00,Zach Ertz,phi,2014,5
FletBr99,Bradley Fletcher,phi,2014,6
FoleNi00,Nick Foles,phi,2014,5
GardAn20,Andrew Gardner,phi,2014,4
GoodNa00,Najee Goode,phi,2014,0
GrahBr99,Brandon Graham,phi,2014,2
HerrTo20,Todd Herremans,phi,2014,4
HuffJo00,Josh Huff,phi,2014,2
JenkMa99,Malcolm Jenkins,phi,2014,6
JohnLa01,Lane Johnson,phi,2014,6
JoneDo21,Donnie Jones,phi,2014,2
KelcJa00,Jason Kelce,phi,2014,7
KellDe00,Dennis Kelly,phi,2014,1
KendMy00,Mychal Kendricks,phi,2014,5
LogaBe00,Bennie Logan,phi,2014,7
MaclJe00,Jeremy Maclin,phi,2014,9
MaehJe00,Jeff Maehl,phi,2014,0
MaraCh99,Chris Maragos,phi,2014,1
MathEv20,Evan Mathis,phi,2014,6
MattCa00,Casey Matthews,phi,2014,5
MattJo00,Jordan Matthews,phi,2014,6
McCoLe01,LeSean McCoy,phi,2014,8
MolkDa00,David Molk,phi,2014,2
ParkCo03,Cody Parkey,phi,2014,4
PeteJa21,Jason Peters,phi,2014,12
PolkCh00,Chris Polk,phi,2014,2
ProsCh00,Chris Prosinski,phi,2014,0
RyanDe20,DeMeco Ryans,phi,2014,4
SancMa00,Mark Sanchez,phi,2014,6
SmitBr01,Brad Smith,phi,2014,0
SmitMa03,Marcus Smith,phi,2014,0
SmitWa21,Wade Smith,phi,2014,0
SproDa00,Darren Sproles,phi,2014,6
ThorCe00,Cedric Thornton,phi,2014,8
TobiMa00,Matt Tobin,phi,2014,4
VandJu00,Julian Vandervelde,phi,2014,0
WatkJa01,Jaylen Watkins,phi,2014,0
WillCa99,Cary Williams,phi,2014,6
WolfEa00,Earl Wolff,phi,2014,1
AdamDa01,Davante Adams,gnb,2014,5
BakhDa00,David Bakhtiari,gnb,2014,9
BanjCh00,Chris Banjo,gnb,2014,0
BarrSa00,Sam Barrington,gnb,2014,4
BostBr00,Brandon Bostick,gnb,2014,0
BoydJo00,Josh Boyd,gnb,2014,3
BoykJa00,Jarrett Boykin,gnb,2014,0
BulaBr20,Bryan Bulaga,gnb,2014,9
BurnMo99,Morgan Burnett,gnb,2014,5
BushJa20,Jarrett Bush,gnb,2014,1
ClinHa00,Ha Ha Clinton-Dix,gnb,2014,4
CobbRa00,Randall Cobb,gnb,2014,16
CrosMa20,Mason Crosby,gnb,2014,3
DaniMi00,Mike Daniels,gnb,2014,7
DorsKe01,Kevin Dorsey,gnb,2014,0
ElliJa02,Jayrone Elliott,gnb,2014,1
FlynMa00,Matt Flynn,gnb,2014,0
GerhGa00,Garth Gerhart,gnb,2014,0
GoodBr99,Brett Goode,gnb,2014,2
GoodDe00,Demetri Goodson,gnb,2014,0
GuioLe99,Letroy Guion,gnb,2014,7
HarrDu01,DuJuan Harris,gnb,2014,1
HawkA.20,A.J. Hawk,gnb,2014,6
HaywCa00,Casey Hayward,gnb,2014,2
HousDa00,Davon House,gnb,2014,2
HydeMi00,Micah Hyde,gnb,2014,6
JaniJe00,Jeff Janis,gnb,2014,0
JoneBr99,Brad Jones,gnb,2014,1
JoneDa03,Datone Jones,gnb,2014,3
KuhnJo00,John Kuhn,gnb,2014,1
LacyEd00,Eddie Lacy,gnb,2014,16
LangT.20,T.J. Lang,gnb,2014,9
LattJa00,Jamari Lattimore,gnb,2014,3
LinsCo00,Corey Linsley,gnb,2014,9
MastTi99,Tim Masthay,gnb,2014,1
MattCl99,Clay Matthews,gnb,2014,10
MuluAn00,Andy Mulumba,gnb,2014,0
NealMi99,Mike Neal,gnb,2014,3
NelsJo00,Jordy Nelson,gnb,2014,19
PennMi00,Mike Pennel,gnb,2014,1
PeppJu99,Julius Peppers,gnb,2014,9
PeriJu00,Justin Perillo,gnb,2014,0
PerrNi00,Nick Perry,gnb,2014,3
QuarAn00,Andrew Quarless,gnb,2014,4
RichSe00,Sean Richardson,gnb,2014,1
RobiLu00,Luther Robinson,gnb,2014,0
RodgAa00,Aaron Rodgers,gnb,2014,22
RodgRi00,Richard Rodgers,gnb,2014,3
SherDe00,Derek Sherrod,gnb,2014,1
ShieSa00,Sam Shields,gnb,2014,7
SittJo20,Josh Sitton,gnb,2014,15
StarJa00,James Starks,gnb,2014,5
TaylLa01,Lane Taylor,gnb,2014,2
TaylRy00,Ryan Taylor,gnb,2014,0
TretJC00,J.C. Tretter,gnb,2014,1
WillTr99,Tramon Williams,gnb,2014,5
AlleJa22,Jared Allen,chi,2014,6
AnneBl01,Blake Annen,chi,2014,0
BassDa00,David Bass,chi,2014,1
BellJo02,Josh Bellamy,chi,2014,0
BennMa00,Martellus Bennett,chi,2014,7
BoggTa00,Taylor Boggs,chi,2014,0
BostJo00,Jonathan Bostic,chi,2014,3
BrigLa99,Lance Briggs,chi,2014,3
BritEb20,Eben Britton,chi,2014,1
BushJe20,Jermon Bushrod,chi,2014,6
CainJe20,Jeremy Cain,chi,2014,2
CareKa00,Ka'Deem Carey,chi,2014,1
ClauJi00,Jimmy Clausen,chi,2014,1
ContCh00,Chris Conte,chi,2014,4
CutlJa00,Jay Cutler,chi,2014,11
DeLaBr00,Brian De La Puente,chi,2014,3
DixoAh00,Ahmad Dixon,chi,2014,0
DrauSh00,Shaun Draughn,chi,2014,0
DunnBr00,Brandon Dunn,chi,2014,0
feelyjay01,Jay Feely,chi,2014,0
FergEg00,Ego Ferguson,chi,2014,1
FiamTo00,Tony Fiammetta,chi,2014,0
FortMa00,Matt Forte,chi,2014,13
FreyIs00,Isaiah Frey,chi,2014,1
FullKy00,Kyle Fuller,chi,2014,5
GarzRo20,Roberto Garza,chi,2014,5
gouldrob01,Robbie Gould,chi,2014,1
GreeKh00,Khaseem Greene,chi,2014,1
GroyRy00,Ryan Groy,chi,2014,1
HolmSa00,Santonio Holmes,chi,2014,1
HousLa99,Lamarr Houston,chi,2014,3
HursDe00,Demontre Hurst,chi,2014,1
JeffAl00,Alshon Jeffery,chi,2014,9
JennTi20,Tim Jennings,chi,2014,4
JoneCh05,Christian Jones,chi,2014,3
LattDe01,DeDe Lattimore,chi,2014,0
LenoCh00,Charles Leno Jr.,chi,2014,1
LongKy00,Kyle Long,chi,2014,11
LouiAl00,Al Louis-Jean,chi,2014,0
MannTe00,Terrell Manning,chi,2014,0
MariMa00,Marc Mariani,chi,2014,0
MarsBr00,Brandon Marshall,chi,2014,6
McClSh00,Shea McClellin,chi,2014,3
McCrDa00,Danny McCray,chi,2014,1
McMaSh99,Sherrick McManis,chi,2014,1
MillJo02,Jordan Mills,chi,2014,6
MorgJo00,Josh Morgan,chi,2014,1
MullMa00,Matthew Mulligan,chi,2014,0
MundRy00,Ryan Mundy,chi,2014,5
ODonPa00,Pat O'Donnell,chi,2014,2
OlaxMi00,Michael Ola,chi,2014,6
OwenMo01,Montell Owens,chi,2014,0
PaeaSt00,Stephen Paea,chi,2014,5
PerrSe00,Senorise Perry,chi,2014,0
RatlJa20,Jay Ratliff,chi,2014,4
RosaDa00,Dante Rosario,chi,2014,1
RossRa00,Rashad Ross,chi,2014,0
ScotTr99,Trevor Scott,chi,2014,0
SharDa01,Darryl Sharpton,chi,2014,1
SlauMa20,Matt Slauson,chi,2014,2
SpurMi00,Micheal Spurlock,chi,2014,0
SuttWi00,Will Sutton,chi,2014,2
TillCh20,Charles Tillman,chi,2014,1
VereBr00,Brock Vereen,chi,2014,2
WaltAn01,Anthony Walters,chi,2014,0
WashCo00,Cornelius Washington,chi,2014,1
WillCh06,Chris Williams,chi,2014,1
WillD.20,D.J. Williams,chi,2014,3
WillTe00,Teddy Williams,chi,2014,0
WilsMa02,Marquess Wilson,chi,2014,1
YounWi99,Willie Young,chi,2014,4
BailDa00,Dan Bailey,dal,2014,4
BeasCo00,Cole Beasley,dal,2014,4
BernMa20,Mackenzy Bernadeau,dal,2014,2
BishKe01,Ken Bishop,dal,2014,0
BoatKe00,Kenneth Boatright,dal,2014,0
BrenJo00,Josh Brent,dal,2014,0
BryaDe01,Dez Bryant,dal,2014,14
CarrBr99,Brandon Carr,dal,2014,6
CartBr00,Bruce Carter,dal,2014,6
ChurBa99,Barry Church,dal,2014,7
ClaiMo00,Morris Claiborne,dal,2014,1
ClutTy00,Tyler Clutts,dal,2014,0
ColeDa00,Davon Coleman,dal,2014,1
CrawJa00,Jack Crawford,dal,2014,1
CrawTy00,Tyrone Crawford,dal,2014,6
DunbLa00,Lance Dunbar,dal,2014,3
DuraJu99,Justin Durant,dal,2014,3
EdwaLa00,Lavar Edwards,dal,2014,0
EscoGa00,Gavin Escobar,dal,2014,1
FredTr00,Travis Frederick,dal,2014,12
FreeDo20,Doug Free,dal,2014,5
HamiJa00,Jakar Hamilton,dal,2014,0
HannJa00,James Hanna,dal,2014,0
HarrDw00,Dwayne Harris,dal,2014,1
HawkDo01,Donald Hawkins,dal,2014,0
HaydNi99,Nick Hayden,dal,2014,6
HeatJe00,Jeff Heath,dal,2014,1
HillTo21,Tony Hills,dal,2014,0
HitcAn00,Anthony Hitchens,dal,2014,6
JoneCh02,Chris Jones,dal,2014,2
LadoL.20,L.P. Ladouceur,dal,2014,3
LawrCa01,Cameron Lawrence,dal,2014,1
LawrDe00,DeMarcus Lawrence,dal,2014,1
LearRo00,Ronald Leary,dal,2014,7
MartZa00,Zack Martin,dal,2014,15
McClRo00,Rolando McClain,dal,2014,6
McClTe00,Terrell McClain,dal,2014,1
MeltHe99,Henry Melton,dal,2014,3
MincJe99,Jeremy Mincey,dal,2014,7
MoorSt00,Sterling Moore,dal,2014,4
MurrDe00,DeMarco Murray,dal,2014,18
ParnJe00,Jermey Parnell,dal,2014,3
PatmTy00,Tyler Patmon,dal,2014,1
PellMi00,Micah Pellerin,dal,2014,0
RandJo01,Joseph Randle,dal,2014,3
RomoTo00,Tony Romo,dal,2014,14
ScanOr99,Orlando Scandrick,dal,2014,6
SelvGe99,George Selvie,dal,2014,6
SmitKe03,Keith Smith,dal,2014,1
SmitTy00,Tyron Smith,dal,2014,15
SpenAn99,Anthony Spencer,dal,2014,2
SpilCJ99,C.J. Spillman,dal,2014,1
StreDe00,Devin Street,dal,2014,0
ToomKo00,Korey Toomer,dal,2014,0
WatsDe99,Dekoda Watson,dal,2014,0
WeedBr00,Brandon Weeden,dal,2014,1
WilbKy00,Kyle Wilber,dal,2014,2
WilcJ.00,J.J. Wilcox,dal,2014,7
WillTe01,Terrance Williams,dal,2014,6
WittJa00,Jason Witten,dal,2014,7
AbraJo00,John Abraham,crd,2014,0
AchoSa00,Sam Acho,crd,2014,4
AlexLo99,Lorenzo Alexander,crd,2014,1
BenaMa00,Marcus Benard,crd,2014,1
BethJu00,Justin Bethel,crd,2014,3
BrowJa03,Jaron Brown,crd,2014,2
BrowJo02,John Brown,crd,2014,5
BucaDe00,Deone Bucannon,crd,2014,4
ButlDr00,Drew Butler,crd,2014,0
CampCa99,Calais Campbell,crd,2014,15
CarlJo00,John Carlson,crd,2014,2
CarsGl01,Glenn Carson,crd,2014,1
CataCh00,Chandler Catanzaro,crd,2014,4
ClemCh97,Chris Clemons,crd,2014,0
CoopJo01,Jonathan Cooper,crd,2014,1
CromAn20,Antonio Cromartie,crd,2014,9
DemeKe00,Kenny Demens,crd,2014,1
DwyeJo00,Jonathan Dwyer,crd,2014,0
ElliAn00,Andre Ellington,crd,2014,5
FanaPa20,Paul Fanaika,crd,2014,6
FellDa01,Darren Fells,crd,2014,0
FitzLa00,Larry Fitzgerald,crd,2014,6
FloyMi00,Michael Floyd,crd,2014,6
FootLa20,Larry Foote,crd,2014,9
GinnTe00,Ted Ginn Jr.,crd,2014,2
GricMa00,Marion Grice,crd,2014,0
HousRo01,Rob Housler,crd,2014,1
HughRo00,Robert Hughes,crd,2014,1
JeffTo00,Tony Jefferson,crd,2014,3
JohnRa98,Rashad Johnson,crd,2014,7
KeisTh00,Thomas Keiser,crd,2014,1
KellTo21,Tommy Kelly,crd,2014,7
LarsTe20,Ted Larsen,crd,2014,7
LeacMi00,Mike Leach,crd,2014,1
LindRy00,Ryan Lindley,crd,2014,1
MartKa00,Kareem Martin,crd,2014,2
MassBo00,Bobby Massie,crd,2014,7
MathTy00,Tyrann Mathieu,crd,2014,3
MaurJo00,Josh Mauro,crd,2014,1
MintKe00,Kevin Minter,crd,2014,4
NiklTr00,Troy Niklas,crd,2014,0
OkafAl00,Alex Okafor,crd,2014,7
PalmCa00,Carson Palmer,crd,2014,4
ParmJa00,Jalen Parmele,crd,2014,0
PattSo01,Solomon Patton,crd,2014,0
PetePa00,Patrick Peterson,crd,2014,9
PoweJe99,Jerraud Powers,crd,2014,5
RuckFr99,Frostee Rucker,crd,2014,5
SaunJa00,Jalen Saunders,crd,2014,0
SendLy20,Lyle Sendlein,crd,2014,7
ShauMa99,Matt Shaughnessy,crd,2014,3
SoweBr00,Bradley Sowell,crd,2014,1
StanDr00,Drew Stanton,crd,2014,5
StinEd00,Ed Stinson,crd,2014,2
Ta'aAl00,Alameda Ta'amu,crd,2014,1
TaylSt00,Stepfan Taylor,crd,2014,2
ThomLo00,Logan Thomas,crd,2014,0
VeldJa20,Jared Veldheer,crd,2014,7
WatfEa00,Earl Watford,crd,2014,1
WillDa99,Dan Williams,crd,2014,5
WillKe05,Kerwynn Williams,crd,2014,1
ZastDa20,Dave Zastudil,crd,2014,0
AddaJa00,Jahleel Addae,sdg,2014,3
AjirSe00,Seyi Ajirotutu,sdg,2014,0
AlleKe00,Keenan Allen,sdg,2014,6
AttaJe00,Jeremiah Attaochu,sdg,2014,1
BrowDo00,Donald Brown,sdg,2014,3
BrowRo05,Ronnie Brown,sdg,2014,1
ButlDo99,Donald Butler,sdg,2014,6
CarrRy00,Ryan Carrethers,sdg,2014,1
ClemKe00,Kellen Clemens,sdg,2014,0
ConnKa99,Kavell Conner,sdg,2014,4
DaviCh05,Chris Davis,sdg,2014,1
DrauSh00,Shaun Draughn,sdg,2014,0
DunlKi20,King Dunlap,sdg,2014,8
FlowBr99,Brandon Flowers,sdg,2014,6
FloyMa00,Malcom Floyd,sdg,2014,7
FlukDJ00,D.J. Fluker,sdg,2014,8
FreeDw00,Dwight Freeney,sdg,2014,4
GachAn00,Andrew Gachkar,sdg,2014,3
GateAn00,Antonio Gates,sdg,2014,7
GilcMa00,Marcus Gilchrist,sdg,2014,6
GreeLa00,Ladarius Green,sdg,2014,2
GuyxLa00,Lawrence Guy,sdg,2014,0
HardNi55,Nick Hardwick,sdg,2014,1
IngrMe00,Melvin Ingram,sdg,2014,4
InmaDo00,Dontrelle Inman,sdg,2014,1
JohnDa05,David Johnson,sdg,2014,0
JohnJa23,Jarret Johnson,sdg,2014,5
LawxCo00,Cordarro Law,sdg,2014,0
LeguDo00,Doug Legursky,sdg,2014,1
LissSe99,Sean Lissemore,sdg,2014,4
LiugCo00,Corey Liuget,sdg,2014,8
MarsRi20,Richard Marshall,sdg,2014,1
MathRi99,Ricardo Mathews,sdg,2014,2
MathRy00,Ryan Mathews,sdg,2014,3
McBrMa20,Mat McBriar,sdg,2014,1
novaknic01,Nick Novak,sdg,2014,3
OhrnRi20,Rich Ohrnberger,sdg,2014,4
OlivBr01,Branden Oliver,sdg,2014,6
PaleTe00,Tenny Palepoi,sdg,2014,1
PettAu00,Austin Pettis,sdg,2014,0
PhilAd00,Adrian Phillips,sdg,2014,0
PhilJo00,John Phillips,sdg,2014,0
ReddKe00,Kevin Reddick,sdg,2014,0
ReyeKe00,Kendall Reyes,sdg,2014,6
RineCh20,Chad Rinehart,sdg,2014,8
RivePh00,Philip Rivers,sdg,2014,13
RobiTr01,Trevor Robinson,sdg,2014,1
RoyaEd00,Eddie Royal,sdg,2014,6
ScifMi20,Mike Scifres,sdg,2014,2
SirlJe00,Jeremiah Sirles,sdg,2014,1
SmitWi00,Willie Smith,sdg,2014,2
StucDa20,Darrell Stuckey,sdg,2014,4
TeoxMa00,Manti Te'o,sdg,2014,3
TrouJo00,Johnnie Troutman,sdg,2014,8
VerrJa00,Jason Verrett,sdg,2014,2
WalkRe00,Reggie Walker,sdg,2014,1
WattCh00,Chris Watt,sdg,2014,3
WeddEr99,Eric Weddle,sdg,2014,13
WiggKe00,Kenny Wiggins,sdg,2014,0
WillSt02,Steve Williams,sdg,2014,1
WillTo00,Tourek Williams,sdg,2014,1
WindMi00,Mike Windt,sdg,2014,1
WoodDa02,Danny Woodhead,sdg,2014,1
WrigSh00,Shareece Wright,sdg,2014,5
AlleRa00,Rashaun Allen,sea,2014,0
AvriCl99,Cliff Avril,sea,2014,7
BailAl01,Alvin Bailey,sea,2014,4
BaldDo00,Doug Baldwin,sea,2014,9
BatePh00,Phil Bates,sea,2014,0
BennMi99,Michael Bennett,sea,2014,8
BracBr00,Brett Brackett,sea,2014,0
BradAl00,Allen Bradford,sea,2014,0
BritJu00,Justin Britt,sea,2014,9
BurlMa00,Marcus Burley,sea,2014,1
CarpJa00,James Carpenter,sea,2014,8
ChanKa99,Kam Chancellor,sea,2014,10
CoheLa99,Landon Cohen,sea,2014,0
ColeDe00,Derrick Coleman,sea,2014,0
CoylBr00,Brock Coyle,sea,2014,2
DobbDe00,Demarcus Dobbs,sea,2014,0
FortL.00,L.J. Fort,sea,2014,0
GillGa01,Garry Gilliam,sea,2014,2
GresCl00,Clint Gresham,sea,2014,1
HarvPe00,Percy Harvin,sea,2014,2
HausSt00,Stephen Hauschka,sea,2014,3
HelfCo00,Cooper Helfet,sea,2014,2
HillJo01,Jordan Hill,sea,2014,3
IrviBr00,Bruce Irvin,sea,2014,7
JackTa00,Tarvaris Jackson,sea,2014,0
JeanLe00,Lemuel Jeanpierre,sea,2014,2
JohnJe02,Jeron Johnson,sea,2014,2
KearJe01,Jermaine Kearse,sea,2014,6
KingDa00,David King,sea,2014,0
LaneJe00,Jeremy Lane,sea,2014,1
LewiPa00,Patrick Lewis,sea,2014,3
LockRi00,Ricardo Lockette,sea,2014,2
LyncMa00,Marshawn Lynch,sea,2014,13
MarsCa00,Cassius Marsh,sea,2014,0
MattCh00,Chris Matthews,sea,2014,0
MaxwBy00,Byron Maxwell,sea,2014,6
McDaTo20,Tony McDaniel,sea,2014,6
McDoAn01,Andrew McDonald,sea,2014,0
MebaBr99,Brandon Mebane,sea,2014,4
MichCh00,Christine Michael,sea,2014,1
MillZa01,Zach Miller,sea,2014,1
MiltKe00,Keavon Milton,sea,2014,0
MoeaTo00,Tony Moeaki,sea,2014,1
MorgMi00,Mike Morgan,sea,2014,1
NorwKe00,Kevin Norwood,sea,2014,1
OkunRu20,Russell Okung,sea,2014,8
ParkTe00,Terrance Parks,sea,2014,0
PierKe00,Kevin Pierre-Louis,sea,2014,1
RichPa01,Paul Richardson,sea,2014,3
RobeTr00,Travian Robertson,sea,2014,0
RyanJo21,Jon Ryan,sea,2014,2
SaunJa00,Jalen Saunders,sea,2014,0
SchiSt00,Stephen Schilling,sea,2014,2
SchoOB99,O'Brien Schofield,sea,2014,2
ScruGr00,Greg Scruggs,sea,2014,0
SheaDe00,DeShawn Shead,sea,2014,1
SherRi00,Richard Sherman,sea,2014,18
SimoTh00,Tharold Simon,sea,2014,3
SmitMa02,Malcolm Smith,sea,2014,3
SweeJ.00,J.R. Sweezy,sea,2014,9
TerrSt00,Steven Terrell,sea,2014,0
ThomEa99,Earl Thomas,sea,2014,14
ThomJo01,Josh Thomas,sea,2014,0
TukuWi00,Will Tukuafu,sea,2014,1
TurbRo00,Robert Turbin,sea,2014,4
UngeMa20,Max Unger,sea,2014,4
WagnBo00,Bobby Wagner,sea,2014,13
WaltBr00,Bryan Walters,sea,2014,1
WillKe98,Kevin Williams,sea,2014,5
WillLu00,Luke Willson,sea,2014,4
WilsRu00,Russell Wilson,sea,2014,19
WrigK.00,K.J. Wright,sea,2014,8
ArmsRa01,Ray-Ray Armstrong,rai,2014,2
AsanLa99,Larry Asante,rai,2014,1
AtkiGe01,George Atkinson,rai,2014,0
AusbDa00,David Ausberry,rai,2014,0
AutrDe00,Denico Autry,rai,2014,1
BarnKh20,Khalif Barnes,rai,2014,4
BootKe20,Kevin Boothe,rai,2014,0
BranTy99,Tyvon Branch,rai,2014,1
BrowTa99,Tarell Brown,rai,2014,5
BrowVi00,Vincent Brown,rai,2014,1
BurrMi00,Miles Burris,rai,2014,7
ButlBr00,Brice Butler,rai,2014,2
CarrDe02,Derek Carr,rai,2014,5
CarrTr00,T.J. Carrie,rai,2014,2
CaseCh00,Chance Casey,rai,2014,0
ChanJa98,Jamar Chaney,rai,2014,1
ChekCh00,Chimdi Chekwa,rai,2014,1
CondJo20,Jon Condo,rai,2014,2
DowlJo00,Jonathan Dowling,rai,2014,0
DowlRa00,Ras-I Dowling,rai,2014,0
ElliJu01,Justin Ellis,rai,2014,6
FiliBo00,Bojay Filimoeatu,rai,2014,1
HadlSp01,Spencer Hadley,rai,2014,0
HarrSh00,Shelby Harris,rai,2014,0
HaydDJ00,D.J. Hayden,rai,2014,3
HolmAn00,Andre Holmes,rai,2014,5
HowaAu20,Austin Howard,rai,2014,5
JackGa00,Gabe Jackson,rai,2014,4
janikseb01,Sebastian Janikowski,rai,2014,4
JoneJa04,James Jones,rai,2014,4
JoneTa00,Taiwan Jones,rai,2014,0
DrewMa00,Maurice Jones-Drew,rai,2014,1
KingMa00,Marquette King,rai,2014,3
LeonBr01,Brian Leonhardt,rai,2014,0
LumpRi00,Ricky Lumpkin,rai,2014,1
MackKh00,Khalil Mack,rai,2014,7
MaiaKa99,Kaluka Maiava,rai,2014,1
MayoBe00,Benson Mayowa,rai,2014,2
McCaMa00,Matt McCants,rai,2014,1
McFaDa00,Darren McFadden,rai,2014,4
McGeSt01,Stacy McGee,rai,2014,1
McGiKe00,Keith McGill,rai,2014,1
McGlMa01,Matt McGloin,rai,2014,0
MoorDe02,Denarius Moore,rai,2014,1
MoorSi00,Sio Moore,rai,2014,5
MurrLa00,Latavius Murray,rai,2014,3
OlawJa00,Jamize Olawale,rai,2014,0
PennDo20,Donald Penn,rai,2014,5
ReecMa00,Marcel Reece,rai,2014,2
RiveMy00,Mychal Rivera,rai,2014,4
RogeCa20,Carlos Rogers,rai,2014,2
RossBr00,Brandian Ross,rai,2014,4
SchaMa00,Matt Schaub,rai,2014,0
SimoSc00,Scott Simonson,rai,2014,0
SimsPa99,Pat Sims,rai,2014,2
SmitAn22,Antonio Smith,rai,2014,7
StreRo00,Rod Streater,rai,2014,1
ThomKe02,Kenbrell Thompkins,rai,2014,1
ThorNe00,Neiko Thorpe,rai,2014,1
TuckJu20,Justin Tuck,rai,2014,6
WatsMe00,Menelik Watson,rai,2014,3
WilsC.98,C.J. Wilson,rai,2014,4
WisnSt01,Stefen Wisniewski,rai,2014,5
WoodLa99,LaMarr Woodley,rai,2014,2
WoodCh00,Charles Woodson,rai,2014,6
YounUs99,Usama Young,rai,2014,1
