player_id,name,team,season,approximate_value
AlleNi00,Nick Allegretti,kan,2019,1
AlleJe01,Jeff Allen,kan,2019,0
BellBl00,Blake Bell,kan,2019,1
BreeBa00,Bashaud Breeland,kan,2019,6
BrowAl02,Alex Brown,kan,2019,0
ButkHa00,Harrison Butker,kan,2019,5
ClaiMo00,Morris Claiborne,kan,2019,1
ClarFr01,Frank Clark,kan,2019,9
ColqDu20,Dustin Colquitt,kan,2019,2
DietGe00,Gehrig Dieter,kan,2019,0
DuveLa00,Laurent Duvernay-Tardif,kan,2019,8
ErviCa00,Cameron Erving,kan,2019,5
FentRa00,Rashad Fenton,kan,2019,1
FishEr00,Eric Fisher,kan,2019,5
FullKe00,Kendall Fuller,kan,2019,2
HardMe00,Mecole Hardman,kan,2019,7
HarrDe06,Demone Harris,kan,2019,0
HillTy00,Tyreek Hill,kan,2019,9
HitcAn00,Anthony Hitchens,kan,2019,7
HuntRy00,Ryan Hunter,kan,2019,0
IvieJo00,Joey Ivie,kan,2019,0
JoneCh09,Chris Jones,kan,2019,9
KelcTr00,Travis Kelce,kan,2019,13
KpasTa00,Tanoh Kpassagnon,kan,2019,5
LeexDa00,Darron Lee,kan,2019,2
LucaJo00,Jordan Lucas,kan,2019,1
MahoPa00,Patrick Mahomes,kan,2019,17
MathTy00,Tyrann Mathieu,kan,2019,9
McClTe00,Terrell McClain,kan,2019,0
McCoLe01,LeSean McCoy,kan,2019,5
MoorMa01,Matt Moore,kan,2019,2
NiemBe00,Ben Niemann,kan,2019,2
NnadDe00,Derrick Nnadi,kan,2019,7
ODanDo00,Dorian O'Daniel,kan,2019,1
OgbaEm00,Emmanuel Ogbah,kan,2019,3
OkafAl00,Alex Okafor,kan,2019,4
PennMi00,Mike Pennel,kan,2019,1
PrinBy00,Byron Pringle,kan,2019,2
RaglRe00,Reggie Ragland,kan,2019,4
RankMa00,Martinas Rankin,kan,2019,3
ReitAu00,Austin Reiter,kan,2019,9
RobiDe01,Demarcus Robinson,kan,2019,5
SaunKh00,Khalen Saunders,kan,2019,3
SchwMi00,Mitchell Schwartz,kan,2019,15
SherAn00,Anthony Sherman,kan,2019,0
SmitTr04,Tremon Smith,kan,2019,0
SoreDa01,Daniel Sorensen,kan,2019,2
SuggTe99,Terrell Suggs,kan,2019,0
ThomDe05,De'Anthony Thomas,kan,2019,0
ThomDa06,Darwin Thompson,kan,2019,1
ThorJu00,Juan Thornhill,kan,2019,6
WardCh01,Charvarius Ward,kan,2019,5
WareSp00,Spencer Ware,kan,2019,1
WatkSa00,Sammy Watkins,kan,2019,7
WattAr00,Armani Watts,kan,2019,1
WillDa05,Damien Williams,kan,2019,6
WillDa10,Darrel Williams,kan,2019,3
WillXa00,Xavier Williams,kan,2019,1
WilsDa02,Damien Wilson,kan,2019,7
WincJa00,James Winchester,kan,2019,1
WisnSt01,Stefen Wisniewski,kan,2019,2
WyliAn00,Andrew Wylie,kan,2019,6
YeldDe00,Deon Yelder,kan,2019,1
AlexD.00,D.J. Alexander,jax,2019,0
AlleDa01,Dakota Allen,jax,2019,0
ArmsRy00,Ryquell Armstead,jax,2019,2
BoarC.00,C.J. Board,jax,2019,0
BordBr00,Breon Borders,jax,2019,1
BouyA.00,A.J. Bouye,jax,2019,5
BryaTa00,Taven Bryan,jax,2019,4
CaliAu00,Austin Calitro,jax,2019,2
CampCa99,Calais Campbell,jax,2019,10
CannA.00,A.J. Cann,jax,2019,7
CharDJ00,DJ Chark,jax,2019,7
ColeKe00,Keelan Cole,jax,2019,3
ConlCh00,Chris Conley,jax,2019,6
CookLo00,Logan Cooke,jax,2019,3
DareMa00,Marcell Dareus,jax,2019,2
DaviCa01,Carl Davis,jax,2019,0
DaviCo02,Cody Davis,jax,2019,1
DevaSe00,Seth Devalve,jax,2019,1
ErviTy00,Tyler Ervin,jax,2019,0
FoleNi00,Nick Foles,jax,2019,2
FourLe00,Leonard Fournette,jax,2019,10
GilcMa00,Marcus Gilchrist,jax,2019,0
GileJo01,Joe Giles-Harris,jax,2019,0
GoodNa00,Najee Goode,jax,2019,2
HarrRo02,Ronnie Harrison,jax,2019,6
HaydDJ00,D.J. Hayden,jax,2019,3
HayeTa00,Tae Hayes,jax,2019,0
HernTr00,Tre Herndon,jax,2019,6
AlleJo03,Josh Hines-Allen,jax,2019,6
JackMy00,Myles Jack,jax,2019,5
JacoLe00,Leon Jacobs,jax,2019,4
JoneAb00,Abry Jones,jax,2019,6
JoneCh10,Charles Jones,jax,2019,0
KoyaBe00,Ben Koyack,jax,2019,0
LambJo00,Josh Lambo,jax,2019,6
LeexMa00,Marqise Lee,jax,2019,0
LindBr00,Brandon Linder,jax,2019,7
McCrLe01,Lerentee McCray,jax,2019,1
McNiJe00,Jeremy McNichols,jax,2019,0
MiddDo01,Doug Middleton,jax,2019,0
MinsGa00,Gardner Minshew II,jax,2019,10
NgakYa00,Yannick Ngakoue,jax,2019,7
NickPa00,Parry Nickerson,jax,2019,1
NorwAn01,Andrew Norwell,jax,2019,7
OLeaNi00,Nick O'Leary,jax,2019,1
O'ShJa00,James O'Shaughnessy,jax,2019,1
OgbuCe00,Cedric Ogbuehi,jax,2019,1
OlivJo00,Josh Oliver,jax,2019,0
OrzeMa00,Matthew Orzech,jax,2019,1
OzigDe01,Devine Ozigbo,jax,2019,0
PaynDo00,Donald Payne,jax,2019,3
RamsJa00,Jalen Ramsey,jax,2019,1
RichWi01,Will Richardson,jax,2019,2
RobiCa00,Cam Robinson,jax,2019,6
RobiJo01,Josh Robinson,jax,2019,0
WatsBr01,Brandon Rusnak,jax,2019,0
RussDo00,Dontavius Russell,jax,2019,0
RyanJa00,Jake Ryan,jax,2019,0
ShatTy00,Tyler Shatley,jax,2019,1
SmitMa02,Malcolm Smith,jax,2019,0
SmooDa00,Dawuane Smoot,jax,2019,2
SpenAk00,Akeem Spence,jax,2019,1
SwaiGe00,Geoff Swaim,jax,2019,0
TaylJa02,Jawaan Taylor,jax,2019,7
WalkMi00,Michael Walker,jax,2019,0
WestDe00,Dede Westbrook,jax,2019,5
WillQu01,Quincy Williams,jax,2019,3
WilsJa00,Jarrod Wilson,jax,2019,6
WingAn01,Andrew Wingard,jax,2019,2
AddiMa00,Mario Addison,car,2019,6
AlleKy00,Kyle Allen,car,2019,7
ArmaAl00,Alex Armah,car,2019,0
BonnRe00,Reggie Bonnafon,car,2019,1
BostTr00,Tre Boston,car,2019,5
BradJa00,James Bradberry,car,2019,5
BurnBr00,Brian Burns,car,2019,4
ButlVe00,Vernon Butler,car,2019,5
CartJe00,Jermaine Carter Jr.,car,2019,3
CockRo00,Ross Cockrell,car,2019,4
CoxxBr01,Bryan Cox Jr.,car,2019,0
DaleDe00,Dennis Daley,car,2019,4
DaviMi01,Mike Davis,car,2019,0
DortGr01,Greg Dortch,car,2019,0
EldeCo00,Corn Elder,car,2019,0
ElliJa01,Javien Elliott,car,2019,2
GaulRa00,Rashaan Gaulden,car,2019,0
GreeT.00,T.J. Green,car,2019,0
GrieWi00,Will Grier,car,2019,1
HaynMa01,Marquis Haynes,car,2019,1
HogaCh00,Chris Hogan,car,2019,0
HortWe00,Wes Horton,car,2019,0
IrviBr00,Bruce Irvin,car,2019,5
JackDo02,Donte Jackson,car,2019,4
JameNa00,Natrell Jamerson,car,2019,0
JansJ.00,J.J. Jansen,car,2019,2
JoneCo01,Colin Jones,car,2019,1
KuecLu00,Luke Kuechly,car,2019,12
KunaJo00,Jordan Kunaszyk,car,2019,1
LarsTy00,Tyler Larsen,car,2019,1
LittGr01,Greg Little,car,2019,1
LoveKy00,Kyle Love,car,2019,1
LukeCo00,Cole Luke,car,2019,0
LundBr00,Brad Lundblade,car,2019,0
ManhCh00,Chris Manhertz,car,2019,0
McCaCh01,Christian McCaffrey,car,2019,15
McClRa00,Ray-Ray McCloud,car,2019,0
McCoGe99,Gerald McCoy,car,2019,6
McGeSt01,Stacy McGee,car,2019,0
McGhGa01,Garrett McGhin,car,2019,0
MillCh04,Christian Miller,car,2019,1
MoncDo00,Donte Moncrief,car,2019,0
MoorD.00,D.J. Moore,car,2019,8
MotoTa00,Taylor Moton,car,2019,6
NewtCa00,Cam Newton,car,2019,1
ObadEf00,Efe Obada,car,2019,1
OlseGr00,Greg Olsen,car,2019,4
PalaMi00,Michael Palardy,car,2019,3
ParaMa00,Matt Paradis,car,2019,6
PoexDo00,Dontari Poe,car,2019,4
ReedCh00,Chris Reed,car,2019,0
ReidEr00,Eric Reid,car,2019,5
SamuCu00,Curtis Samuel,car,2019,5
ScarJo00,Jordan Scarlett,car,2019,0
ShorKa00,Kawann Short,car,2019,1
SlyeJo00,Joey Slye,car,2019,4
SmitAn04,Andre Smith,car,2019,1
ThomIa00,Ian Thomas,car,2019,1
ThomSh01,Shaq Thompson,car,2019,6
TurnTr01,Trai Turner,car,2019,7
VanRGr00,Greg Van Roten,car,2019,4
WhitDe01,DeAndrew White,car,2019,0
WillDa06,Daryl Williams,car,2019,5
WitzBr00,Bryan Witzmann,car,2019,0
WrigJa02,Jarius Wright,car,2019,2
ZylsBr00,Brandon Zylstra,car,2019,1
AndrMa00,Mark Andrews,rav,2019,11
AverAn00,Anthony Averett,rav,2019,1
BethJu00,Justin Bethel,rav,2019,1
BoarCh00,Chris Board,rav,2019,1
BowsTy00,Tyus Bowser,rav,2019,3
BoykMi00,Miles Boykin,rav,2019,3
BoylNi00,Nick Boyle,rav,2019,4
BozeBr00,Bradley Bozeman,rav,2019,10
BrowMa04,Marquise Brown,rav,2019,8
BrowOr00,Orlando Brown Jr.,rav,2019,13
ByneJo00,Josh Bynes,rav,2019,4
CanaMa00,Maurice Canady,rav,2019,1
CarrBr99,Brandon Carr,rav,2019,5
ClarCh00,Chuck Clark,rav,2019,4
CoxxMo00,Morgan Cox,rav,2019,3
EdwaGu00,Gus Edwards,rav,2019,6
EhinPa00,Parker Ehinger,rav,2019,1
ElliDe02,DeShon Elliott,rav,2019,0
ElliJu01,Justin Ellis,rav,2019,0
FergJa02,Jaylon Ferguson,rav,2019,5
FortL.00,L.J. Fort,rav,2019,4
GrasHr00,Hroniss Grasu,rav,2019,0
GrifRo01,Robert Griffin III,rav,2019,2
HillJu00,Justice Hill,rav,2019,3
HumpMa00,Marlon Humphrey,rav,2019,16
HursHa00,Hayden Hurst,rav,2019,5
HursJa00,James Hurst,rav,2019,3
IngrMa01,Mark Ingram,rav,2019,12
JackBe00,Bennett Jackson,rav,2019,0
JackLa00,Lamar Jackson,rav,2019,25
JeffTo00,Tony Jefferson,rav,2019,2
JoneCy00,Cyrus Jones,rav,2019,1
JudoMa00,Matt Judon,rav,2019,11
KochSa20,Sam Koch,rav,2019,2
LeviAn00,Anthony Levine,rav,2019,1
MackDa00,Daylon Mack,rav,2019,0
MarsIm00,Iman Marshall,rav,2019,0
McPhPe00,Pernell McPhee,rav,2019,4
McSoTr00,Trace McSorley,rav,2019,0
MekaPa00,Patrick Mekari,rav,2019,4
MoorCh00,Chris Moore,rav,2019,0
OnwuPa00,Patrick Onwuasor,rav,2019,4
PekoDo20,Domata Peko,rav,2019,2
PeteMa00,Marcus Peters,rav,2019,10
PierMi00,Michael Pierce,rav,2019,7
PoweBe00,Ben Powers,rav,2019,0
RicaPa00,Patrick Ricard,rav,2019,1
RichJo00,Jordan Richards,rav,2019,1
RobeSe00,Seth Roberts,rav,2019,4
ScotJa02,Jaleel Scott,rav,2019,0
SielZa00,Zach Sieler,rav,2019,0
SkurMa01,Matt Skura,rav,2019,7
SmitJi03,Jimmy Smith,rav,2019,2
SneaWi00,Willie Snead,rav,2019,4
StanRo00,Ronnie Stanley,rav,2019,17
ThomDe05,De'Anthony Thomas,rav,2019,0
ThomEa99,Earl Thomas,rav,2019,8
TrawBr00,Brynden Trawick,rav,2019,0
TuckJu00,Justin Tucker,rav,2019,6
WardJi02,Jihad Ward,rav,2019,2
WillBr02,Brandon Williams,rav,2019,7
WillTi00,Tim Williams,rav,2019,0
WormCh00,Chris Wormley,rav,2019,4
YandMa20,Marshal Yanda,rav,2019,15
YounKe03,Kenny Young,rav,2019,2
AlexLo99,Lorenzo Alexander,buf,2019,6
AlexMa00,Maurice Alexander,buf,2019,1
AlleJo02,Josh Allen,buf,2019,11
BarkMa00,Matt Barkley,buf,2019,1
BateRy02,Ryan Bates,buf,2019,1
BeasCo00,Cole Beasley,buf,2019,6
BoetIk00,Ike Boettger,buf,2019,0
BojoCo00,Corey Bojorquez,buf,2019,1
BrowJo02,John Brown,buf,2019,9
ColeKu99,Kurt Coleman,buf,2019,1
DawkDi00,Dion Dawkins,buf,2019,7
DiMaPa00,Patrick DiMarco,buf,2019,0
EdmuTr01,Tremaine Edmunds,buf,2019,14
FeliJo00,Jon Feliciano,buf,2019,7
FergRe00,Reid Ferguson,buf,2019,1
FordCo00,Cody Ford,buf,2019,6
FostRo01,Robert Foster,buf,2019,1
GoreFr00,Frank Gore,buf,2019,4
HausSt00,Stephen Hauschka,buf,2019,3
HughJe99,Jerry Hughes,buf,2019,10
HydeMi00,Micah Hyde,buf,2019,8
JohnDa10,Darryl Johnson,buf,2019,2
JohnJa11,Jaquan Johnson,buf,2019,1
JohnKe04,Kevin Johnson,buf,2019,2
JohnTa01,Taron Johnson,buf,2019,3
JoneZa00,Zay Jones,buf,2019,1
KnoxDa00,Dawson Knox,buf,2019,3
KrofTy00,Tyler Kroft,buf,2019,1
LawsSh00,Shaq Lawson,buf,2019,3
LiugCo00,Corey Liuget,buf,2019,1
LongSp00,Spencer Long,buf,2019,1
LotuSt00,Star Lotulelei,buf,2019,10
MarlDe00,Dean Marlowe,buf,2019,1
McKeIs00,Isaiah McKenzie,buf,2019,2
MilaMa00,Matt Milano,buf,2019,10
MorsMi00,Mitch Morse,buf,2019,7
MurpTr00,Trent Murphy,buf,2019,12
NealSi00,Siran Neal,buf,2019,1
NsekTy00,Ty Nsekhe,buf,2019,1
OlivEd00,Ed Oliver,buf,2019,6
PekoKy00,Kyle Peko,buf,2019,0
PerrSe00,Senorise Perry,buf,2019,0
PhilHa00,Harrison Phillips,buf,2019,0
PhilJo01,Jordan Phillips,buf,2019,8
PoyeJo00,Jordan Poyer,buf,2019,8
RobeAn00,Andre Roberts,buf,2019,0
SingDe00,Devin Singletary,buf,2019,6
SmitLe00,Lee Smith,buf,2019,0
SpaiQu00,Quinton Spain,buf,2019,7
StanJu00,Julian Stanford,buf,2019,2
SweeTo00,Tommy Sweeney,buf,2019,1
TaylVi00,Vincent Taylor,buf,2019,1
ThomCo02,Corey Thompson,buf,2019,1
WallLe00,Levi Wallace,buf,2019,7
WhitTr01,Tre'Davious White,buf,2019,19
WillDu01,Duke Williams,buf,2019,1
YeldT.00,T.J. Yeldon,buf,2019,1
AbduAm00,Ameer Abdullah,min,2019,2
AlexMa01,Mackensie Alexander,min,2019,2
BailDa00,Dan Bailey,min,2019,4
BarrAn00,Anthony Barr,min,2019,7
BeebCh00,Chad Beebe,min,2019,1
BoonMi00,Mike Boone,min,2019,2
BoydKr00,Kris Boyd,min,2019,1
BradGa00,Garrett Bradbury,min,2019,8
BrotKe00,Kentrell Brothers,min,2019,1
CollAv00,Aviante Collins,min,2019,1
ColqBr00,Britton Colquitt,min,2019,2
ConkTy00,Tyler Conklin,min,2019,1
CookDa01,Dalvin Cook,min,2019,15
CousKi00,Kirk Cousins,min,2019,14
CuttAu00,Austin Cutting,min,2019,1
DaviDa03,Davion Davis,min,2019,0
DiggSt00,Stefon Diggs,min,2019,13
DillBr00,Brandon Dillon,min,2019,0
DoctJo00,Josh Doctson,min,2019,0
DownDe00,Devante Downs,min,2019,0
DoziDa00,Dakota Dozier,min,2019,3
ElflPa00,Pat Elflein,min,2019,8
EppsMa00,Marcus Epps,min,2019,0
FielMa01,Mark Fields II,min,2019,0
GedeBe00,Ben Gedeon,min,2019,2
GrifEv99,Everson Griffen,min,2019,10
HamxC.00,C.J. Ham,min,2019,2
HarrAn01,Anthony Harris,min,2019,6
HillHo00,Holton Hill,min,2019,1
HillRa01,Rashod Hill,min,2019,2
HollAl00,Alexander Hollins,min,2019,0
HolmJa01,Jalyn Holmes,min,2019,0
HughMi00,Mike Hughes,min,2019,2
HuntDa01,Danielle Hunter,min,2019,12
JohnJa09,Jaleel Johnson,min,2019,3
JohnOl00,Olabisi Johnson,min,2019,3
JoneBr04,Brett Jones,min,2019,0
JoseLi99,Linval Joseph,min,2019,6
KearJa00,Jayron Kearse,min,2019,2
KendEr00,Eric Kendricks,min,2019,15
KlinJo01,Josh Kline,min,2019,7
MannSe00,Sean Mannion,min,2019,0
MataHe00,Hercules Mata'afa,min,2019,1
MattAl01,Alexander Mattison,min,2019,4
MeadNa00,Nate Meadors,min,2019,0
ONeiBr00,Brian O'Neill,min,2019,8
OdenIf00,Ifeadi Odenigbo,min,2019,3
ReifRi00,Riley Reiff,min,2019,8
RhodXa00,Xavier Rhodes,min,2019,7
RudoKy00,Kyle Rudolph,min,2019,4
SamiDr00,Dru Samia,min,2019,0
SendAn00,Andrew Sendejo,min,2019,1
SherMa20,Marcus Sherels,min,2019,0
SmitCa01,Cameron Smith,min,2019,0
SmitHa00,Harrison Smith,min,2019,7
SmitIr01,Irv Smith Jr.,min,2019,3
StepSh00,Shamar Stephen,min,2019,7
ThieAd00,Adam Thielen,min,2019,5
TreaLa00,Laquon Treadwell,min,2019,2
UdohOl01,Oli Udoh,min,2019,0
WattAr01,Armon Watts,min,2019,1
WaynTr00,Trae Waynes,min,2019,4
WeatSt00,Stephen Weatherly,min,2019,2
WilsEr00,Eric Wilson,min,2019,4
AbouOd00,Oday Aboushi,det,2019,1
AgneJa00,Jamal Agnew,det,2019,3
AmenDa00,Danny Amendola,det,2019,5
AndeC.00,C.J. Anderson,det,2019,0
AtkiJo01,John Atkins,det,2019,3
BawdNi00,Nick Bawden,det,2019,0
BenzBe01,Beau Benzschawel,det,2019,0
BlouDa00,David Blough,det,2019,-1
BryaAu00,Austin Bryant,det,2019,0
CabiJa00,Jason Cabinda,det,2019,0
CarsTr01,Tra Carson,det,2019,0
ColeJu01,Justin Coleman,det,2019,4
CrosTy00,Tyrell Crosby,det,2019,3
DahlJo00,Joe Dahl,det,2019,6
DaniMi00,Mike Daniels,det,2019,1
DaviJa01,Jarrad Davis,det,2019,5
DeckTa00,Taylor Decker,det,2019,6
DiggQu00,Quandre Diggs,det,2019,1
DrisJe00,Jeff Driskel,det,2019,3
FlowTr00,Trey Flowers,det,2019,7
FordMi01,Mike Ford,det,2019,1
FulgTr00,Travis Fulgham,det,2019,0
GlasGr00,Graham Glasgow,det,2019,6
GollKe00,Kenny Golladay,det,2019,9
HallMa02,Marvin Hall,det,2019,2
HandDa00,Da'Shawn Hand,det,2019,1
HarrWi02,Will Harris,det,2019,2
HarrDa03,Damon Harrison,det,2019,7
HerrFr00,Frank Herron,det,2019,0
HillWe00,Wes Hills,det,2019,0
HockTJ00,T.J. Hockenson,det,2019,3
JackMi01,Michael Jackson,det,2019,0
JameJe00,Jesse James,det,2019,1
JohnKe06,Kerryon Johnson,det,2019,3
JohnTy02,Ty Johnson,det,2019,2
JoneCh05,Christian Jones,det,2019,6
JoneMa02,Marvin Jones,det,2019,6
KennDe00,Devon Kennard,det,2019,8
KennTo01,Tom Kennedy,det,2019,0
KillMi00,Miles Killebrew,det,2019,1
LacyCh00,Chris Lacy,det,2019,0
LongSt00,Steve Longa,det,2019,1
MartSa01,Sam Martin,det,2019,2
McKiJ.00,J.D. McKissic,det,2019,3
MedeJa00,Jamie Meder,det,2019,0
MelvRa00,Rashaan Melvin,det,2019,4
MoorCJ01,C.J. Moore,det,2019,1
MuhlDo20,Don Muhlbach,det,2019,2
NautIs00,Isaac Nauta,det,2019,0
OkwaRo01,Romeo Okwara,det,2019,2
OruwAm00,Amani Oruwariye,det,2019,1
PerkPa00,Paul Perkins,det,2019,0
PittAn01,Anthony Pittman,det,2019,0
PratMa20,Matt Prater,det,2019,4
RagnFr00,Frank Ragnow,det,2019,6
ReevJa00,Jalen Reeves-Maybin,det,2019,3
RobiAS00,A'Shawn Robinson,det,2019,5
ScarBo01,Bo Scarbrough,det,2019,2
SkipDa00,Dan Skipper,det,2019,0
SlayDa00,Darius Slay,det,2019,7
StafMa00,Matthew Stafford,det,2019,8
StroKe00,Kevin Strong,det,2019,1
TavaJa00,Jahlani Tavai,det,2019,4
ThomLo00,Logan Thomas,det,2019,1
VirgDe00,Dee Virgin,det,2019,1
WagnRi00,Ricky Wagner,det,2019,5
WalkTr01,Tracy Walker,det,2019,4
WiggKe00,Kenny Wiggins,det,2019,2
WilsTa00,Tavon Wilson,det,2019,4
WynnJo00,Jonathan Wynn,det,2019,0
AlleRi00,Ricardo Allen,atl,2019,5
AlleRy01,Ryan Allen,atl,2019,1
BailAl00,Allen Bailey,atl,2019,3
BarnKe00,Kenjon Barner,atl,2019,1
BeasVi00,Vic Beasley,atl,2019,7
BlakCh00,Christian Blake,atl,2019,1
BoshMa00,Matthew Bosher,atl,2019,0
BrowJa04,Jamon Brown,atl,2019,5
bryanmat01,Matt Bryant,atl,2019,0
CampDe00,De'Vondre Campbell,atl,2019,8
CarpJa00,James Carpenter,atl,2019,6
CartJa02,Jamal Carter,atl,2019,1
ClayAd00,Adrian Clayborn,atl,2019,2
ComiJo00,John Cominsky,atl,2019,1
CrawJa00,Jack Crawford,atl,2019,2
CyprJo00,Johnathan Cyprien,atl,2019,0
DaviTy01,Tyeler Davison,atl,2019,6
FreeDe00,Devonta Freeman,atl,2019,8
GageRu00,Russell Gage,atl,2019,4
GonoMa00,Matt Gono,atl,2019,0
GracJe00,Jermaine Grace,atl,2019,1
GrahJa01,Jaeden Graham,atl,2019,1
HardJu00,Justin Hardy,atl,2019,2
HarlSe00,Sean Harlow,atl,2019,0
HarrJo02,Josh Harris,atl,2019,1
HillBr02,Brian Hill,atl,2019,3
HoopAu00,Austin Hooper,atl,2019,6
IshmKe00,Kemal Ishmael,atl,2019,1
JarrGr00,Grady Jarrett,atl,2019,13
JoneDe01,Deion Jones,atl,2019,8
JoneJu02,Julio Jones,atl,2019,11
KazeDa00,Damontae Kazee,atl,2019,5
KooxYo00,Younghoe Koo,atl,2019,3
LarkAu00,Austin Larkin,atl,2019,0
LindCh00,Chris Lindstrom,atl,2019,3
MackAl20,Alex Mack,atl,2019,8
MattJa00,Jake Matthews,atl,2019,8
McGaKa00,Kaleb McGary,atl,2019,8
McKiTa00,Takkarist McKinley,atl,2019,6
MeieCa00,Carson Meier,atl,2019,0
MillJo05,Jordan Miller,atl,2019,1
NealKe01,Keanu Neal,atl,2019,1
NeasSh00,Sharrod Neasman,atl,2019,1
OlivIs00,Isaiah Oliver,atl,2019,5
OlliQa00,Qadree Ollison,atl,2019,0
OluoFo00,Foyesade Oluokun,atl,2019,3
RedfKa00,Kasey Redfern,atl,2019,0
RidlCa00,Calvin Ridley,atl,2019,7
RileDu00,Duke Riley,atl,2019,0
RyanMa00,Matt Ryan,atl,2019,13
SambTy00,Ty Sambrailo,atl,2019,1
SanuMo00,Mohamed Sanu,atl,2019,3
SchaMa00,Matt Schaub,atl,2019,2
SchwWe00,Wes Schweitzer,atl,2019,4
SenaDe00,Deadrin Senat,atl,2019,0
ShefKe00,Kendall Sheffield,atl,2019,3
SmitIt00,Ito Smith,atl,2019,1
SmitKe03,Keith Smith,atl,2019,0
StocLu00,Luke Stocker,atl,2019,0
TaylJa01,Jamar Taylor,atl,2019,0
ThomAh00,Ahmad Thomas,atl,2019,0
TrufDe00,Desmond Trufant,atl,2019,3
TuioJa00,Jacob Tuioti-Mariner,atl,2019,1
WetzJo00,John Wetzel,atl,2019,0
WhitD.00,D.J. White,atl,2019,0
WileMa01,Matt Wile,atl,2019,0
WrehBl00,Blidi Wreh-Wilson,atl,2019,1
ZaccOl01,Olamide Zaccheaus,atl,2019,1
BailJa00,Jake Bailey,nwe,2019,2
BennMi99,Michael Bennett,nwe,2019,2
BentJa00,Ja'Whaun Bentley,nwe,2019,4
BethJu00,Justin Bethel,nwe,2019,1
BoldBr00,Brandon Bolden,nwe,2019,1
BradTo00,Tom Brady,nwe,2019,12
BrooTe00,Terrence Brooks,nwe,2019,1
BrowAn04,Antonio Brown,nwe,2019,1
BurkRe00,Rex Burkhead,nwe,2019,4
ButlAd00,Adam Butler,nwe,2019,5
CalhSh00,Shilique Calhoun,nwe,2019,2
CannMa00,Marcus Cannon,nwe,2019,7
CardJo00,Joe Cardona,nwe,2019,1
ChunPa99,Patrick Chung,nwe,2019,6
CollJa00,Jamie Collins,nwe,2019,15
CowaBy00,Byron Cowart,nwe,2019,1
CunnKo00,Korey Cunningham,nwe,2019,0
DeveJa00,James Develin,nwe,2019,0
DorsPh00,Phillip Dorsett,nwe,2019,3
EbneNa00,Nate Ebner,nwe,2019,1
EdelJu00,Julian Edelman,nwe,2019,10
ElueJe00,Jermaine Eluemunor,nwe,2019,1
FereJa00,James Ferentz,nwe,2019,2
FolkNi20,Nick Folk,nwe,2019,1
ForbKa00,Kai Forbath,nwe,2019,0
GilmSt00,Stephon Gilmore,nwe,2019,22
GordJo02,Josh Gordon,nwe,2019,2
GostSt20,Stephen Gostkowski,nwe,2019,0
GuyxLa00,Lawrence Guy,nwe,2019,14
HarmDu00,Duron Harmon,nwe,2019,5
HarrDa06,Damien Harris,nwe,2019,0
HarrNK00,N'Keal Harry,nwe,2019,1
HighDo01,Dont'a Hightower,nwe,2019,17
IzzoRy00,Ryan Izzo,nwe,2019,1
JackJ.00,J.C. Jackson,nwe,2019,5
JohnJa12,Jakob Johnson,nwe,2019,0
JoneJo03,Jonathan Jones,nwe,2019,5
KarrTe00,Ted Karras,nwe,2019,7
LaCoMa00,Matt LaCosse,nwe,2019,1
MasoSh01,Shaq Mason,nwe,2019,7
McCoDe99,Devin McCourty,nwe,2019,9
McCoJa99,Jason McCourty,nwe,2019,5
MeyeJa01,Jakobi Meyers,nwe,2019,3
MichSo00,Sony Michel,nwe,2019,5
NewhMa20,Marshall Newhouse,nwe,2019,4
nugenmik01,Mike Nugent,nwe,2019,-1
OlszGu00,Gunner Olszewski,nwe,2019,0
RichJo00,Jordan Richards,nwe,2019,0
RobeEl00,Elandon Roberts,nwe,2019,4
SanuMo00,Mohamed Sanu,nwe,2019,2
ShelDa01,Danny Shelton,nwe,2019,12
SimoJo01,John Simon,nwe,2019,11
SlatMa00,Matthew Slater,nwe,2019,0
StidJa00,Jarrett Stidham,nwe,2019,0
ThunJo00,Joe Thuney,nwe,2019,11
TomlEr01,Eric Tomlinson,nwe,2019,0
VanNKy00,Kyle Van Noy,nwe,2019,13
WatsBe00,Ben Watson,nwe,2019,1
WhitJa02,James White,nwe,2019,7
WillJo13,Joejuan Williams,nwe,2019,1
WinoCh00,Chase Winovich,nwe,2019,3
WiseDe00,Deatrich Wise Jr.,nwe,2019,5
WynnIs00,Isaiah Wynn,nwe,2019,4
AlleJo01,Jonathan Allen,was,2019,7
AndeRy00,Ryan Anderson,was,2019,3
ApkeTr00,Troy Apke,was,2019,1
BeexRy00,Ryan Bee,was,2019,0
BergTo00,Tony Bergstrom,was,2019,3
BordBr00,Breon Borders,was,2019,0
BostJo00,Jonathan Bostic,was,2019,6
BranCa00,Caleb Brantley,was,2019,0
BurtMi00,Michael Burton,was,2019,0
ChriGe01,Geron Christian,was,2019,2
CollLa00,Landon Collins,was,2019,5
ColvAa00,Aaron Colvin,was,2019,1
CunnJe00,Jerome Cunningham,was,2019,0
DaviRo00,Robert Davis,was,2019,0
DaviVe00,Vernon Davis,was,2019,1
DelaDe00,Dee Delaney,was,2019,0
DunbQu00,Quinton Dunbar,was,2019,4
EverDe01,Deshazor Everett,was,2019,0
FergJo02,Josh Ferguson,was,2019,0
FlowEr00,Ereck Flowers,was,2019,6
GuicDe00,Derrius Guice,was,2019,2
DionSh00,Shaun Dion Hamilton,was,2019,2
HarmKe00,Kelvin Harmon,was,2019,3
HarvJo01,Josh Harvey-Clemons,was,2019,1
HaskDw00,Dwayne Haskins,was,2019,3
HentHa00,Hale Hentges,was,2019,1
HestTr00,Treyvon Hester,was,2019,1
HolcCo00,Cole Holcomb,was,2019,6
HoltJ.01,J.P. Holtz,was,2019,0
HopkDu00,Dustin Hopkins,was,2019,3
IoanMa01,Matthew Ioannidis,was,2019,7
JohnDa09,Danny Johnson,was,2019,1
KeenCa00,Case Keenum,was,2019,4
KerrRy00,Ryan Kerrigan,was,2019,4
KidsDa00,Darvin Kidsy,was,2019,0
LadlKe00,Kenny Ladler,was,2019,0
MartWe00,Wes Martin,was,2019,2
McCoCo00,Colt McCoy,was,2019,0
McKiCa01,Cassanova McKinzy,was,2019,0
McLaTe00,Terry McLaurin,was,2019,7
MoreFa00,Fabian Moreau,was,2019,3
MoreJi00,Jimmy Moreland,was,2019,2
MoseMo00,Morgan Moses,was,2019,6
NichMo00,Montae Nicholson,was,2019,5
NormJo01,Josh Norman,was,2019,3
OdomCh00,Chris Odom,was,2019,0
OrchNa00,Nate Orchard,was,2019,1
ParrTi00,Timon Parris,was,2019,0
PaynDa00,Daron Payne,was,2019,4
PennDo20,Donald Penn,was,2019,6
PeteAd01,Adrian Peterson,was,2019,6
PhilCa00,Carroll Phillips,was,2019,0
PierRo00,Ross Pierschbacher,was,2019,0
QuinTr00,Trey Quinn,was,2019,1
ReavJe00,Jeremy Reaves,was,2019,1
ReynCr00,Craig Reynolds,was,2019,0
RichPa01,Paul Richardson,was,2019,2
RodgDo99,Dominique Rodgers-Cromartie,was,2019,0
RoulCh00,Chase Roullier,was,2019,5
ScheBr00,Brandon Scherff,was,2019,5
SensCo00,Coty Sensabaugh,was,2019,1
SettTi00,Tim Settle,was,2019,1
SimsCa00,Cam Sims,was,2019,0
SimsSt00,Steven Sims,was,2019,4
SmalWe00,Wendell Smallwood,was,2019,1
SmitMa04,Maurice Smith,was,2019,0
SpenNo00,Noah Spence,was,2019,0
SpriJe00,Jeremy Sprinkle,was,2019,2
StroGr00,Greg Stroman,was,2019,0
SundNi00,Nick Sundberg,was,2019,1
SweaMo00,Montez Sweat,was,2019,6
ThomSi00,Simeon Thomas,was,2019,1
ThomCh03,Chris Thompson,was,2019,4
VallTa00,Tanner Vallejo,was,2019,1
WayxTr00,Tress Way,was,2019,4
WeahJe01,Jester Weah,was,2019,0
WebsKa00,Kayvon Webster,was,2019,0
AkinFr01,Freedom Akinmoladun,cin,2019,0
AtkiGe99,Geno Atkins,cin,2019,9
BateJe00,Jessie Bates III,cin,2019,6
BernGi00,Giovani Bernard,cin,2019,2
BillAn00,Andrew Billings,cin,2019,6
BoydTy00,Tyler Boyd,cin,2019,7
BrowAn05,Andrew Brown,cin,2019,2
BrowPr00,Preston Brown,cin,2019,4
BullRa00,Randy Bullock,cin,2019,4
CartCe00,Cethan Carter,cin,2019,0
CoopPh00,Pharoh Cooper,cin,2019,0
DaltAn00,Andy Dalton,cin,2019,7
DennDa00,Darqueze Dennard,cin,2019,2
DunlCa99,Carlos Dunlap,cin,2019,8
EifeTy00,Tyler Eifert,cin,2019,3
EricAl01,Alex Erickson,cin,2019,4
EvanJo01,Jordan Evans,cin,2019,1
FejeCl00,Clayton Fejedelem,cin,2019,1
FinlRy00,Ryan Finley,cin,2019,1
GlasRy00,Ryan Glasgow,cin,2019,1
GlenCo00,Cordy Glenn,cin,2019,2
HarrCl20,Clark Harris,cin,2019,1
HartBo00,Bobby Hart,cin,2019,6
HendTr01,Trayvon Henderson,cin,2019,0
HopkTr01,Trey Hopkins,cin,2019,6
HubbSa00,Sam Hubbard,cin,2019,7
HubeKe20,Kevin Huber,cin,2019,2
IrwiTr00,Trenton Irwin,cin,2019,0
JackWi02,William Jackson III,cin,2019,4
JerrJo20,John Jerry,cin,2019,2
JohnFr01,Fred Johnson,cin,2019,1
JordMi01,Michael Jordan,cin,2019,4
KirkDr00,Dre Kirkpatrick,cin,2019,2
LawsCa00,Carl Lawson,cin,2019,2
MabiGr00,Greg Mabin,cin,2019,0
McRaTo00,Tony McRae,cin,2019,1
McTyTo00,Torry McTyer,cin,2019,0
MillJo04,John Miller,cin,2019,5
MixoJo00,Joe Mixon,cin,2019,7
MorgSt02,Stanley Morgan Jr.,cin,2019,0
NickHa02,Hardy Nickerson,cin,2019,1
PeriSa00,Samaje Perine,cin,2019,0
PhilDa02,Darius Phillips,cin,2019,2
PratGe00,Germaine Pratt,cin,2019,5
PricBi01,Billy Price,cin,2019,4
RedmAl01,Alex Redmond,cin,2019,1
ReynLa00,LaRoy Reynolds,cin,2019,1
RossJo00,John Ross,cin,2019,3
SampDr00,Drew Sample,cin,2019,0
SchrMa00,Mason Schreck,cin,2019,0
ShelBr01,Brady Sheldon,cin,2019,0
SmitAn23,Andre Smith,cin,2019,2
SuthKe00,Keaton Sutherland,cin,2019,0
TateAu00,Auden Tate,cin,2019,4
TupoJo00,Josh Tupou,cin,2019,4
UzomC.00,C.J. Uzomah,cin,2019,2
VigiNi00,Nick Vigil,cin,2019,8
WebbBW00,B.W. Webb,cin,2019,4
WillSh02,Shawn Williams,cin,2019,5
WillTr06,Trayveon Williams,cin,2019,0
WillDa11,Damion Willis,cin,2019,1
WilsBr01,Brandon Wilson,cin,2019,2
WrenRe00,Renell Wren,cin,2019,2
WynnKe00,Kerry Wynn,cin,2019,0
ZettAn00,Anthony Zettel,cin,2019,0
AlonKi00,Kiko Alonso,nor,2019,2
AnthSt00,Stephone Anthony,nor,2019,1
AnzaAl00,Alex Anzalone,nor,2019,0
ApplEl00,Eli Apple,nor,2019,4
ArmsTe00,Terron Armstead,nor,2019,10
ArmsRa01,Ray-Ray Armstrong,nor,2019,0
ArnoDa00,Dan Arnold,nor,2019,0
BadeJo00,Johnson Bademosi,nor,2019,0
BellVo00,Vonn Bell,nor,2019,5
BreeDr00,Drew Brees,nor,2019,11
BridTe00,Teddy Bridgewater,nor,2019,5
BrowMa01,Malcom Brown,nor,2019,7
CarrAu00,Austin Carr,nor,2019,0
ClapWi00,Will Clapp,nor,2019,2
CookJa02,Jared Cook,nor,2019,7
CrawKe02,Ken Crawley,nor,2019,0
DaveMa00,Marcus Davenport,nor,2019,6
DaviDe00,Demario Davis,nor,2019,14
EastNi00,Nick Easton,nor,2019,3
EdwaMa01,Mario Edwards,nor,2019,1
ElliKa00,Kaden Elliss,nor,2019,0
GardCh00,C.J. Gardner-Johnson,nor,2019,3
GinnTe00,Ted Ginn Jr.,nor,2019,4
GranCa01,Carl Granderson,nor,2019,1
GrayJ.00,J.T. Gray,nor,2019,4
GreeT.00,T.J. Green,nor,2019,0
HampSa00,Saquan Hampton,nor,2019,0
HardJu01,Justin Hardee,nor,2019,1
HarrDe07,Deonte Harty,nor,2019,1
HendTr00,Trey Hendrickson,nor,2019,2
HillJo02,Josh Hill,nor,2019,2
HillTa00,Taysom Hill,nor,2019,4
HogaKr00,Krishawn Hogan,nor,2019,0
HumpLi01,Lil'Jordan Humphrey,nor,2019,0
JenkJa03,Jackrabbit Jenkins,nor,2019,1
JordCa00,Cameron Jordan,nor,2019,13
KamaAl00,Alvin Kamara,nor,2019,11
KirkKe00,Keith Kirkwood,nor,2019,0
KleiAJ00,A.J. Klein,nor,2019,7
LattMa01,Marshon Lattimore,nor,2019,7
LineZa01,Zach Line,nor,2019,1
LoewMi00,Mitchell Loewen,nor,2019,0
LutzWi00,Wil Lutz,nor,2019,5
McCoEr01,Erik McCoy,nor,2019,8
MorsTh00,Thomas Morstead,nor,2019,2
MurrLa00,Latavius Murray,nor,2019,7
OlaxMi00,Michael Ola,nor,2019,0
OmamPa00,Patrick Omameh,nor,2019,2
OnyeDa00,David Onyemata,nor,2019,6
OrtiRi00,Ricky Ortiz,nor,2019,0
PeatAn00,Andrus Peat,nor,2019,7
RamcRy00,Ryan Ramczyk,nor,2019,16
RankSh00,Sheldon Rankins,nor,2019,1
RobeCr00,Craig Robertson,nor,2019,2
RobiPa99,Patrick Robinson,nor,2019,1
SmitTr03,Tre'Quan Smith,nor,2019,2
StalTa00,Taylor Stallworth,nor,2019,0
SweaDJ00,D.J. Swearinger,nor,2019,0
TeoxMa00,Manti Te'o,nor,2019,1
ThomMi05,Michael Thomas,nor,2019,17
TuttSh00,Shy Tuttle,nor,2019,2
VandJa00,Jason Vander Laan,nor,2019,0
WarfLa00,Larry Warford,nor,2019,10
WashDw00,Dwayne Washington,nor,2019,1
WillMa06,Marcus Williams,nor,2019,5
WillP.00,P.J. Williams,nor,2019,3
WoodZa00,Zach Wood,nor,2019,2
ZennZa00,Zach Zenner,nor,2019,0
AlShAz00,Azeez Al-Shaair,sfo,2019,3
AlexKw00,Kwon Alexander,sfo,2019,4
ArmsAr01,Arik Armstead,sfo,2019,9
BlaiRo00,Ronald Blair,sfo,2019,2
BosaNi00,Nick Bosa,sfo,2019,12
BourKe00,Kendrick Bourne,sfo,2019,4
BreiMa00,Matt Breida,sfo,2019,6
BrunDa00,Daniel Brunskill,sfo,2019,5
BuckDe00,DeForest Buckner,sfo,2019,16
CeleGa00,Garrett Celek,sfo,2019,0
ColeTe01,Tevin Coleman,sfo,2019,6
CondJo20,Jon Condo,sfo,2019,0
DayxSh00,Sheldon Day,sfo,2019,2
DwelRo00,Ross Dwelley,sfo,2019,1
ExumAn00,Antone Exum,sfo,2019,0
FordDe00,Dee Ford,sfo,2019,2
GarlBe00,Ben Garland,sfo,2019,2
GaroJi00,Jimmy Garoppolo,sfo,2019,15
GiveKe01,Kevin Givens,sfo,2019,0
GoodMa00,Marquise Goodwin,sfo,2019,2
gouldrob01,Robbie Gould,sfo,2019,1
GreeDr00,Dre Greenlaw,sfo,2019,7
HarrMa03,Marcell Harris,sfo,2019,2
HolbCo00,Colin Holba,sfo,2019,0
JameRi00,Richie James,sfo,2019,2
JohnDo02,Dontae Johnson,sfo,2019,0
JoneD.01,D.J. Jones,sfo,2019,6
JuszKy00,Kyle Juszczyk,sfo,2019,3
KittGe00,George Kittle,sfo,2019,11
LeexEl00,Elijah Lee,sfo,2019,1
MattJo00,Jordan Matthews,sfo,2019,0
McGlMi00,Mike McGlinchey,sfo,2019,7
McLaCh00,Chase McLaughlin,sfo,2019,1
MitcEa99,Earl Mitchell,sfo,2019,0
MoorDa01,Damontre Moore,sfo,2019,0
MoorTa00,Tarvarius Moore,sfo,2019,2
MoseEm00,Emmanuel Moseley,sfo,2019,4
MostRa00,Raheem Mostert,sfo,2019,8
MullNi00,Nick Mullens,sfo,2019,0
NelsKy00,Kyle Nelson,sfo,2019,1
NzeoMa00,Mark Nzeocha,sfo,2019,2
PersMi00,Michael Person,sfo,2019,8
PettDa00,Dante Pettis,sfo,2019,1
ReedD.00,D.J. Reed,sfo,2019,1
RichWe00,Weston Richburg,sfo,2019,8
SamuDe00,Deebo Samuel,sfo,2019,10
SanbGa00,Garrison Sanborn,sfo,2019,0
SandEm00,Emmanuel Sanders,sfo,2019,5
SherRi00,Richard Sherman,sfo,2019,12
SkulJu00,Justin Skule,sfo,2019,5
StalJo20,Joe Staley,sfo,2019,4
StreKe00,Kentavius Street,sfo,2019,0
TartJa00,Jaquiski Tartt,sfo,2019,4
TaylJu00,Jullian Taylor,sfo,2019,1
ThomSo00,Solomon Thomas,sfo,2019,3
ToilLe00,Levine Toilolo,sfo,2019,0
TomlLa01,Laken Tomlinson,sfo,2019,9
ValoJe00,Jeremiah Valoaga,sfo,2019,0
VerrJa00,Jason Verrett,sfo,2019,0
WardJi01,Jimmie Ward,sfo,2019,4
WarnFr00,Fred Warner,sfo,2019,9
WillKW00,K'Waun Williams,sfo,2019,3
WilsJe01,Jeff Wilson,sfo,2019,1
WishMi00,Mitch Wishnowsky,sfo,2019,2
WithAh00,Ahkello Witherspoon,sfo,2019,3
YounSa21,Sam Young,sfo,2019,0
ZettAn00,Anthony Zettel,sfo,2019,0
AlleBr02,Brian Allen,ram,2019,5
BlanKe01,Kendall Blanton,ram,2019,0
BlytAu00,Austin Blythe,ram,2019,8
BortBl00,Blake Bortles,ram,2019,0
BrewCh01,Chandler Brewer,ram,2019,1
BrocMi00,Michael Brockers,ram,2019,7
BrowMa03,Malcolm Brown,ram,2019,2
ChriMa00,Marqui Christian,ram,2019,2
CookBr00,Brandin Cooks,ram,2019,5
CorbAu00,Austin Corbett,ram,2019,4
DeayDo01,Donte Deayon,ram,2019,0
DembJa00,Jamil Demby,ram,2019,1
DonaAa00,Aaron Donald,ram,2019,14
EbukSa00,Samson Ebukam,ram,2019,3
EdwaDa01,David Edwards,ram,2019,6
EvanBo00,Bobby Evans,ram,2019,4
EverGe00,Gerald Everett,ram,2019,3
FowlDa00,Dante Fowler,ram,2019,7
FoxxMo00,Morgan Fox,ram,2019,2
GainGr00,Greg Gaines,ram,2019,1
GervJa00,Jake Gervase,ram,2019,0
GoffJa00,Jared Goff,ram,2019,12
GurlTo01,Todd Gurley,ram,2019,6
HageBr00,Bryce Hager,ram,2019,1
HaveRo00,Rob Havenstein,ram,2019,5
HekkJo00,Johnny Hekker,ram,2019,3
HendDa00,Darrell Henderson,ram,2019,1
HigbTy00,Tyler Higbee,ram,2019,6
HillTr01,Troy Hill,ram,2019,5
HowaTr00,Travin Howard,ram,2019,1
JohnJo10,John Johnson,ram,2019,3
JoseSe00,Sebastian Joseph-Day,ram,2019,6
KellJo00,John Kelly,ram,2019,0
KuppCo00,Cooper Kupp,ram,2019,9
LittCo01,Cory Littleton,ram,2019,8
LongDa02,David Long,ram,2019,1
MattCl99,Clay Matthews,ram,2019,5
McQuJa00,Jake McQuaide,ram,2019,1
MundJo00,Johnny Mundt,ram,2019,0
NatsJo00,Jojo Natson,ram,2019,0
NoteJo00,Joseph Noteboom,ram,2019,3
OkorOg00,Ogbonnia Okoronkwo,ram,2019,1
PatrNa00,Natrez Patrick,ram,2019,1
PeteMa00,Marcus Peters,ram,2019,4
RamsJa00,Jalen Ramsey,ram,2019,8
RappTa00,Taylor Rapp,ram,2019,6
ReedTr01,Troy Reeder,ram,2019,4
ReynJo00,Josh Reynolds,ram,2019,3
RobeNi00,Nickell Robey-Coleman,ram,2019,2
ScotNi01,Nick Scott,ram,2019,1
ShelCo00,Coleman Shelton,ram,2019,1
SmarTa00,Tanzel Smart,ram,2019,1
TaliAq99,Aqib Talib,ram,2019,2
ThomMi04,Mike Thomas,ram,2019,0
WebsNs00,Nsimba Webster,ram,2019,0
WeddEr99,Eric Weddle,ram,2019,7
WhitAn20,Andrew Whitworth,ram,2019,8
WillDa09,Darious Williams,ram,2019,3
WoodRo02,Robert Woods,ram,2019,9
YounKe03,Kenny Young,ram,2019,1
ZuerGr00,Greg Zuerlein,ram,2019,2
AlleJa01,Javorius Allen,nyg,2019,0
BakeDe00,Deandre Baker,nyg,2019,5
BallCo00,Corey Ballentine,nyg,2019,1
BarkSa00,Saquon Barkley,nyg,2019,9
BealSa00,Sam Beal,nyg,2019,1
BethAn20,Antoine Bethea,nyg,2019,6
BrowEv00,Evan Brown,nyg,2019,0
BucaDe00,Deone Bucannon,nyg,2019,2
CartLo01,Lorenzo Carter,nyg,2019,5
ChanSe00,Sean Chandler,nyg,2019,1
ConnRy00,Ryan Connelly,nyg,2019,2
CoreCo00,Cody Core,nyg,2019,0
DaviTa00,Tae Davis,nyg,2019,1
DeOsZa99,Zak DeOssie,nyg,2019,1
DickGa00,Garrett Dickerson,nyg,2019,0
DixoRi00,Riley Dixon,nyg,2019,2
DownDe00,Devante Downs,nyg,2019,0
ElliRh00,Rhett Ellison,nyg,2019,1
EngrEv00,Evan Engram,nyg,2019,4
FowlBe00,Bennie Fowler,nyg,2019,2
GallWa00,Wayne Gallman,nyg,2019,1
GateNi00,Nick Gates,nyg,2019,2
GaulRa00,Rashaan Gaulden,nyg,2019,0
GoldMa00,Markus Golden,nyg,2019,8
HalaJo00,Jon Halapio,nyg,2019,7
HaleGr00,Grant Haley,nyg,2019,2
HamiAn01,Antonio Hamilton,nyg,2019,1
HernWi00,Will Hernandez,nyg,2019,8
HillB.00,B.J. Hill,nyg,2019,3
HillJo03,Jon Hilliman,nyg,2019,1
HolbCo00,Colin Holba,nyg,2019,0
JenkJa03,Jackrabbit Jenkins,nyg,2019,5
JoneDa05,Daniel Jones,nyg,2019,9
JoneT.00,T.J. Jones,nyg,2019,0
LatiCo00,Cody Latimer,nyg,2019,2
LawrDe03,Dexter Lawrence,nyg,2019,7
LoveJu00,Julian Love,nyg,2019,2
MannEl00,Eli Manning,nyg,2019,3
MartKa00,Kareem Martin,nyg,2019,0
MayoDa00,David Mayo,nyg,2019,6
McInR.00,R.J. McIntosh,nyg,2019,1
OgleAl00,Alec Ogletree,nyg,2019,6
PeacCh00,Chris Peace,nyg,2019,0
PennEl00,Elijhaa Penny,nyg,2019,0
PeppJa00,Jabrill Peppers,nyg,2019,4
PierOl00,Olsen Pierre,nyg,2019,1
PullSp00,Spencer Pulley,nyg,2019,1
RemmMi00,Mike Remmers,nyg,2019,7
RosaAl00,Aldrick Rosas,nyg,2019,1
ScotDa02,Da'Mari Scott,nyg,2019,0
ShepRu00,Russell Shepard,nyg,2019,0
ShepSt00,Sterling Shepard,nyg,2019,5
SimoSc00,Scott Simonson,nyg,2019,0
SkipTu00,Tuzar Skipper,nyg,2019,1
SlayDa01,Darius Slayton,nyg,2019,6
SmitEr00,Eric Smith,nyg,2019,0
SmitKa00,Kaden Smith,nyg,2019,2
SoldNa00,Nate Solder,nyg,2019,8
StupNa01,Nathan Stupar,nyg,2019,1
TannAl00,Alex Tanney,nyg,2019,0
TateGo00,Golden Tate,nyg,2019,5
TauaJo00,Josiah Tauaefa,nyg,2019,1
ThomMi02,Michael Thomas,nyg,2019,1
TomlDa00,Dalvin Tomlinson,nyg,2019,7
TomlEr01,Eric Tomlinson,nyg,2019,0
WaltAu00,Austin Walter,nyg,2019,0
WillLe02,Leonard Williams,nyg,2019,3
XimiOs00,Oshane Ximines,nyg,2019,2
ZeitKe00,Kevin Zeitler,nyg,2019,7
AlleBr00,Brandon Allen,den,2019,2
AttaJe00,Jeremiah Attaochu,den,2019,4
BailQu00,Quinn Bailey,den,2019,0
BausDe00,De'Vante Bausby,den,2019,1
BeckAn01,Andrew Beck,den,2019,1
BierKe00,Keishawn Bierria,den,2019,0
BollGa00,Garett Bolles,den,2019,6
BookDe00,Devontae Booker,den,2019,1
BrowFr01,Fred Brown,den,2019,0
ChubBr00,Bradley Chubb,den,2019,2
CracRi00,River Cracraft,den,2019,0
DaviTo01,Todd Davis,den,2019,8
DawsDu00,Duke Dawson,den,2019,2
FantNo00,Noah Fant,den,2019,4
FlacJo00,Joe Flacco,den,2019,5
FreeRo00,Royce Freeman,den,2019,5
FumaTr00,Troy Fumagalli,den,2019,0
GoodAh00,Ahmad Gooden,den,2019,0
GotsAd00,Adam Gotsis,den,2019,2
HamiDa01,DaeSean Hamilton,den,2019,2
HarrCh01,Chris Harris Jr.,den,2019,6
HarrDa05,Davontae Harris,den,2019,3
HarrJo05,Jonathan Harris,den,2019,0
HarrSh00,Shelby Harris,den,2019,9
HeueJe00,Jeff Heuerman,den,2019,1
HoldAl01,Alijah Holder,den,2019,0
HollJu00,Justin Hollins,den,2019,1
JackKa99,Kareem Jackson,den,2019,6
JameJa01,Ja'Wuan James,den,2019,1
JanoAn00,Andy Janovich,den,2019,0
JeweJo00,Josey Jewell,den,2019,3
JohnAl01,Alexander Johnson,den,2019,7
JoneDr00,Dre'Mont Jones,den,2019,2
JoneJo05,Joseph Jones,den,2019,1
KreiCa00,Casey Kreiter,den,2019,1
LearRo00,Ronald Leary,den,2019,5
LindPh00,Phillip Lindsay,den,2019,8
LockDr00,Drew Lock,den,2019,3
MarsTr00,Trey Marshall,den,2019,2
McGoCo00,Connor McGovern,den,2019,6
McMaBr01,Brandon McManus,den,2019,5
MillVo00,Von Miller,den,2019,11
MorrPa00,Patrick Morris,den,2019,0
NelsCo00,Corey Nelson,den,2019,1
ParkWi01,Will Parks,den,2019,3
PatrTi00,Tim Patrick,den,2019,2
PekoKy00,Kyle Peko,den,2019,0
PurcMi00,Mike Purcell,den,2019,5
ReedMa01,Malik Reed,den,2019,5
RisnDa00,Dalton Risner,den,2019,6
RodgJa03,Jake Rodgers,den,2019,1
SandEm00,Emmanuel Sanders,den,2019,3
SchlAu00,Austin Schlottmann,den,2019,2
SensCo00,Coty Sensabaugh,den,2019,0
SimmJu00,Justin Simmons,den,2019,12
SizeDe00,Deyon Sizer,den,2019,0
SpenDi00,Diontae Spencer,den,2019,0
SuttCo00,Courtland Sutton,den,2019,9
WadmCo00,Colby Wadman,den,2019,2
WalkDe03,DeMarcus Walker,den,2019,2
WatsJo00,Josh Watson,den,2019,1
WilkEl00,Elijah Wilkinson,den,2019,5
WinfJu00,Juwann Winfree,den,2019,0
WolfDe00,Derek Wolfe,den,2019,7
YiadIs00,Isaac Yiadom,den,2019,4
AnkoEl00,Eli Ankou,cle,2019,1
AverGe00,Genard Avery,cle,2019,0
BeckOd00,Odell Beckham Jr.,cle,2019,9
BitoJo00,Joel Bitonio,cle,2019,11
BrowPh01,Pharaoh Brown,cle,2019,0
BryaBr00,Brandin Bryant,cle,2019,0
BurnMo99,Morgan Burnett,cle,2019,3
BurrJu00,Juston Burris,cle,2019,4
CallAn00,Antonio Callaway,cle,2019,1
CarlSt00,Stephen Carlson,cle,2019,0
CarrTr00,T.J. Carrie,cle,2019,3
ChubNi00,Nick Chubb,cle,2019,12
CorbAu00,Austin Corbett,cle,2019,0
CoxxBr01,Bryan Cox Jr.,cle,2019,1
DaviTa00,Tae Davis,cle,2019,1
EkuaDa00,Daniel Ekuale,cle,2019,1
ForbDr00,Drew Forbes,cle,2019,0
GarrMy00,Myles Garrett,cle,2019,5
GilbGa01,Garrett Gilbert,cle,2019,0
GillJa00,Jamie Gillan,cle,2019,2
GustPo01,Porter Gustin,cle,2019,1
HarrDe03,Demetrius Harris,cle,2019,1
HarvWi00,Willie Harvey,cle,2019,0
HassJT00,J.T. Hassell,cle,2019,0
HiggRa00,Rashard Higgins,cle,2019,0
HillDo00,Dontrell Hilliard,cle,2019,1
HodgKh00,KhaDarel Hodge,cle,2019,1
HubbCh00,Chris Hubbard,cle,2019,6
HughCh01,Charley Hughlett,cle,2019,1
HuntKa00,Kareem Hunt,cle,2019,3
JackRo00,Robert Jackson,cle,2019,0
JeffMa00,Malik Jefferson,cle,2019,1
JohnDE04,D'Ernest Johnson,cle,2019,1
KirkCh00,Christian Kirksey,cle,2019,1
KushEr00,Eric Kush,cle,2019,4
LammKe00,Kendall Lamm,cle,2019,1
LandJa00,Jarvis Landry,cle,2019,10
LawrDe02,Devaroe Lawrence,cle,2019,2
MayfBa00,Baker Mayfield,cle,2019,11
McCrJu00,Justin McCray,cle,2019,3
McCrRo00,Rob McCray,cle,2019,0
MitcTe00,Terrance Mitchell,cle,2019,2
MurrEr00,Eric Murray,cle,2019,2
NjokDa00,David Njoku,cle,2019,0
OgunLa00,Larry Ogunjobi,cle,2019,7
RandDa00,Damarious Randall,cle,2019,4
RatlDa00,Damion Ratley,cle,2019,2
RedwSh00,Sheldrick Redwine,cle,2019,2
RichSh00,Sheldon Richardson,cle,2019,8
RobiGr01,Greg Robinson,cle,2019,6
SchoJo00,Joe Schobert,cle,2019,9
SealRi00,Ricky Seals-Jones,cle,2019,2
SeibAu00,Austin Seibert,cle,2019,3
SmitCh03,Chris Smith,cle,2019,1
TakiSi00,Sione Takitaki,cle,2019,2
GlanAd00,Adarius Taylor,cle,2019,1
TaylTa00,Taywan Taylor,cle,2019,0
TellWy00,Wyatt Teller,cle,2019,4
ThomCh06,Chad Thomas,cle,2019,5
ThomTa01,Tavierre Thomas,cle,2019,1
TretJC00,J.C. Tretter,cle,2019,7
VernOl00,Olivier Vernon,cle,2019,5
WardDe02,Denzel Ward,cle,2019,5
WhitJe02,Jermaine Whitehead,cle,2019,3
WillGr00,Greedy Williams,cle,2019,4
WilsMa03,Mack Wilson,cle,2019,7
ZimmJu00,Justin Zimmer,cle,2019,0
AdamMa00,Matthew Adams,clt,2019,2
AlieMo00,Mo Alie-Cox,clt,2019,1
AndrJo01,Josh Andrews,clt,2019,0
AutrDe00,Denico Autry,clt,2019,6
BanoBe00,Ben Banogu,clt,2019,1
BoddBr01,Briean Boddy-Calhoun,clt,2019,0
BrisJa00,Jacoby Brissett,clt,2019,10
CainDe00,Deon Cain,clt,2019,0
CampPa00,Parris Campbell,clt,2019,1
CastAn00,Anthony Castonzo,clt,2019,8
ColeTr01,Trevon Coley,clt,2019,1
DaviCa01,Carl Davis,clt,2019,0
DesiPi00,Pierre Desir,clt,2019,4
DoylJa00,Jack Doyle,clt,2019,4
DuliAs00,Ashton Dulin,clt,2019,0
EbroEr00,Eric Ebron,clt,2019,3
FranZa00,Zaire Franklin,clt,2019,1
FuncDe00,Devin Funchess,clt,2019,0
GeatCl00,Clayton Geathers,clt,2019,4
GlowMa00,Mark Glowinski,clt,2019,8
HaegJo00,Joe Haeg,clt,2019,1
HiltT.00,T.Y. Hilton,clt,2019,4
HineNy00,Nyheim Hines,clt,2019,6
HookMa00,Malik Hooker,clt,2019,5
HousJu00,Justin Houston,clt,2019,8
HoyeBr00,Brian Hoyer,clt,2019,1
HuntMa00,Margus Hunt,clt,2019,3
InmaDo00,Dontrelle Inman,clt,2019,0
JohnMa07,Marcus Johnson,clt,2019,2
KellRy00,Ryan Kelly,clt,2019,10
LengMa00,Matt Lengel,clt,2019,0
LeonDa00,Shaquille Leonard,clt,2019,12
LewiRy01,Ryan Lewis,clt,2019,0
LewiTy00,Tyquan Lewis,clt,2019,1
MackMa00,Marlon Mack,clt,2019,8
McLaCh00,Chase McLaughlin,clt,2019,1
MillRo03,Rolan Milligan,clt,2019,1
MoorKe03,Kenny Moore,clt,2019,4
MoorSk00,Skai Moore,clt,2019,0
MuhaAl00,Al-Quadin Muhammad,clt,2019,3
NelsQu00,Quenton Nelson,clt,2019,15
OdumGe00,George Odum,clt,2019,1
OkerBo00,Bobby Okereke,clt,2019,4
PascZa00,Zach Pascal,clt,2019,6
RhodLu00,Luke Rhodes,clt,2019,2
RogeCh02,Chester Rogers,clt,2019,2
SancRi00,Rigoberto Sanchez,clt,2019,2
SheaJa00,Jabaal Sheard,clt,2019,5
SmitBr06,Braden Smith,clt,2019,8
SpeeEJ00,E.J. Speed,clt,2019,1
StewGr00,Grover Stewart,clt,2019,5
TaylSh00,Shakial Taylor,clt,2019,0
TellMa00,Marvell Tell III,clt,2019,1
TravRo00,Ross Travis,clt,2019,0
TuraKe00,Kemoko Turay,clt,2019,0
vinatada01,Adam Vinatieri,clt,2019,0
WalkAn01,Anthony Walker,clt,2019,7
WardJi02,Jihad Ward,clt,2019,0
WilkJo01,Jordan Wilkins,clt,2019,2
WillCh05,Chad Williams,clt,2019,0
WillJo07,Jonathan Williams,clt,2019,2
WillKh00,Khari Willis,clt,2019,3
WilsQu01,Quincy Wilson,clt,2019,0
Ya-SRo00,Rock Ya-Sin,clt,2019,5
BateDa00,Daren Bates,oti,2019,1
BlasKh00,Khari Blasingame,oti,2019,0
BrinBe00,Beau Brinkley,oti,2019,1
BrocTr00,Tramaine Brock,oti,2019,1
BrowAJ00,A.J. Brown,oti,2019,10
BrowJa06,Jayon Brown,oti,2019,8
ButlMa01,Malcolm Butler,oti,2019,4
ByarKe01,Kevin Byard,oti,2019,7
CaseJu00,Jurrell Casey,oti,2019,11
ConkJa00,Jack Conklin,oti,2019,8
CorrKa00,Kamalei Correa,oti,2019,4
CruiDa00,Dane Cruikshank,oti,2019,1
DaviCo03,Corey Davis,oti,2019,5
DaviNa01,Nate Davis,oti,2019,6
DaviRa01,Rashard Davis,oti,2019,0
DawkDa01,Dalyn Dawkins,oti,2019,0
DickMa00,Matt Dickerson,oti,2019,0
DougJa00,Jamil Douglas,oti,2019,3
EvanRa01,Rashaan Evans,oti,2019,9
FincSh00,Sharif Finch,oti,2019,2
FirkAn00,Anthony Firkser,oti,2019,2
FlueDa00,David Fluellen,oti,2019,0
GilbRe01,Reggie Gilbert,oti,2019,3
HarrNi00,Nigel Harris,oti,2019,0
HenrDe00,Derrick Henry,oti,2019,13
HollCo00,Cody Hollister,oti,2019,0
HookAm00,Amani Hooker,oti,2019,1
HumpAd00,Adam Humphries,oti,2019,3
IvieJo00,Joey Ivie,oti,2019,0
JackAd00,Adoree' Jackson,oti,2019,3
JennDa00,Darius Jennings,oti,2019,0
JohnAu01,Austin Johnson,oti,2019,2
JoneBe01,Ben Jones,oti,2019,8
JoneDa04,DaQuan Jones,oti,2019,8
JoseGr00,Greg Joseph,oti,2019,0
KaluJo00,Joshua Kalu,oti,2019,0
KellDe00,Dennis Kelly,oti,2019,3
KernBr20,Brett Kern,oti,2019,3
LandHa00,Harold Landry,oti,2019,9
LewaTa00,Taylor Lewan,oti,2019,6
LewiDi00,Dion Lewis,oti,2019,3
LongDa04,David Long,oti,2019,1
MackIs00,Isaiah Mack,oti,2019,2
MariMa01,Marcus Mariota,oti,2019,5
MiltCh00,Christopher Milton,oti,2019,0
OrrxKa00,Kareem Orr,oti,2019,0
ParkCo03,Cody Parkey,oti,2019,1
PruiMy00,MyCole Pruitt,oti,2019,1
QuesDa00,David Quessenberry,oti,2019,0
RaymKa00,Kalif Raymond,oti,2019,1
RobeDe01,Derick Roberson,oti,2019,1
RyanLo00,Logan Ryan,oti,2019,7
SaffRo20,Rodger Saffold,oti,2019,8
SantCa01,Cairo Santos,oti,2019,0
SantRy00,Ryan Santoso,oti,2019,0
SharTa00,Tajae Sharpe,oti,2019,3
SimmJe01,Jeffery Simmons,oti,2019,4
SimsLe00,LeShaun Sims,oti,2019,2
SmitJo01,Jonnu Smith,oti,2019,4
SmitRo06,Rod Smith,oti,2019,0
SmitTy01,Tye Smith,oti,2019,1
StinAa00,Aaron Stinnie,oti,2019,0
SuccRy44,Ryan Succop,oti,2019,-1
TannRy00,Ryan Tannehill,oti,2019,11
UrbaBr00,Brent Urban,oti,2019,0
VaccKe00,Kenny Vaccaro,oti,2019,6
WakeCa00,Cameron Wake,oti,2019,1
WalkHu00,Delanie Walker,oti,2019,2
WoodWe20,Wesley Woodyard,oti,2019,2
AdamJa00,Jamal Adams,nyj,2019,14
AdamJo03,Josh Adams,nyj,2019,0
AndeHe00,Henry Anderson,nyj,2019,6
AustBl00,Blessuan Austin,nyj,2019,2
BashTa00,Tarell Basham,nyj,2019,3
BeacKe00,Kelvin Beachum,nyj,2019,4
BellLe00,Le'Veon Bell,nyj,2019,5
BellJo02,Josh Bellamy,nyj,2019,0
BellB.00,B.J. Bello,nyj,2019,1
BerrBr00,Braxton Berrios,nyj,2019,1
BradBe00,Ben Braden,nyj,2019,0
BrowDa04,Daniel Brown,nyj,2019,0
BrowKy00,Kyron Brown,nyj,2019,1
BurgJa01,James Burgess,nyj,2019,6
CanaMa00,Maurice Canady,nyj,2019,1
CannTr00,Trenton Cannon,nyj,2019,0
CashBl00,Blake Cashman,nyj,2019,3
AndeRo04,Robbie Chosen,nyj,2019,5
CompTo00,Tom Compton,nyj,2019,2
CopeBr00,Brandon Copeland,nyj,2019,3
CounBl00,Blake Countess,nyj,2019,0
CrowJa00,Jamison Crowder,nyj,2019,5
DarnSa00,Sam Darnold,nyj,2019,6
EdogCh00,Chuma Edoga,nyj,2019,3
EdwaLa01,Lac Edwards,nyj,2019,3
EnunQu00,Quincy Enunwa,nyj,2019,0
FaleDa00,David Fales,nyj,2019,0
FalkLu00,Luke Falk,nyj,2019,1
FarlMa00,Matthias Farley,nyj,2019,1
FatuFo00,Folorunso Fatukasi,nyj,2019,2
FickSa00,Sam Ficken,nyj,2019,2
GrifRy00,Ryan Griffin,nyj,2019,2
HairNa00,Nate Hairston,nyj,2019,3
HarrJo03,Jonotthan Harrison,nyj,2019,4
HennTh00,Thomas Hennessy,nyj,2019,1
HernCh00,Chris Herndon,nyj,2019,0
HewiNe00,Neville Hewitt,nyj,2019,7
JackBe00,Bennett Jackson,nyj,2019,0
JenkJo01,Jordan Jenkins,nyj,2019,7
JohnTr05,Trumaine Johnson,nyj,2019,2
KaliRy20,Ryan Kalil,nyj,2019,2
KaufBr01,Bronson Kaufusi,nyj,2019,1
LangHa00,Harvey Langi,nyj,2019,2
LewiAl01,Alex Lewis,nyj,2019,4
LuvuFr00,Frankie Luvu,nyj,2019,1
MaloJo00,Josh Malone,nyj,2019,0
MaulAr00,Arthur Maulet,nyj,2019,3
MayeMa00,Marcus Maye,nyj,2019,6
McClAl00,Albert McClellan,nyj,2019,0
McDeCo00,Conor McDermott,nyj,2019,1
McLeSt00,Steve McLendon,nyj,2019,8
MileRo00,Rontez Miles,nyj,2019,0
MontTy01,Ty Montgomery,nyj,2019,1
MoslC.00,C.J. Mosley,nyj,2019,2
OsemKe00,Kelechi Osemele,nyj,2019,1
PhilKy00,Kyle Phillips,nyj,2019,4
PoolBr01,Brian Poole,nyj,2019,5
PoweBi00,Bilal Powell,nyj,2019,1
QvalBr01,Brent Qvale,nyj,2019,1
RobeDa00,Darryl Roberts,nyj,2019,4
ShelBr00,Brandon Shell,nyj,2019,4
ShepNa00,Nathan Shepherd,nyj,2019,1
SiemTr00,Trevor Siemian,nyj,2019,0
SmitJe03,Jeff Smith,nyj,2019,0
SmitVy00,Vyncint Smith,nyj,2019,2
ThomDe03,Demaryius Thomas,nyj,2019,3
VedvKa00,Kaare Vedvik,nyj,2019,-1
WescTr00,Trevon Wesco,nyj,2019,0
WillLe02,Leonard Williams,nyj,2019,3
WillQu00,Quinnen Williams,nyj,2019,5
WillJo09,Jordan Willis,nyj,2019,1
WintBr00,Brian Winters,nyj,2019,3
WorrPa00,Paul Worrilow,nyj,2019,0
AdamJe01,Jerell Adams,htx,2019,0
AdamMi21,Mike Adams,htx,2019,0
AdamTy00,Tyrell Adams,htx,2019,1
AddaJa00,Jahleel Addae,htx,2019,2
AkinJo00,Jordan Akins,htx,2019,4
AngeBr00,Bryan Anger,htx,2019,2
ArmsCo00,Cornell Armstrong,htx,2019,0
BlacAn00,Angelo Blackson,htx,2019,6
BoddBr01,Briean Boddy-Calhoun,htx,2019,0
CartDe02,DeAndre Carter,htx,2019,2
ClarCh21,Chris Clark,htx,2019,4
ColeDy00,Dylan Cole,htx,2019,1
ColvAa00,Aaron Colvin,htx,2019,0
ConlGa00,Gareon Conley,htx,2019,2
CoutKe00,Keke Coutee,htx,2019,2
CrawXa00,Xavier Crawford,htx,2019,0
CrosKe00,Keion Crossen,htx,2019,1
CunnZa00,Zach Cunningham,htx,2019,8
DaniTr00,Trevor Daniel,htx,2019,0
DunnBr00,Brandon Dunn,htx,2019,3
FairKa01,Ka'imi Fairbairn,htx,2019,3
FellDa01,Darren Fells,htx,2019,3
FullWi01,Will Fuller,htx,2019,6
FultZa00,Zach Fulton,htx,2019,8
GainPh00,Phillip Gaines,htx,2019,1
GillCu00,Cullen Gillaspia,htx,2019,0
GipsTa00,Tashaun Gipson,htx,2019,5
HargVe00,Vernon Hargreaves III,htx,2019,1
HeatJo00,Joel Heath,htx,2019,0
HendSe00,Seantrel Henderson,htx,2019,1
HopkDe00,DeAndre Hopkins,htx,2019,11
HowaTy00,Tytus Howard,htx,2019,4
HoweGr00,Buddy Howell,htx,2019,0
HydeCa00,Carlos Hyde,htx,2019,8
JohnDu00,Duke Johnson,htx,2019,7
JohnLo01,Lonnie Johnson Jr.,htx,2019,3
JohnRo06,Roderick Johnson,htx,2019,3
JoneTa00,Taiwan Jones,htx,2019,0
JoseJo20,Johnathan Joseph,htx,2019,4
KalaPe00,Peter Kalambayi,htx,2019,1
KeleSe00,Senio Kelemete,htx,2019,1
MancGr00,Greg Mancz,htx,2019,1
MartJa02,Jacob Martin,htx,2019,1
MartNi00,Nick Martin,htx,2019,9
McCaA.00,A.J. McCarron,htx,2019,1
McKiBe00,Benardrick McKinney,htx,2019,6
MercWh00,Whitney Mercilus,htx,2019,7
MingBa00,Barkevious Mingo,htx,2019,1
MitcSt02,Steven Mitchell,htx,2019,0
MoorA.00,A.J. Moore,htx,2019,1
OmenCh00,Charles Omenihu,htx,2019,1
OwenJo01,Jonathan Owens,htx,2019,0
ReadD.00,D.J. Reader,htx,2019,6
ReidJu00,Justin Reid,htx,2019,5
RobyBr00,Bradley Roby,htx,2019,4
ScarBr00,Brennan Scarlett,htx,2019,5
SchaMa01,Max Scharping,htx,2019,8
SkipDa00,Dan Skipper,htx,2019,0
StilKe00,Kenny Stills,htx,2019,5
ThomJo05,Jordan Thomas,htx,2019,0
TunsLa00,Laremy Tunsil,htx,2019,10
VandEd00,Eddie Vanderdoes,htx,2019,0
WatkCa00,Carlos Watkins,htx,2019,2
WatsDe00,Deshaun Watson,htx,2019,16
WattJ.00,J.J. Watt,htx,2019,4
WeekJo00,Jon Weeks,htx,2019,1
AchoSa00,Sam Acho,tam,2019,1
AdamAn00,Andrew Adams,tam,2019,4
AlleBe00,Beau Allen,tam,2019,1
AuclAn00,Antony Auclair,tam,2019,0
BarbPe01,Peyton Barber,tam,2019,4
BarrSh00,Shaquil Barrett,tam,2019,13
BeneCa00,Caleb Benenoch,tam,2019,0
BondDe00,Devante Bond,tam,2019,0
BratCa00,Cameron Brate,tam,2019,2
BucaDe00,Deone Bucannon,tam,2019,1
CappAl00,Alex Cappa,tam,2019,7
CichJa00,Jack Cichy,tam,2019,0
DaniKa00,Kahzin Daniels,tam,2019,0
DaviLa00,Lavonte David,tam,2019,8
DaviCa02,Carlton Davis,tam,2019,5
DawkNo00,Noah Dawkins,tam,2019,1
DeanJa00,Jamel Dean,tam,2019,2
DotsDe00,Demar Dotson,tam,2019,8
EdwaMi01,Mike Edwards,tam,2019,3
EvanMi00,Mike Evans,tam,2019,9
FranJo04,John Franklin,tam,2019,0
GayxMa00,Matt Gay,tam,2019,3
GholWi00,William Gholston,tam,2019,4
GodwCh00,Chris Godwin,tam,2019,10
GrayCy01,Cyril Grayson,tam,2019,0
GrifRy01,Ryan Griffin,tam,2019,0
HargVe00,Vernon Hargreaves III,tam,2019,4
HarrDe06,Demone Harris,tam,2019,0
HawkJe00,Jerald Hawkins,tam,2019,0
HowaO.00,O.J. Howard,tam,2019,4
HudsTa00,Tanner Hudson,tam,2019,0
HymaIs00,Ishmael Hyman,tam,2019,0
JensRy00,Ryan Jensen,tam,2019,8
JoneRo01,Ronald Jones II,tam,2019,7
LogaT.00,T.J. Logan,tam,2019,0
MarpAl00,Ali Marpet,tam,2019,8
McElCo00,Codey McElroy,tam,2019,0
MickJa01,Jaydon Mickens,tam,2019,0
MillSc01,Scott Miller,tam,2019,2
MintKe00,Kevin Minter,tam,2019,2
BuntSe00,Sean Murphy-Bunting,tam,2019,4
NassCa00,Carl Nassib,tam,2019,4
NelsAn01,Anthony Nelson,tam,2019,1
NuneRa00,Rakeem Nunez-Roches,tam,2019,1
OConPa00,Pat O'Connor,tam,2019,1
OgunDa00,Dare Ogunbowale,tam,2019,2
PerrBr02,Breshad Perriman,tam,2019,5
PierJa99,Jason Pierre-Paul,tam,2019,4
PiniBr00,Bradley Pinion,tam,2019,2
SchnSp00,Spencer Schnell,tam,2019,0
SmitDo02,Donovan Smith,tam,2019,8
SmitRy00,Ryan Smith,tam,2019,1
StewDa00,Darian Stewart,tam,2019,1
StewM.00,M.J. Stewart,tam,2019,1
StinAa00,Aaron Stinnie,tam,2019,0
SuhxNd99,Ndamukong Suh,tam,2019,9
TrinZa00,Zach Triner,tam,2019,1
VeaxVi00,Vita Vea,tam,2019,7
WatfEa00,Earl Watford,tam,2019,3
WatsJu01,Justin Watson,tam,2019,1
WellJo02,Josh Wells,tam,2019,2
WhitDe02,Devin White,tam,2019,8
WhitJo03,Jordan Whitehead,tam,2019,5
WilkMa00,Mazzi Wilkins,tam,2019,0
WilsJe00,Bobo Wilson,tam,2019,0
WinsJa00,Jameis Winston,tam,2019,15
AikeWa00,Walt Aikens,mia,2019,1
BadeJo00,Johnson Bademosi,mia,2019,0
BakeJe00,Jerome Baker,mia,2019,5
BallKa00,Kalen Ballage,mia,2019,1
BiegVi00,Vince Biegel,mia,2019,3
BoehEv00,Evan Boehm,mia,2019,4
BrooNa00,Nate Brooks,mia,2019,1
BrowEv00,Evan Brown,mia,2019,0
CalhSh01,Shaq Calhoun,mia,2019,3
CarrCo00,Tank Carradine,mia,2019,0
CharTa00,Taco Charlton,mia,2019,2
ColbAd00,Adrian Colbert,mia,2019,2
CoxxCh01,Chandler Cox,mia,2019,0
CrawJa01,James Crawford,mia,2019,0
CrawXa00,Xavier Crawford,mia,2019,0
CrawKe02,Ken Crawley,mia,2019,1
DaveJu00,Julin Davenport,mia,2019,3
DaviJa08,Jamal Davis II,mia,2019,0
DaviJe00,Jesse Davis,mia,2019,6
DaviTr03,Trevor Davis,mia,2019,0
DeitMi00,Michael Deiter,mia,2019,6
DonnAn00,Andrew Donnal,mia,2019,0
DrakKe00,Kenyan Drake,mia,2019,2
EguaSa00,Samuel Eguavoen,mia,2019,2
FitzMi00,Minkah Fitzpatrick,mia,2019,1
FitzRy00,Ryan Fitzpatrick,mia,2019,10
FordIs00,Isaiah Ford,mia,2019,2
GaskMy00,Myles Gaskin,mia,2019,1
GesiMi00,Mike Gesicki,mia,2019,4
GodcDa00,Davon Godchaux,mia,2019,5
GranJa00,Jakeem Grant,mia,2019,2
HaacMa00,Matt Haack,mia,2019,2
HarrCh03,Charles Harris,mia,2019,2
HarrTr01,Trent Harris,mia,2019,1
HartMo01,Montre Hartage,mia,2019,0
HayeTa00,Tae Hayes,mia,2019,0
HollMa00,Mack Hollins,mia,2019,0
HowaXa00,Xavien Howard,mia,2019,2
HurnAl01,Allen Hurns,mia,2019,3
IsidDa00,Danny Isidora,mia,2019,1
JenkJo00,John Jenkins,mia,2019,2
JennGa00,Gary Jennings Jr,mia,2019,0
JoneRe99,Reshad Jones,mia,2019,1
KilgDa00,Daniel Kilgore,mia,2019,6
LaceDe00,Deon Lacey,mia,2019,1
LairPa00,Patrick Laird,mia,2019,3
LammCh00,Chris Lammons,mia,2019,1
LedbJo01,Jonathan Ledbetter,mia,2019,0
LewiRy01,Ryan Lewis,mia,2019,2
McCaBo01,Bobby McCain,mia,2019,3
McMiRa02,Raekwon McMillan,mia,2019,3
MiddDo01,Doug Middleton,mia,2019,0
MossAv00,Avery Moss,mia,2019,2
MunsCa00,Calvin Munson,mia,2019,1
NeedNi00,Nik Needham,mia,2019,5
NkemRo00,Robert Nkemdiche,mia,2019,0
OLeaNi00,Nick O'Leary,mia,2019,0
PankAd00,Adam Pankey,mia,2019,0
ParkDe01,DeVante Parker,mia,2019,9
ParkSt00,Steven Parker,mia,2019,3
PeppTa00,Taybor Pepper,mia,2019,1
PeriSa00,Samaje Perine,mia,2019,0
WiltJo01,Jamal Perry,mia,2019,3
PrinIs00,Isaiah Prince,mia,2019,1
ReedCh00,Chris Reed,mia,2019,1
RoseJo01,Josh Rosen,mia,2019,1
RoweEr00,Eric Rowe,mia,2019,6
SandJa00,Jason Sanders,mia,2019,2
SherMa20,Marcus Sherels,mia,2019,1
SielZa00,Zach Sieler,mia,2019,0
SmytDu00,Durham Smythe,mia,2019,0
StepLi00,Linden Stephens,mia,2019,0
SuthKe00,Keaton Sutherland,mia,2019,1
TurnDe01,De'Lance Turner,mia,2019,0
VanGAn00,Andrew Van Ginkel,mia,2019,1
WalfCl00,Clive Walford,mia,2019,0
WaltMa00,Mark Walton,mia,2019,2
WebbJM20,J'Marcus Webb,mia,2019,4
WebsKe00,Ken Webster,mia,2019,2
WilkCh00,Christian Wilkins,mia,2019,5
WillPr01,Preston Williams,mia,2019,3
WillGe02,Gerald Willis,mia,2019,0
WilsAl02,Albert Wilson,mia,2019,3
ZennZa00,Zach Zenner,mia,2019,0
AdenOl00,Olasunkanmi Adeniyi,pit,2019,1
AlleMa03,Marcus Allen,pit,2019,0
AluaTy99,Tyson Alualu,pit,2019,3
BannZa00,Zach Banner,pit,2019,1
BarrMa00,Mark Barron,pit,2019,6
BerrJo00,Jordan Berry,pit,2019,2
BoswCh00,Chris Boswell,pit,2019,5
BrooTo01,Tony Brooks-James,pit,2019,0
BuggIs00,Isaiah Buggs,pit,2019,1
BurnAr00,Artie Burns,pit,2019,1
BushDe01,Devin Bush Jr.,pit,2019,9
CainDe00,Deon Cain,pit,2019,1
CanaKa00,Kameron Canaday,pit,2019,1
ChicAn00,Anthony Chickillo,pit,2019,1
ConnJa00,James Conner,pit,2019,4
DangJo00,Jordan Dangerfield,pit,2019,1
DaviSe00,Sean Davis,pit,2019,0
DeCaDa00,David DeCastro,pit,2019,8
DuprAl00,Bud Dupree,pit,2019,8
EdmuTe00,Terrell Edmunds,pit,2019,6
EdmuTr00,Trey Edmunds,pit,2019,1
ElliJa02,Jayrone Elliott,pit,2019,0
FeilMa00,Matt Feiler,pit,2019,6
FinnB.01,B.J. Finney,pit,2019,2
FitzMi00,Minkah Fitzpatrick,pit,2019,15
FostRa21,Ramon Foster,pit,2019,5
GentZa00,Zach Gentry,pit,2019,0
GilbUl00,Ulysees Gilbert,pit,2019,1
GrimXa00,Xavier Grimble,pit,2019,0
HadeJo99,Joe Haden,pit,2019,11
HargJa00,Javon Hargrave,pit,2019,7
HeywCa01,Cameron Heyward,pit,2019,17
HiltMi01,Mike Hilton,pit,2019,4
HodgDe00,Devlin Hodges,pit,2019,0
HoltJo00,Johnny Holton,pit,2019,0
JohnDi01,Diontae Johnson,pit,2019,6
JoneTe02,Tevin Jones,pit,2019,0
KellKa02,Kameron Kelly,pit,2019,1
LaynJu00,Justin Layne,pit,2019,1
MataTy00,Tyler Matakevich,pit,2019,1
McCuDa00,Daniel McCullers,pit,2019,1
McDoVa00,Vance McDonald,pit,2019,2
MoncDo00,Donte Moncrief,pit,2019,0
NelsSt01,Steven Nelson,pit,2019,6
NixxRo01,Roosevelt Nix,pit,2019,0
OkorCh00,Chukwuma Okorafor,pit,2019,0
PounMa20,Maurkice Pouncey,pit,2019,6
RoetBe00,Ben Roethlisberger,pit,2019,1
RudoMa00,Mason Rudolph,pit,2019,3
SamuJa00,Jaylen Samuels,pit,2019,3
SmitJu00,JuJu Smith-Schuster,pit,2019,4
SnelBe00,Benny Snell Jr.,pit,2019,3
SpilRo00,Robert Spillane,pit,2019,1
SuttCa00,Cameron Sutton,pit,2019,1
SwitRy00,Ryan Switzer,pit,2019,0
TuitSt00,Stephon Tuitt,pit,2019,3
VannNi00,Nick Vannett,pit,2019,1
VillAl00,Alejandro Villanueva,pit,2019,6
WashJa00,James Washington,pit,2019,5
WattT.00,T.J. Watt,pit,2019,14
WhytKe00,Kerrith Whyte Jr,pit,2019,1
WillVi01,Vince Williams,pit,2019,4
AghoNe00,Nelson Agholor,phi,2019,3
AjayJa00,Jay Ajayi,phi,2019,0
ArceJJ00,JJ Arcega-Whiteside,phi,2019,1
AverGe00,Genard Avery,phi,2019,1
BarnDe01,Derek Barnett,phi,2019,7
BradNi00,Nigel Bradham,phi,2019,7
BrooBr00,Brandon Brooks,phi,2019,10
BrowZa00,Zach Brown,phi,2019,3
BurnDe00,Deontay Burnett,phi,2019,0
ClemCo00,Corey Clement,phi,2019,0
CoxxFl00,Fletcher Cox,phi,2019,11
CurrVi00,Vinny Curry,phi,2019,3
CyprJo00,Johnathan Cyprien,phi,2019,0
DarbRo00,Ronald Darby,phi,2019,5
DaviRo00,Robert Davis,phi,2019,0
DillAn00,Andre Dillard,phi,2019,3
DougRa00,Rasul Douglas,phi,2019,3
EdwaTJ02,T.J. Edwards,phi,2019,3
ElliJa03,Jake Elliott,phi,2019,3
ElliAl01,Alex Ellis,phi,2019,0
EppsMa00,Marcus Epps,phi,2019,0
ErtzZa00,Zach Ertz,phi,2019,7
FordRu00,Rudy Ford,phi,2019,1
FortL.00,L.J. Fort,phi,2019,0
GerrNa00,Nathan Gerry,phi,2019,8
GibsSh00,Shelton Gibson,phi,2019,0
GoedDa00,Dallas Goedert,phi,2019,5
GrahBr99,Brandon Graham,phi,2019,9
GrugKa00,Kamu Grugier-Hill,phi,2019,3
HallDa01,Daeshon Hall,phi,2019,1
HectBr00,Bruce Hector,phi,2019,1
HerbNa01,Nate Herbig,phi,2019,0
HollMa00,Mack Hollins,phi,2019,1
HowaJo00,Jordan Howard,phi,2019,3
HuggAl01,Albert Huggins,phi,2019,0
JackDe00,DeSean Jackson,phi,2019,1
JackMa02,Malik Jackson,phi,2019,0
JameCr01,Craig James,phi,2019,1
JeffAl00,Alshon Jeffery,phi,2019,4
JenkMa99,Malcolm Jenkins,phi,2019,6
JernTi00,Timmy Jernigan,phi,2019,4
JohnLa01,Lane Johnson,phi,2019,7
JohnCa02,Cameron Johnston,phi,2019,3
JoneSi00,Sidney Jones,phi,2019,3
KelcJa00,Jason Kelce,phi,2019,14
LeBlCr01,Cre'von LeBlanc,phi,2019,1
LewiRy01,Ryan Lewis,phi,2019,0
LovaRi00,Rick Lovato,phi,2019,3
MaddAv00,Avonte Maddox,phi,2019,3
MattJo00,Jordan Matthews,phi,2019,0
McCoJo01,Josh McCown,phi,2019,0
McLeRo00,Rodney McLeod,phi,2019,7
MillSh00,Shareef Miller,phi,2019,0
MillJa02,Jalen Mills,phi,2019,4
PerkJo02,Joshua Perkins,phi,2019,1
PeteJa21,Jason Peters,phi,2019,6
PryoMa00,Matt Pryor,phi,2019,1
RidgHa00,Hassan Ridgeway,phi,2019,3
RileDu00,Duke Riley,phi,2019,1
RodgRi00,Richard Rodgers,phi,2019,0
RushAn00,Anthony Rush,phi,2019,1
SandMi01,Miles Sanders,phi,2019,8
ScanOr99,Orlando Scandrick,phi,2019,1
ScotBo02,Boston Scott,phi,2019,3
SendAn00,Andrew Sendejo,phi,2019,1
SeumIs00,Isaac Seumalo,phi,2019,7
SingAl00,Alex Singleton,phi,2019,1
SpenAk00,Akeem Spence,phi,2019,1
SproDa00,Darren Sproles,phi,2019,1
SweaJo00,Josh Sweat,phi,2019,2
VaitHa00,Halapoulivaati Vaitai,phi,2019,3
WardGr02,Greg Ward,phi,2019,2
WentCa00,Carson Wentz,phi,2019,12
AdamDa01,Davante Adams,gnb,2019,9
AdamMo00,Montravius Adams,gnb,2019,2
AlexJa00,Jaire Alexander,gnb,2019,6
AlliGe01,Geronimo Allison,gnb,2019,3
AmosAd00,Adrian Amos,gnb,2019,6
BakhDa00,David Bakhtiari,gnb,2019,13
BaylEv00,Evan Baylis,gnb,2019,0
BoylTi00,Tim Boyle,gnb,2019,0
BradHu00,Hunter Bradley,gnb,2019,1
BrowFa00,Fadol Brown,gnb,2019,0
BrowTo01,Tony Brown,gnb,2019,0
BulaBr20,Bryan Bulaga,gnb,2019,8
BurkOr00,Oren Burks,gnb,2019,1
CampIb00,Ibraheim Campbell,gnb,2019,1
CarsTr01,Tra Carson,gnb,2019,0
ClarKe01,Kenny Clark,gnb,2019,12
CrosMa20,Mason Crosby,gnb,2019,5
DaviTr03,Trevor Davis,gnb,2019,0
ErviTy00,Tyler Ervin,gnb,2019,0
FackKy00,Kyler Fackrell,gnb,2019,2
GaryRa00,Rashan Gary,gnb,2019,2
GoodB.00,B.J. Goodson,gnb,2019,5
GrahJi00,Jimmy Graham,gnb,2019,4
GreeRa02,Raven Greene,gnb,2019,0
HollKa00,Ka'dar Hollman,gnb,2019,0
JackJo01,Josh Jackson,gnb,2019,1
JenkEl00,Elgton Jenkins,gnb,2019,7
JoneAa00,Aaron Jones,gnb,2019,12
KekeKi00,Kingsley Keke,gnb,2019,1
KingKe01,Kevin King,gnb,2019,6
KumeJa00,Jake Kumerow,gnb,2019,2
LancTy00,Tyler Lancaster,gnb,2019,6
LazaAl00,Allen Lazard,gnb,2019,4
LewiMa00,Marcedes Lewis,gnb,2019,1
LighAl00,Alex Light,gnb,2019,1
LinsCo00,Corey Linsley,gnb,2019,8
LowrDe00,Dean Lowry,gnb,2019,9
MartBl01,Blake Martinez,gnb,2019,10
PatrLu00,Lucas Patrick,gnb,2019,1
RedmWi00,Will Redmond,gnb,2019,2
RodgAa00,Aaron Rodgers,gnb,2019,14
SavaDa00,Darnell Savage Jr.,gnb,2019,5
ScotJK00,JK Scott,gnb,2019,2
ShepDa00,Darrius Shepherd,gnb,2019,0
SmitPr00,Preston Smith,gnb,2019,9
SmitTr04,Tremon Smith,gnb,2019,0
SmitZa00,Za'Darius Smith,gnb,2019,12
SterJa00,Jace Sternberger,gnb,2019,0
SullCh00,Chandon Sullivan,gnb,2019,1
SummTy00,Ty Summers,gnb,2019,1
TaylLa01,Lane Taylor,gnb,2019,1
TonyRo00,Robert Tonyan,gnb,2019,1
TurnBi00,Billy Turner,gnb,2019,8
ValdMa00,Marquez Valdes-Scantling,gnb,2019,4
VeldJa20,Jared Veldheer,gnb,2019,0
VitaDa00,Danny Vitale,gnb,2019,1
WillDe07,Dexter Williams,gnb,2019,0
WillJa06,Jamaal Williams,gnb,2019,5
WillTi00,Tim Williams,gnb,2019,0
WillTr99,Tramon Williams,gnb,2019,4
AmukPr00,Prince Amukamara,chi,2019,7
AndeAb00,Abdullah Anderson,chi,2019,1
BarsAl01,Alex Bars,chi,2019,0
BondDe00,Devante Bond,chi,2019,0
BrauBe00,Ben Braunecker,chi,2019,0
BurtTr01,Trey Burton,chi,2019,1
BushDe00,Deon Bush,chi,2019,1
ClinHa00,Ha Ha Clinton-Dix,chi,2019,8
CoheTa00,Tarik Cohen,chi,2019,5
CowaRa00,Rashaad Coward,chi,2019,4
DaniCh00,Chase Daniel,chi,2019,1
DaniJa01,James Daniels,chi,2019,6
DaviMi01,Mike Davis,chi,2019,0
FloyLe00,Leonard Floyd,chi,2019,7
FullKy00,Kyle Fuller,chi,2019,10
GabrTa00,Taylor Gabriel,chi,2019,3
GoldEd00,Eddie Goldman,chi,2019,7
HarrJo05,Jonathan Harris,chi,2019,0
HickAk00,Akiem Hicks,chi,2019,3
HoltJ.01,J.P. Holtz,chi,2019,1
HorsJe00,Jesper Horsted,chi,2019,1
HousDe00,DeAndre Houston-Carson,chi,2019,1
IrviIs00,Isaiah Irving,chi,2019,1
IyieJo00,Joel Iyiegbuniwe,chi,2019,1
JackEd01,Eddie Jackson,chi,2019,10
KwiaNi00,Nick Kwiatkoski,chi,2019,6
LarsTe20,Ted Larsen,chi,2019,1
LenoCh00,Charles Leno Jr.,chi,2019,6
LongKy00,Kyle Long,chi,2019,1
LucaCo01,Cornelius Lucas,chi,2019,3
LyncAa00,Aaron Lynch,chi,2019,1
MackKh00,Khalil Mack,chi,2019,11
MassBo00,Bobby Massie,chi,2019,3
McMaSh99,Sherrick McManis,chi,2019,1
MillAn02,Anthony Miller,chi,2019,5
MontDa01,David Montgomery,chi,2019,6
NallRy00,Ryan Nall,chi,2019,0
NichBi00,Bilal Nichols,chi,2019,6
ODonPa00,Pat O'Donnell,chi,2019,2
PattCo00,Cordarrelle Patterson,chi,2019,2
PierKe00,Kevin Pierre-Louis,chi,2019,3
PineEd00,Eddy Pineiro,chi,2019,2
RidlRi00,Riley Ridley,chi,2019,1
RobeRo00,Roy Robertson-Harris,chi,2019,5
RobiAl02,Allen Robinson,chi,2019,9
SaubEr00,Eric Saubert,chi,2019,0
ScalPa00,Patrick Scales,chi,2019,1
ShahAd00,Adam Shaheen,chi,2019,1
ShelDu00,Duke Shelley,chi,2019,1
SkriBu00,Buster Skrine,chi,2019,3
SmitRo07,Roquan Smith,chi,2019,7
SoweBr00,Bradley Sowell,chi,2019,1
ToliKe00,Kevin Toliver,chi,2019,1
TrevDa00,Danny Trevathan,chi,2019,5
TrubMi00,Mitchell Trubisky,chi,2019,8
UrbaBr00,Brent Urban,chi,2019,1
VaugJa01,James Vaughters,chi,2019,0
WhitCo03,Cody Whitehair,chi,2019,6
WillNi01,Nick Williams,chi,2019,5
WimsJa00,Javon Wims,chi,2019,1
WoodJo02,Josh Woods,chi,2019,1
ArmsDo00,Dorance Armstrong Jr.,dal,2019,2
ArmsRa01,Ray-Ray Armstrong,dal,2019,0
AustTa00,Tavon Austin,dal,2019,2
AwuzCh00,Chidobe Awuzie,dal,2019,6
BennMi99,Michael Bennett,dal,2019,2
BrowAn02,Anthony Brown,dal,2019,2
BryaVe00,Ventell Bryant,dal,2019,0
BurtDe00,Deante Burton,dal,2019,0
ChunJo00,Jordan Chunn,dal,2019,0
CobbRa00,Randall Cobb,dal,2019,7
CollLa01,La'el Collins,dal,2019,8
CollMa00,Maliek Collins,dal,2019,8
CoopAm00,Amari Cooper,dal,2019,9
CoviCh01,Chris Covington,dal,2019,0
CoviCh00,Christian Covington,dal,2019,4
CrawTy00,Tyrone Crawford,dal,2019,1
ElliEz00,Ezekiel Elliott,dal,2019,11
FlemCa00,Cameron Fleming,dal,2019,3
ForbKa00,Kai Forbath,dal,2019,2
FrazKa00,Kavon Frazier,dal,2019,0
FredTr00,Travis Frederick,dal,2019,11
GallMi00,Michael Gallup,dal,2019,9
GiffLu00,Luke Gifford,dal,2019,0
GoodC.00,C.J. Goodwin,dal,2019,1
HeatJe00,Jeff Heath,dal,2019,5
HillTr00,Trysten Hill,dal,2019,1
HydeKe01,Kerry Hyder,dal,2019,2
JackJo02,Joe Jackson,dal,2019,0
JarwBl00,Blake Jarwin,dal,2019,3
JoneBy00,Byron Jones,dal,2019,5
JoneCh02,Chris Jones,dal,2019,1
JoneJo06,Josh Jones,dal,2019,0
KnigBr01,Brandon Knight,dal,2019,1
LadoL.20,L.P. Ladouceur,dal,2019,1
LawrDe00,DeMarcus Lawrence,dal,2019,9
LeexSe99,Sean Lee,dal,2019,7
LewiJo01,Jourdan Lewis,dal,2019,4
LoonJo01,Joe Looney,dal,2019,2
MaheBr01,Brett Maher,dal,2019,0
MarcJu00,Justin March,dal,2019,1
MartZa00,Zack Martin,dal,2019,17
OlawJa00,Jamize Olawale,dal,2019,0
OlumDo00,Donovan Olumba,dal,2019,0
PollTo00,Tony Pollard,dal,2019,3
PresDa01,Dak Prescott,dal,2019,15
QuinRo00,Robert Quinn,dal,2019,8
RushCo00,Cooper Rush,dal,2019,0
SchuDa00,Dalton Schultz,dal,2019,0
SmitDe04,Devin Smith,dal,2019,1
SmitJa05,Jaylon Smith,dal,2019,12
SmitMa02,Malcolm Smith,dal,2019,1
SmitTy00,Tyron Smith,dal,2019,9
Sua-Xa00,Xavier Su'a-Filo,dal,2019,3
ThomJo04,Joe Thomas,dal,2019,2
ThomDa05,Darian Thompson,dal,2019,2
VandLe00,Leighton Vander Esch,dal,2019,5
WillCo00,Connor Williams,dal,2019,6
WilsCe01,Cedrick Wilson Jr.,dal,2019,0
WilsDo01,Donovan Wilson,dal,2019,1
WittJa00,Jason Witten,dal,2019,4
WoodAn02,Antwaun Woods,dal,2019,5
WoodXa00,Xavier Woods,dal,2019,6
AlleZa01,Zach Allen,crd,2019,1
ArnoDa00,Dan Arnold,crd,2019,1
BakeBu00,Budda Baker,crd,2019,6
BanjCh00,Chris Banjo,crd,2019,1
BierKe00,Keishawn Bierria,crd,2019,0
BrewAa00,Aaron Brewer,crd,2019,1
BrocTr00,Tramaine Brock,crd,2019,2
BrowMi01,Miles Brown,crd,2019,1
BullJo00,Jonathan Bullard,crd,2019,2
ByrdDa00,Damiere Byrd,crd,2019,3
ClayCh00,Charles Clay,crd,2019,2
ColeMa02,Mason Cole,crd,2019,2
CoopPh00,Pharoh Cooper,crd,2019,2
CrabMi00,Michael Crabtree,crd,2019,0
DaniDa02,Darrell Daniels,crd,2019,0
DaviJa06,Jalen Davis,crd,2019,0
DogbMi00,Michael Dogbe,crd,2019,0
DrakKe00,Kenyan Drake,crd,2019,6
EdmoCh00,Chase Edmonds,crd,2019,3
FittKy00,Kylie Fitts,crd,2019,0
FitzLa00,Larry Fitzgerald,crd,2019,7
FostD.01,D.J. Foster,crd,2019,0
GarcMa00,Max Garcia,crd,2019,1
GardDe01,Dennis Gardeck,crd,2019,1
GonzZa00,Zane Gonzalez,crd,2019,4
GuntRo00,Rodney Gunter,crd,2019,5
HickJo00,Jordan Hicks,crd,2019,7
HumpD.00,D.J. Humphries,crd,2019,8
HundBr00,Brett Hundley,crd,2019,0
IsabAn00,Andy Isabella,crd,2019,2
JohnDa08,David Johnson,crd,2019,5
JohnKe07,KeeSean Johnson,crd,2019,2
JoneCh03,Chandler Jones,crd,2019,12
JoneCh06,Chris Jones,crd,2019,1
KerrZa00,Zach Kerr,crd,2019,2
KirkCh01,Christian Kirk,crd,2019,7
LeexAn20,Andy Lee,crd,2019,3
MarsCa00,Cassius Marsh,crd,2019,2
McDoCl99,Clinton McDonald,crd,2019,1
MileJo00,Joshua Miles,crd,2019,1
MillJo02,Jordan Mills,crd,2019,1
MorrAl00,Alfred Morris,crd,2019,0
MurpBy00,Byron Murphy,crd,2019,5
MurrJu00,Justin Murray,crd,2019,6
MurrKy00,Kyler Murray,crd,2019,14
PeteCo00,Corey Peters,crd,2019,6
PeteKe01,Kevin Peterson,crd,2019,1
PetePa00,Patrick Peterson,crd,2019,3
PughJu00,Justin Pugh,crd,2019,8
ReddHa00,Haason Reddick,crd,2019,3
ReedBr00,Brooks Reed,crd,2019,1
ReidCa00,Caraun Reid,crd,2019,1
RobePe01,Pete Robertson,crd,2019,0
SherTr00,Trent Sherfield,crd,2019,1
ShipA.20,A.Q. Shipley,crd,2019,8
SuggTe99,Terrell Suggs,crd,2019,5
SweaDJ00,D.J. Swearinger,crd,2019,1
SweeJ.00,J.R. Sweezy,crd,2019,8
ThomDe06,Deionte Thompson,crd,2019,1
ThomJa04,Jalen Thompson,crd,2019,3
TurnZe00,Zeke Turner,crd,2019,1
VallTa00,Tanner Vallejo,crd,2019,0
WalkJo01,Joe Walker,crd,2019,4
WashCh01,Charles Washington,crd,2019,1
WillMa04,Maxx Williams,crd,2019,2
WillTr05,Trevor Williams,crd,2019,0
WilsRa00,Ramik Wilson,crd,2019,0
WinsRy00,Ryan Winslow,crd,2019,0
ZennZa00,Zach Zenner,crd,2019,0
AddeNa00,Nasir Adderley,sdg,2019,0
AlleKe00,Keenan Allen,sdg,2019,10
AndeSt01,Stephen Anderson,sdg,2019,0
BadgMi00,Michael Badgley,sdg,2019,2
BenjTr00,Travis Benjamin,sdg,2019,0
BosaJo00,Joey Bosa,sdg,2019,12
BrouCo00,Cortez Broughton,sdg,2019,0
BrowJa05,Jatavis Brown,sdg,2019,2
CulkSe00,Sean Culkin,sdg,2019,0
DaviGe00,Geremy Davis,sdg,2019,0
DaviMi03,Michael Davis,sdg,2019,4
DaviTh20,Thomas Davis,sdg,2019,8
DzubNi00,Nick Dzubnar,sdg,2019,1
EgbuEm00,Emeke Egbule,sdg,2019,1
EkelAu00,Austin Ekeler,sdg,2019,11
FacyBr00,Brandon Facyson,sdg,2019,2
FeenDa00,Dan Feeney,sdg,2019,8
GordMe00,Melvin Gordon,sdg,2019,6
GreeVi00,Virgil Green,sdg,2019,1
GroyRy00,Ryan Groy,sdg,2019,1
GuytJa01,Jalen Guyton,sdg,2019,0
HaywCa00,Casey Hayward,sdg,2019,6
HenrHu00,Hunter Henry,sdg,2019,5
IngrMe00,Melvin Ingram,sdg,2019,10
InmaDo00,Dontrelle Inman,sdg,2019,1
JackJu01,Justin Jackson,sdg,2019,1
JameDe00,Derwin James,sdg,2019,2
JenkRa00,Rayshawn Jenkins,sdg,2019,6
JohnDo02,Dontae Johnson,sdg,2019,0
JoneJu03,Justin Jones,sdg,2019,5
KendLa00,Lance Kendricks,sdg,2019,0
KingDe01,Desmond King,sdg,2019,4
LampFo00,Forrest Lamp,sdg,2019,1
LongTy00,Ty Long,sdg,2019,4
LuanSh00,Shalom Luani,sdg,2019,0
MazzCo01,Cole Mazza,sdg,2019,1
McGiT.00,T.Y. McGill,sdg,2019,0
McLaCh00,Chase McLaughlin,sdg,2019,0
MebaBr99,Brandon Mebane,sdg,2019,6
MoorJa02,Jason Moore,sdg,2019,0
NwosUc00,Uchenna Nwosu,sdg,2019,3
OkunRu20,Russell Okung,sdg,2019,3
PattAn00,Andre Patton,sdg,2019,0
PeacCh00,Chris Peace,sdg,2019,0
PerrDe00,Denzel Perryman,sdg,2019,5
PhilAd00,Adrian Phillips,sdg,2019,2
PipkTr00,Trey Pipkins,sdg,2019,3
PopeTr00,Troymaine Pope,sdg,2019,0
PounMi00,Mike Pouncey,sdg,2019,2
QuesSc00,Scott Quessenberry,sdg,2019,5
RivePh00,Philip Rivers,sdg,2019,13
RochIs00,Isaac Rochell,sdg,2019,1
SchoMi00,Michael Schofield,sdg,2019,8
ScotTr01,Trenton Scott,sdg,2019,5
SquaDa00,Damion Square,sdg,2019,3
TaylTy00,Tyrod Taylor,sdg,2019,0
TeamRo00,Roderic Teamer,sdg,2019,2
TeviSa00,Sam Tevi,sdg,2019,7
TillJe00,Jerry Tillery,sdg,2019,2
TranDr00,Drue Tranquill,sdg,2019,3
WatkJa01,Jaylen Watkins,sdg,2019,2
WattDe00,Derek Watt,sdg,2019,0
WhitKy00,Kyzir White,sdg,2019,4
WillMi07,Mike Williams,sdg,2019,8
WillSy00,Sylvester Williams,sdg,2019,0
AmadUg00,Ugo Amadi,sea,2019,1
AnsaEz00,Ezekiel Ansah,sea,2019,2
BartCo00,Cody Barton,sea,2019,2
BellNi01,Nick Bellore,sea,2019,2
BlaiMa01,Marquise Blair,sea,2019,2
BritJu00,Justin Britt,sea,2019,4
BrowDu20,Duane Brown,sea,2019,6
BrowJa03,Jaron Brown,sea,2019,2
BurrBe00,Ben Burr-Kirven,sea,2019,1
CarsCh00,Chris Carson,sea,2019,10
ClowJa00,Jadeveon Clowney,sea,2019,6
CollLJ00,L.J. Collier,sea,2019,1
DickMi00,Michael Dickson,sea,2019,2
DiggQu00,Quandre Diggs,sea,2019,3
DissWi00,Will Dissly,sea,2019,2
FantGe00,George Fant,sea,2019,4
FlowTr01,Tre Flowers,sea,2019,6
FlukDJ00,D.J. Fluker,sea,2019,7
FordPo00,Poona Ford,sea,2019,6
GordJo02,Josh Gordon,sea,2019,1
GreeRa01,Rasheem Green,sea,2019,4
GrifSh01,Shaquem Griffin,sea,2019,1
GrifSh00,Shaquill Griffin,sea,2019,8
HaynPh00,Phil Haynes,sea,2019,0
HillDe02,Lano Hill,sea,2019,2
HollJa03,Jacob Hollister,sea,2019,3
HomeTr00,Travis Homer,sea,2019,1
HuntJo00,Joey Hunt,sea,2019,4
IfedGe00,Germain Ifedi,sea,2019,8
IupaMi20,Mike Iupati,sea,2019,7
JackBr04,Branden Jackson,sea,2019,2
JeffQu00,Quinton Jefferson,sea,2019,5
JoneJa08,Jamarco Jones,sea,2019,3
KendMy00,Mychal Kendricks,sea,2019,6
KingAk00,Akeem King,sea,2019,2
LockTy00,Tyler Lockett,sea,2019,9
LyncMa00,Marshawn Lynch,sea,2019,0
McDoBr01,Bradley McDougald,sea,2019,6
MetcDK00,D.K. Metcalf,sea,2019,8
MoneBr00,Bryan Mone,sea,2019,0
MoorDa03,David Moore,sea,2019,3
MyerJa00,Jason Myers,sea,2019,3
NealRy00,Ryan Neal,sea,2019,0
OttxTy00,Tyler Ott,sea,2019,1
PennRa00,Rashaad Penny,sea,2019,3
PociEt00,Ethan Pocic,sea,2019,1
ProsC.00,C.J. Prosise,sea,2019,1
ReedJa02,Jarran Reed,sea,2019,4
RoosJo00,Jordan Roos,sea,2019,1
SwooTy00,Tyrone Swoopes,sea,2019,0
TaylJa01,Jamar Taylor,sea,2019,1
ThomTe00,Tedric Thompson,sea,2019,3
ThorNe00,Neiko Thorpe,sea,2019,0
TurbRo00,Robert Turbin,sea,2019,0
TurnMa00,Malik Turner,sea,2019,2
UrsuJo00,John Ursua,sea,2019,0
VannNi00,Nick Vannett,sea,2019,0
WagnBo00,Bobby Wagner,sea,2019,14
WatsDe99,Dekoda Watson,sea,2019,0
WillLu00,Luke Willson,sea,2019,1
WilsRu00,Russell Wilson,sea,2019,15
WoodAl99,Al Woods,sea,2019,3
WrigK.00,K.J. Wright,sea,2019,8
AbraJo01,Johnathan Abram,rai,2019,0
AlleDa01,Dakota Allen,rai,2019,0
AtemMa00,Marcell Ateman,rai,2019,1
BrowPr00,Preston Brown,rai,2019,0
BrowTr02,Trent Brown,rai,2019,6
BurfVo00,Vontaze Burfict,rai,2019,2
CarlDa00,Daniel Carlson,rai,2019,2
CarrDe02,Derek Carr,rai,2019,11
CarrDe00,Derek Carrier,rai,2019,1
ColeAJ01,AJ Cole III,rai,2019,2
CompWi00,William Compton,rai,2019,2
ConlGa00,Gareon Conley,rai,2019,2
CottLe00,Lester Cotton,rai,2019,0
CrosMa00,Maxx Crosby,rai,2019,6
DaviTr03,Trevor Davis,rai,2019,1
DeveJo00,Jordan Devey,rai,2019,2
DossKe00,Keelan Doss,rai,2019,1
FerrCl00,Clelin Ferrell,rai,2019,6
GaffRi00,Rico Gafford,rai,2019,0
GlenMi00,Mike Glennon,rai,2019,0
GoodDe01,Denzelle Good,rai,2019,3
GranRy01,Ryan Grant,rai,2019,0
HallP.00,P.J. Hall,rai,2019,5
HankJo00,Johnathan Hankins,rai,2019,7
HarrDw00,Dwayne Harris,rai,2019,0
HarrEr00,Erik Harris,rai,2019,5
HudsRo00,Rodney Hudson,rai,2019,11
HursMa00,Maurice Hurst Jr.,rai,2019,3
IncoRi20,Richie Incognito,rai,2019,5
IngoAl01,Alec Ingold,rai,2019,0
JackGa00,Gabe Jackson,rai,2019,5
JacoJo01,Josh Jacobs,rai,2019,8
JameAn01,Andre James,rai,2019,1
JohnIs02,Isaiah Johnson,rai,2019,0
JoneZa00,Zay Jones,rai,2019,1
JordDi00,Dion Jordan,rai,2019,1
JoseKa00,Karl Joseph,rai,2019,3
JoynLa00,Lamarcus Joyner,rai,2019,3
KeyxAr00,Arden Key,rai,2019,1
LawsNe00,Nevin Lawson,rai,2019,2
LeavDa00,Dallin Leavitt,rai,2019,1
LeexMa01,Marquel Lee,rai,2019,1
LiugCo00,Corey Liuget,rai,2019,0
MagnEr00,Erik Magnuson,rai,2019,0
MaurJo00,Josh Mauro,rai,2019,3
MayoBe00,Benson Mayowa,rai,2019,2
McClTe00,Terrell McClain,rai,2019,0
MillKo00,Kolton Miller,rai,2019,7
MoreFo00,Foster Moreau,rai,2019,1
MorrNi00,Nicholas Morrow,rai,2019,4
MullTr00,Trayvon Mullen,rai,2019,3
NelsJJ00,JJ Nelson,rai,2019,0
NelsNi00,Nick Nelson,rai,2019,0
NixoKe00,Keisean Nixon,rai,2019,1
ParkBr01,Brandon Parker,rai,2019,2
PhilJu00,Justin Phillips,rai,2019,0
PoliQu00,Quentin Poling,rai,2019,0
RenfHu00,Hunter Renfrow,rai,2019,4
RichJa01,Jalen Richard,rai,2019,3
RileCu00,Curtis Riley,rai,2019,2
SharDa02,David Sharpe,rai,2019,2
SiegTr00,Trent Sieg,rai,2019,1
SmitRo06,Rod Smith,rai,2019,0
SweaDJ00,D.J. Swearinger,rai,2019,1
TomlEr01,Eric Tomlinson,rai,2019,0
WallDa01,Darren Waller,rai,2019,8
WashDe00,DeAndre Washington,rai,2019,4
WhitTa00,Tahir Whitehead,rai,2019,7
WilbKy00,Kyle Wilber,rai,2019,1
WillTy00,Tyrell Williams,rai,2019,5
WorlDa00,Daryl Worley,rai,2019,5
