player_id,name,team,season,approximate_value
AlleNi00,Nick Allegretti,kan,2022,3
AmadUg00,Ugo Amadi,kan,2022,0
AmmeMa00,Matt Ammendola,kan,2022,0
AndeZa02,Zayne Anderson,kan,2022,0
BellBl00,Blake Bell,kan,2022,0
BoltNi00,Nick Bolton,kan,2022,7
BootDi00,Dicaprio Bootle,kan,2022,0
BrowOr00,Orlando Brown Jr.,kan,2022,13
BurtMi00,Michael Burton,kan,2022,0
BushDe00,Deon Bush,kan,2022,1
ButkHa00,Harrison Butker,kan,2022,1
ChenLe00,Leo Chenal,kan,2022,4
ChriGe01,Geron Christian,kan,2022,1
ChriCo00,Cole Christiansen,kan,2022,0
ClarFr01,Frank Clark,kan,2022,6
CochJa00,Jack Cochrane,kan,2022,1
CookBr02,Bryan Cook,kan,2022,1
DannMi00,Michael Danna,kan,2022,1
DunlCa99,Carlos Dunlap,kan,2022,2
EdwaCl00,Clyde Edwards-Helaire,kan,2022,3
FentRa00,Rashad Fenton,kan,2022,1
FortJo01,Jody Fortson,kan,2022,1
GayJWi00,Willie Gay Jr.,kan,2022,6
GrayNo00,Noah Gray,kan,2022,3
HardMe00,Mecole Hardman,kan,2022,3
HarrDa07,Darius Harris,kan,2022,3
HennCh01,Chad Henne,kan,2022,0
HerrMa02,Malik Herring,kan,2022,1
HumpCr00,Creed Humphrey,kan,2022,13
JohnNa01,Nazeeh Johnson,kan,2022,1
JoneCh09,Chris Jones,kan,2022,16
JoneRo01,Ronald Jones II,kan,2022,1
KarlGe00,George Karlaftis III,kan,2022,7
KelcTr00,Travis Kelce,kan,2022,12
KempMa00,Marcus Kemp,kan,2022,0
KinnDa00,Darian Kinnard,kan,2022,0
LammCh00,Chris Lammons,kan,2022,1
LeexEl00,Elijah Lee,kan,2022,1
MahoPa00,Patrick Mahomes,kan,2022,19
McDuTr00,Trent McDuffie,kan,2022,3
McKiJe00,Jerick McKinnon,kan,2022,7
MoorSk01,Skyy Moore,kan,2022,2
NianLu00,Lucas Niang,kan,2022,1
NnadDe00,Derrick Nnadi,kan,2022,6
PachIs00,Isiah Pacheco,kan,2022,7
PoweCo00,Cornell Powell,kan,2022,0
ReidJu00,Justin Reid,kan,2022,5
SaunKh00,Khalen Saunders,kan,2022,1
ShelDa01,Danny Shelton,kan,2022,0
SmitTr05,Trey Smith,kan,2022,8
SmitIh00,Ihmir Smith-Marsette,kan,2022,0
SmitJu00,JuJu Smith-Schuster,kan,2022,9
SneeLJ00,L'Jarius Sneed,kan,2022,6
StalTa00,Taylor Stallworth,kan,2022,0
ThorJu00,Juan Thornhill,kan,2022,5
ThunJo00,Joe Thuney,kan,2022,11
ToneKa00,Kadarius Toney,kan,2022,2
TownTo01,Tommy Townsend,kan,2022,3
ValdMa00,Marquez Valdes-Scantling,kan,2022,6
WanoTe00,Prince Tega Wanogho,kan,2022,1
WatsJa02,Jaylen Watson,kan,2022,3
WatsJu01,Justin Watson,kan,2022,3
WharTe00,Tershawn Wharton,kan,2022,0
WillBr02,Brandon Williams,kan,2022,0
WillJo03,Joshua Williams,kan,2022,2
WincJa00,James Winchester,kan,2022,1
WrigMa00,Matthew Wright,kan,2022,0
WyliAn00,Andrew Wylie,kan,2022,8
AgneJa00,Jamal Agnew,jax,2022,2
ArnoDa00,Dan Arnold,jax,2022,1
BartBe00,Ben Bartch,jax,2022,2
BeatC.00,C.J. Beathard,jax,2022,0
BrowMo00,Montaric Brown,jax,2022,1
CampTe00,Tevaughn Campbell,jax,2022,0
CampTy01,Tyson Campbell,jax,2022,7
ChaiKL00,K'Lavon Chaisson,jax,2022,1
CiscAn00,Andre Cisco,jax,2022,6
ClayCh02,Chris Claybrooks,jax,2022,1
ConnSn00,Snoop Conner,jax,2022,0
CookLo00,Logan Cooke,jax,2022,3
CronCo00,Coy Cronk,jax,2022,0
DixoDe01,De'Shaan Dixon,jax,2022,0
EngrEv00,Evan Engram,jax,2022,7
EtieTr00,Travis Etienne,jax,2022,11
FarrLu00,Luke Farrell,jax,2022,0
FatuFo00,Folorunso Fatukasi,jax,2022,5
FortLu01,Luke Fortner,jax,2022,8
GillTy00,Tyree Gillespie,jax,2022,0
GotsAd00,Adam Gotsis,jax,2022,2
GrifSh00,Shaquill Griffin,jax,2022,2
HamiDa02,DaVon Hamilton,jax,2022,6
HancBl00,Blake Hance,jax,2022,1
HastJa02,Jamycal Hasty,jax,2022,2
HernTr00,Tre Herndon,jax,2022,1
AlleJo03,Josh Hines-Allen,jax,2022,8
JenkRa00,Rayshawn Jenkins,jax,2022,7
JohnCa04,Caleb Johnson,jax,2022,1
JoneMa02,Marvin Jones,jax,2022,5
JoneTi00,Tim Jones,jax,2022,0
JoneZa00,Zay Jones,jax,2022,8
JuniGr00,Gregory Junior,jax,2022,0
KeyxAr00,Arden Key,jax,2022,3
KirkCh01,Christian Kirk,jax,2022,10
LawrTr00,Trevor Lawrence,jax,2022,14
LedbJe00,Jeremiah Ledbetter,jax,2022,0
LittWa00,Walker Little,jax,2022,3
LloyDe00,Devin Lloyd,jax,2022,8
ManhCh00,Chris Manhertz,jax,2022,0
MatiRo00,Ross Matiscik,jax,2022,1
MillJo04,John Miller,jax,2022,0
MumaCh00,Chad Muma,jax,2022,2
OluoFo00,Foyesade Oluokun,jax,2022,8
PattRi01,Riley Patterson,jax,2022,3
PeteCo00,Corey Peters,jax,2022,2
QuarSh00,Shaquille Quarterman,jax,2022,1
RobeRo00,Roy Robertson-Harris,jax,2022,7
RobiCa00,Cam Robinson,jax,2022,7
RobiJa00,James Robinson,jax,2022,3
ScheBr00,Brandon Scherff,jax,2022,8
ShatTy00,Tyler Shatley,jax,2022,6
SmooDa00,Dawuane Smoot,jax,2022,2
SummTy00,Ty Summers,jax,2022,0
TaylJa02,Jawaan Taylor,jax,2022,8
ThomDa07,Daniel Thomas,jax,2022,1
VanxCo00,Cole Van Lanen,jax,2022,1
WalkTr03,Travon Walker,jax,2022,6
WillDa09,Darious Williams,jax,2022,4
WillDa14,Darryl Williams,jax,2022,0
WingAn01,Andrew Wingard,jax,2022,2
AndeHe00,Henry Anderson,car,2022,1
BarnAm00,Amare Barno,car,2022,1
BlacRa00,Raheem Blackshear,car,2022,1
BlaiMa01,Marquise Blair,car,2022,0
BozeBr00,Bradley Bozeman,car,2022,4
BrowDe05,Derrick Brown,car,2022,8
BrowSp01,Spencer Brown,car,2022,0
BurnBr00,Brian Burns,car,2022,11
BurrJu00,Juston Burris,car,2022,1
CarrTr00,T.J. Carrie,car,2022,1
ChanSe00,Sean Chandler,car,2022,1
ChinJe00,Jeremy Chinn,car,2022,4
AndeRo04,Robbie Chosen,car,2022,2
ChriBr00,Brady Christensen,car,2022,7
CorbAu00,Austin Corbett,car,2022,6
DarnSa00,Sam Darnold,car,2022,4
EasoJa00,Jacob Eason,car,2022,0
EkwoIk00,Ikem Ekwonu,car,2022,7
ElflPa00,Pat Elflein,car,2022,2
ErviCa00,Cameron Erving,car,2022,1
ForeDO00,D'Onta Foreman,car,2022,6
FranSa00,Sam Franklin,car,2022,1
GrosYe00,Yetur Gross-Matos,car,2022,9
HartMy00,Myles Hartsfield,car,2022,4
HayeTa00,Tae Hayes,car,2022,0
HaynMa01,Marquis Haynes,car,2022,3
HekkJo00,Johnny Hekker,car,2022,4
HendCJ00,C.J. Henderson,car,2022,5
HiggRa00,Rashard Higgins,car,2022,0
HornJa00,Jaycee Horn,car,2022,5
HoskPh00,Phil Hoskins,car,2022,0
HubbCh01,Chuba Hubbard,car,2022,4
IoanMa01,Matthew Ioannidis,car,2022,6
IyieJo00,Joel Iyiegbuniwe,car,2022,1
JackDo02,Donte Jackson,car,2022,4
JansJ.00,J.J. Jansen,car,2022,1
JoneKo00,Kobe Jones,car,2022,0
JordMi01,Michael Jordan,car,2022,1
LittCo01,Cory Littleton,car,2022,4
LuvuFr00,Frankie Luvu,car,2022,7
MarsTe00,Terrace Marshall Jr.,car,2022,4
MayfBa00,Baker Mayfield,car,2022,3
MaysCa00,Cade Mays,car,2022,1
McCaCh01,Christian McCaffrey,car,2022,5
McCaMa03,Marquan McCall,car,2022,1
MoorD.00,D.J. Moore,car,2022,8
MosbAr00,Arron Mosby,car,2022,0
MotoTa00,Taylor Moton,car,2022,7
NixoDa00,Daviyon Nixon,car,2022,1
NormJo01,Josh Norman,car,2022,0
PineEd00,Eddy Pineiro,car,2022,5
RiccGi00,Giovanni Ricci,car,2022,1
RobeAn00,Andre Roberts,car,2022,0
RoyxBr00,Bravvion Roy,car,2022,3
ShenLa00,Laviska Shenault Jr.,car,2022,3
SmitBr08,Brandon Smith,car,2022,1
SmitSh03,Shi Smith,car,2022,3
SullSt00,Stephen Sullivan,car,2022,0
TaylKe03,Keith Taylor,car,2022,2
ThomIa00,Ian Thomas,car,2022,2
ThomSt00,Stantley Thomas-Oliver,car,2022,0
ThomSh01,Shaq Thompson,car,2022,8
TremTo00,Tommy Tremble,car,2022,2
WalkPh00,P.J. Walker,car,2022,2
WillPr01,Preston Williams,car,2022,0
WilsDa02,Damien Wilson,car,2022,3
WoodXa00,Xavier Woods,car,2022,6
WootCh00,Chandler Wooten,car,2022,1
AndrMa00,Mark Andrews,rav,2022,8
ArmoJa00,Jalyn Armour-Davis,rav,2022,1
AttaJe00,Jeremiah Attaochu,rav,2022,0
BateRa00,Rashod Bateman,rav,2022,3
BowsTy00,Tyus Bowser,rav,2022,2
BoylNi00,Nick Boyle,rav,2022,0
BrowAn06,Anthony Brown,rav,2022,1
ByneJo00,Josh Bynes,rav,2022,3
CampCa99,Calais Campbell,rav,2022,7
ClarCh00,Chuck Clark,rav,2022,7
ClevBe00,Ben Cleveland,rav,2022,1
ColoTr01,Trystan Colon-Castillo,rav,2022,1
CopeBr00,Brandon Copeland,rav,2022,0
DaviMi01,Mike Davis,rav,2022,0
DobbJK00,J.K. Dobbins,rav,2022,4
DrakKe00,Kenyan Drake,rav,2022,4
DuveDe00,Devin Duvernay,rav,2022,6
EdwaGu00,Gus Edwards,rav,2022,3
FaalDa00,Daniel Faalele,rav,2022,2
FullKy00,Kyle Fuller,rav,2022,0
HamiKy00,Kyle Hamilton,rav,2022,2
HarrMa06,Malik Harrison,rav,2022,4
HillJu00,Justice Hill,rav,2022,2
HousJu00,Justin Houston,rav,2022,2
HumpMa00,Marlon Humphrey,rav,2022,12
HuntTy01,Tyler Huntley,rav,2022,3
IsabAn00,Andy Isabella,rav,2022,0
JackDe00,DeSean Jackson,rav,2022,2
JackLa00,Lamar Jackson,rav,2022,12
JameJa01,Ja'Wuan James,rav,2022,0
JoneTr00,Travis Jones,rav,2022,2
KennDe00,Devon Kennard,rav,2022,1
KleiAJ00,A.J. Klein,rav,2022,1
KolaCh00,Charlie Kolar,rav,2022,0
LikeIs00,Isaiah Likely,rav,2022,4
LindTy00,Tyler Linderbaum,rav,2022,7
MackIs00,Isaiah Mack,rav,2022,0
MaduJu00,Nnamdi Madubuike,rav,2022,7
MeanSt00,Steven Means,rav,2022,0
MekaPa00,Patrick Mekari,rav,2022,2
MoorNi00,Nick Moore,rav,2022,0
MoseMo00,Morgan Moses,rav,2022,8
NichRa00,Rayshad Nichols,rav,2022,0
OjabDa00,David Ojabo,rav,2022,0
OlivJo00,Josh Oliver,rav,2022,1
OwehJa00,Odafe Oweh,rav,2022,4
PeteMa00,Marcus Peters,rav,2022,6
PhilDe00,Del'Shawn Phillips,rav,2022,1
PierMi00,Michael Pierce,rav,2022,1
PierJa99,Jason Pierre-Paul,rav,2022,6
PoweBe00,Ben Powers,rav,2022,7
ProcJa00,James Proche,rav,2022,1
QueePa00,Patrick Queen,rav,2022,9
RicaPa00,Patrick Ricard,rav,2022,1
RobiDe01,Demarcus Robinson,rav,2022,5
RossJo01,Josh Ross,rav,2022,0
SeymKe00,Kevon Seymour,rav,2022,1
SmitRo07,Roquan Smith,rav,2022,13
StanJu00,Julian Stanford,rav,2022,0
StanRo00,Ronnie Stanley,rav,2022,5
StepBr01,Brandon Stephens,rav,2022,2
StonGe00,Geno Stone,rav,2022,4
StouJo00,Jordan Stout,rav,2022,2
TuckJu00,Justin Tucker,rav,2022,4
UrbaBr00,Brent Urban,rav,2022,1
VictBi01,Binjimen Victor,rav,2022,0
WallTy00,Tylan Wallace,rav,2022,0
WashAr00,Ar'Darius Washington,rav,2022,0
WashBr01,Broderick Washington Jr.,rav,2022,5
WatkSa00,Sammy Watkins,rav,2022,1
WebbRa02,Raleigh Webb,rav,2022,0
WelcKr00,Kristian Welch,rav,2022,1
WillDa15,Damarion Williams,rav,2022,1
WillMa06,Marcus Williams,rav,2022,5
WorlDa00,Daryl Worley,rav,2022,1
ZeitKe00,Kevin Zeitler,rav,2022,6
AlleJo02,Josh Allen,buf,2022,20
AnkoEl00,Eli Ankou,buf,2022,0
BashCa00,Boogie Basham,buf,2022,2
BassTy00,Tyler Bass,buf,2022,3
BateRy02,Ryan Bates,buf,2022,8
BeasCo00,Cole Beasley,buf,2022,0
BenfCh00,Christian Benford,buf,2022,2
BernTe00,Terrel Bernard,buf,2022,2
BoetIk00,Ike Boettger,buf,2022,0
BrewCJ00,C.J. Brewer,buf,2022,0
BrowJo02,John Brown,buf,2022,0
BrowSp00,Spencer Brown,buf,2022,9
BryaBr00,Brandin Bryant,buf,2022,0
CookJa01,James Cook,buf,2022,5
CrowJa00,Jamison Crowder,buf,2022,1
DaviGa01,Gabriel Davis,buf,2022,9
DawkDi00,Dion Dawkins,buf,2022,12
DiggSt00,Stefon Diggs,buf,2022,15
DodsTy01,Tyrel Dodson,buf,2022,3
DoylTo00,Tommy Doyle,buf,2022,0
EdmuTr01,Tremaine Edmunds,buf,2022,7
ElamKa00,Kaiir Elam,buf,2022,3
EmilPr00,Prince Emili,buf,2022,0
EpenAJ00,A.J. Epenesa,buf,2022,3
FergRe00,Reid Ferguson,buf,2022,1
GentTa00,Tanner Gentry,buf,2022,0
GileJo01,Joe Giles-Harris,buf,2022,0
GillRe00,Reggie Gilliam,buf,2022,1
HamlDa00,Damar Hamlin,buf,2022,5
HartBo00,Bobby Hart,buf,2022,1
HineNy00,Nyheim Hines,buf,2022,3
HodgIs00,Isaiah Hodgins,buf,2022,0
HydeMi00,Micah Hyde,buf,2022,1
IngrJa00,Ja'Marcus Ingram,buf,2022,0
JackDa02,Dane Jackson,buf,2022,6
JohnDu00,Duke Johnson,buf,2022,0
JohnJa11,Jaquan Johnson,buf,2022,2
JohnTa01,Taron Johnson,buf,2022,6
JonaKi00,Kingsley Jonathan,buf,2022,0
JoneDa04,DaQuan Jones,buf,2022,9
JoneTa00,Taiwan Jones,buf,2022,0
KeenCa00,Case Keenum,buf,2022,0
KleiAJ00,A.J. Klein,buf,2022,1
KnoxDa00,Dawson Knox,buf,2022,5
KumeJa00,Jake Kumerow,buf,2022,1
LawsSh00,Shaq Lawson,buf,2022,4
LewiCa00,Cameron Lewis,buf,2022,1
LoveMi00,Mike Love,buf,2022,0
MancGr00,Greg Mancz,buf,2022,0
MarlDe00,Dean Marlowe,buf,2022,1
MartSa01,Sam Martin,buf,2022,2
MataTy00,Tyler Matakevich,buf,2022,1
McKeIs00,Isaiah McKenzie,buf,2022,5
MilaMa00,Matt Milano,buf,2022,19
MillVo00,Von Miller,buf,2022,6
MorrQu00,Quintin Morris,buf,2022,1
MorsMi00,Mitch Morse,buf,2022,9
MossZa00,Zack Moss,buf,2022,1
MurrJu00,Justin Murray,buf,2022,0
NealSi00,Siran Neal,buf,2022,1
OlivEd00,Ed Oliver,buf,2022,7
PhilJo01,Jordan Phillips,buf,2022,2
PoyeJo00,Jordan Poyer,buf,2022,8
QuesDa00,David Quessenberry,buf,2022,3
RhodXa00,Xavier Rhodes,buf,2022,0
RousGr00,Gregory Rousseau,buf,2022,7
SaffRo20,Rodger Saffold,buf,2022,11
SettTi00,Tim Settle,buf,2022,3
ShakKh00,Khalil Shakir,buf,2022,2
SingDe00,Devin Singletary,buf,2022,9
SpecBa00,Baylon Spector,buf,2022,1
SweeTo00,Tommy Sweeney,buf,2022,0
VanRGr00,Greg Van Roten,buf,2022,3
WhitTr01,Tre'Davious White,buf,2022,2
AsamBr00,Brian Asamoah,min,2022,1
BarnKa00,Kalon Barnes,min,2022,0
BlacRo00,Ross Blacklock,min,2022,1
BootAn00,Andrew Booth,min,2022,1
BoydKr00,Kris Boyd,min,2022,1
BradGa00,Garrett Bradbury,min,2022,5
BranBl00,Blake Brandel,min,2022,2
BullJo00,Jonathan Bullard,min,2022,3
BynuCa00,Camryn Bynum,min,2022,6
ChanTy01,Ty Chandler,min,2022,0
ChisDa00,Dan Chisena,min,2022,0
CineLe00,Lewis Cine,min,2022,0
ClevEz00,Ezra Cleveland,min,2022,7
ConnRy00,Ryan Connelly,min,2022,0
CookDa01,Dalvin Cook,min,2022,10
CousKi00,Kirk Cousins,min,2022,13
DantCa00,Cameron Dantzler,min,2022,3
DarrCh00,Christian Darrisaw,min,2022,7
DePaAn00,Andrew DePaola,min,2022,0
DornMy01,Myles Dorn,min,2022,0
DyexTr00,Troy Dye,min,2022,1
ElleBe00,Ben Ellefson,min,2022,0
EvanAk00,Akayleb Evans,min,2022,1
GowaTa00,Tay Gowan,min,2022,0
HamxC.00,C.J. Ham,min,2022,1
HickJo00,Jordan Hicks,min,2022,7
HintKy00,Kyle Hinton,min,2022,0
HockTJ00,T.J. Hockenson,min,2022,4
HollJa03,Jacob Hollister,min,2022,0
HuntDa01,Danielle Hunter,min,2022,10
IngrEd00,Ed Ingram,min,2022,7
JackTh00,Theo Jackson,min,2022,1
JeffJu00,Justin Jefferson,min,2022,15
JonePa00,Patrick Jones II,min,2022,1
JoseGr00,Greg Joseph,min,2022,2
KendEr00,Eric Kendricks,min,2022,7
KwenWi00,William Kwenkeu,min,2022,0
LoweVe00,Vederian Lowe,min,2022,0
LyncJa00,James Lynch,min,2022,2
MancGr00,Greg Mancz,min,2022,0
MattAl01,Alexander Mattison,min,2022,2
MeteJo00,Josh Metellus,min,2022,2
MullNi00,Nick Mullens,min,2022,1
MundJo00,Johnny Mundt,min,2022,1
MuseNi00,Nick Muse,min,2022,0
NailJa00,Jalen Nailor,min,2022,1
NwanKe00,Kene Nwangwu,min,2022,1
ONeiBr00,Brian O'Neill,min,2022,8
OsboKJ00,K.J. Osborn,min,2022,5
OtomEs00,Esezi Otomewo,min,2022,0
PetePa00,Patrick Peterson,min,2022,6
PhilHa00,Harrison Phillips,min,2022,7
ReagJa00,Jalen Reagor,min,2022,1
ReedCh00,Chris Reed,min,2022,1
SchlAu00,Austin Schlottmann,min,2022,2
ShelDu00,Duke Shelley,min,2022,2
SmitHa00,Harrison Smith,min,2022,5
SmitIr01,Irv Smith Jr.,min,2022,2
SmitTJ00,T.J. Smith,min,2022,0
SmitZa00,Za'Darius Smith,min,2022,9
SullCh00,Chandon Sullivan,min,2022,4
ThieAd00,Adam Thielen,min,2022,6
TomlDa00,Dalvin Tomlinson,min,2022,6
TongKh00,Khyiris Tonga,min,2022,1
UdohOl01,Oli Udoh,min,2022,1
VilaLu00,Luiji Vilain,min,2022,0
WonnDJ00,D.J. Wonnum,min,2022,2
WrigRy00,Ryan Wright,min,2022,3
AlexMa02,Maurice Alexander,det,2022,0
AnzaAl00,Alex Anzalone,det,2022,7
AwosKa00,Kayode Awosika,det,2022,2
BadgMi00,Michael Badgley,det,2022,2
BarnDe02,Derrick Barnes,det,2022,2
BensTr00,Trinity Benson,det,2022,0
BerrSt00,Stanley Berryhill,det,2022,0
BoarCh00,Chris Board,det,2022,1
BreeBr00,Brady Breeze,det,2022,0
BrocMi00,Michael Brockers,det,2022,2
BrowEv00,Evan Brown,det,2022,6
BryaAu00,Austin Bryant,det,2022,1
BuggIs00,Isaiah Buggs,det,2022,5
CabiJa00,Jason Cabinda,det,2022,0
CephQu00,Quintez Cephus,det,2022,0
CharDJ00,DJ Chark,det,2022,5
ComiJo00,John Cominsky,det,2022,4
DalySc01,Scott Daly,det,2022,1
DaviJa01,Jarrad Davis,det,2022,0
DeckTa00,Taylor Decker,det,2022,10
EberDo01,Dominik Eberle,det,2022,0
ElliDe02,DeShon Elliott,det,2022,4
ForbDr00,Drew Forbes,det,2022,0
FoxxJa01,Jack Fox,det,2022,2
GoffJa00,Jared Goff,det,2022,16
GrifGa00,Garrett Griffin,det,2022,0
HarrCh03,Charles Harris,det,2022,2
HarrWi02,Will Harris,det,2022,3
HockTJ00,T.J. Hockenson,det,2022,4
HousJa01,James Houston,det,2022,2
HughJu00,Juju Hughes,det,2022,1
HughMi00,Mike Hughes,det,2022,2
HutcAi00,Aidan Hutchinson,det,2022,8
JackJo03,Jonah Jackson,det,2022,7
JackJu01,Justin Jackson,det,2022,2
JacoJe00,Jerry Jacobs,det,2022,3
JoneBe03,Benito Jones,det,2022,1
JoseKe03,Kerby Joseph,det,2022,5
KennTo01,Tom Kennedy,det,2022,1
LucaCh01,Chase Lucas,det,2022,0
McNeAl00,Alim McNeill,det,2022,6
MeliIf00,Ifeatu Melifonwu,det,2022,1
MitcJa00,James Mitchell,det,2022,1
MoorCJ01,C.J. Moore,det,2022,1
NelsMa00,Matt Nelson,det,2022,1
OkudJe00,Jeff Okudah,det,2022,5
OkwaJu00,Julian Okwara,det,2022,1
OkwaRo01,Romeo Okwara,det,2022,0
OruwAm00,Amani Oruwariye,det,2022,2
ParkAJ00,AJ Parker,det,2022,0
PascJo00,Josh Paschal,det,2022,2
PierRo00,Ross Pierschbacher,det,2022,0
PittAn01,Anthony Pittman,det,2022,1
PricBo00,Bobby Price,det,2022,0
RagnFr00,Frank Ragnow,det,2022,10
RaymKa00,Kalif Raymond,det,2022,8
ReynCr00,Craig Reynolds,det,2022,2
ReynJo00,Josh Reynolds,det,2022,5
RodrMa00,Malcolm Rodriguez,det,2022,6
SeibAu00,Austin Seibert,det,2022,0
SewePe00,Penei Sewell,det,2022,13
SkipDa00,Dan Skipper,det,2022,4
SmitSa02,Saivion Smith,det,2022,0
StxxAm00,Amon-Ra St. Brown,det,2022,13
StenLo00,Logan Stenberg,det,2022,3
SudfNa00,Nate Sudfeld,det,2022,0
SwifDA00,D'Andre Swift,det,2022,8
TaylDe02,Demetrius Taylor,det,2022,0
WalkTr01,Tracy Walker,det,2022,1
WillJa06,Jamaal Williams,det,2022,8
WillJa11,Jameson Williams,det,2022,1
WillJa09,Jarren Williams,det,2022,0
WoodJo02,Josh Woods,det,2022,1
WrigBr01,Brock Wright,det,2022,2
ZylsBr00,Brandon Zylstra,det,2022,0
ZylsSh00,Shane Zylstra,det,2022,1
AlfoDe00,DeAundre Alford,atl,2022,1
AlixJo00,Josh Ali,atl,2022,0
AllgTy00,Tyler Allgeier,atl,2022,8
AndeTr00,Troy Andersen,atl,2022,3
AndeAb00,Abdullah Anderson,atl,2022,4
ArmsCo00,Cornell Armstrong,atl,2022,1
BellQu00,Quinton Bell,atl,2022,0
BernJa00,Jared Bernhardt,atl,2022,0
ByrdDa00,Damiere Byrd,atl,2022,3
CartLo01,Lorenzo Carter,atl,2022,8
DalmDr00,Drew Dalman,atl,2022,7
DaltJa00,Jalen Dalton,atl,2022,0
DarbFr00,Frank Darby,atl,2022,0
DickMa00,Matt Dickerson,atl,2022,0
EbikAr00,Arnold Ebiketie,atl,2022,2
EdogCh00,Chuma Edoga,atl,2022,1
EdwaBr01,Bryan Edwards,atl,2022,0
EvanRa01,Rashaan Evans,atl,2022,7
FentRa00,Rashad Fenton,atl,2022,0
FirkAn00,Anthony Firkser,atl,2022,1
FordMi01,Mike Ford,atl,2022,1
FranFe00,Feleipe Franks,atl,2022,0
GossCo00,Colby Gossett,atl,2022,2
GrahTa00,Ta'Quon Graham,atl,2022,4
GranRi00,Richie Grant,atl,2022,6
HallDa03,Darren Hall,atl,2022,3
HarrEr00,Erik Harris,atl,2022,1
HawkJa00,Jaylinn Hawkins,atl,2022,6
HaywCa00,Casey Hayward,atl,2022,2
HennMa00,Matt Hennessy,atl,2022,2
HessPa00,Parker Hesse,atl,2022,1
HodgKh00,KhaDarel Hodge,atl,2022,2
HornTi00,Timmy Horne,atl,2022,3
HuntCa02,Caleb Huntley,atl,2022,2
IfedGe00,Germain Ifedi,atl,2022,1
JarrGr00,Grady Jarrett,atl,2022,7
JohnJa09,Jaleel Johnson,atl,2022,0
KooxYo00,Younghoe Koo,atl,2022,4
KwiaNi00,Nick Kwiatkoski,atl,2022,1
LandNa01,Nathan Landman,atl,2022,0
LindCh00,Chris Lindstrom,atl,2022,11
LondDr00,Drake London,atl,2022,9
MaloDe00,DeAngelo Malone,atl,2022,1
MariMa01,Marcus Mariota,atl,2022,11
MarlDe00,Dean Marlowe,atl,2022,1
MattJa00,Jake Matthews,atl,2022,8
McCuLi00,Liam McCullough,atl,2022,1
McGaKa00,Kaleb McGary,atl,2022,8
MoffJo01,Jovante Moffatt,atl,2022,0
NeuzRy00,Ryan Neuzil,atl,2022,1
OgunAd01,Adetokunbo Ogundeji,atl,2022,6
OlivIs00,Isaiah Oliver,atl,2022,2
PattCo00,Cordarrelle Patterson,atl,2022,7
PiniBr00,Bradley Pinion,atl,2022,2
PittKy00,Kyle Pitts,atl,2022,4
PruiMy00,MyCole Pruitt,atl,2022,2
RiddDe00,Desmond Ridder,atl,2022,3
RushAn00,Anthony Rush,atl,2022,2
SmitKe03,Keith Smith,atl,2022,0
TerrAJ00,AJ Terrell,atl,2022,4
WalkMy00,Mykal Walker,atl,2022,6
WilkEl00,Elijah Wilkinson,atl,2022,4
WillAv02,Avery Williams,atl,2022,1
WillDa05,Damien Williams,atl,2022,0
WoodLo00,Logan Woodside,atl,2022,0
ZaccOl01,Olamide Zaccheaus,atl,2022,6
AddiTu00,Tucker Addington,nwe,2022,0
AghoNe00,Nelson Agholor,nwe,2022,3
AndrDa00,David Andrews,nwe,2022,6
BailJa00,Jake Bailey,nwe,2022,1
BarmCh00,Christian Barmore,nwe,2022,2
BentJa00,Ja'Whaun Bentley,nwe,2022,9
BledJo00,Joshuah Bledsoe,nwe,2022,0
BourKe00,Kendrick Bourne,nwe,2022,4
BowdLy00,Lynn Bowden Jr.,nwe,2022,0
BrowTr02,Trent Brown,nwe,2022,7
BryaMy01,Myles Bryant,nwe,2022,3
CajuYo00,Yodny Cajuste,nwe,2022,2
CannMa00,Marcus Cannon,nwe,2022,2
CardJo00,Joe Cardona,nwe,2022,1
CollJa00,Jamie Collins,nwe,2022,1
DaviCa01,Carl Davis,nwe,2022,3
DaviCo02,Cody Davis,nwe,2022,0
DuggKy00,Kyle Dugger,nwe,2022,6
EkuaDa00,Daniel Ekuale,nwe,2022,1
FereJa00,James Ferentz,nwe,2022,2
FolkNi20,Nick Folk,nwe,2022,3
GodcDa00,Davon Godchaux,nwe,2022,9
GuyxLa00,Lawrence Guy,nwe,2022,7
HarrDa06,Damien Harris,nwe,2022,3
HarrKe01,Kevin Harris,nwe,2022,0
HayeTa00,Tae Hayes,nwe,2022,0
HenrHu00,Hunter Henry,nwe,2022,4
HoyeBr00,Brian Hoyer,nwe,2022,0
HumpLi01,Lil'Jordan Humphrey,nwe,2022,0
JennAn00,Anfernee Jennings,nwe,2022,3
JoneJa10,Jack Jones,nwe,2022,2
JoneJo03,Jonathan Jones,nwe,2022,6
JoneMa05,Mac Jones,nwe,2022,8
JoneMa06,Marcus Jones,nwe,2022,10
JudoMa00,Matt Judon,nwe,2022,12
LangHa00,Harvey Langi,nwe,2022,0
McCoDe99,Devin McCourty,nwe,2022,6
McDeCo00,Conor McDermott,nwe,2022,3
McMiRa02,Raekwon McMillan,nwe,2022,3
MeyeJa01,Jakobi Meyers,nwe,2022,6
MillJa02,Jalen Mills,nwe,2022,3
MitcDa00,DaMarcus Mitchell,nwe,2022,1
MontTy01,Ty Montgomery,nwe,2022,0
MoseQu00,Quandre Mosely,nwe,2022,0
MunsCa00,Calvin Munson,nwe,2022,0
MurrBi00,Bill Murray,nwe,2022,0
OnweMi00,Michael Onwenu,nwe,2022,7
PalaMi00,Michael Palardy,nwe,2022,0
ParkDe01,DeVante Parker,nwe,2022,4
PeppJa00,Jabrill Peppers,nwe,2022,2
PhilAd00,Adrian Phillips,nwe,2022,3
RobeSa00,Sam Roberts,nwe,2022,0
SchoBr00,Brenden Schooler,nwe,2022,1
SlatMa00,Matthew Slater,nwe,2022,0
SmitJo01,Jonnu Smith,nwe,2022,2
SokoMa00,Matt Sokol,nwe,2022,0
StevRh00,Rhamondre Stevenson,nwe,2022,9
StraCo01,Cole Strange,nwe,2022,7
StroPi00,Pierre Strong,nwe,2022,1
TavaJa00,Jahlani Tavai,nwe,2022,7
TaylJJ01,J.J. Taylor,nwe,2022,0
ThorTy00,Tyquan Thornton,nwe,2022,2
UcheJo00,Josh Uche,nwe,2022,2
VizcTr00,Tristan Vizcaino,nwe,2022,0
WadeSh00,Shaun Wade,nwe,2022,0
WashSc00,Scotty Washington,nwe,2022,0
WebbRa02,Raleigh Webb,nwe,2022,0
WilsMa03,Mack Wilson,nwe,2022,3
WiseDe00,Deatrich Wise Jr.,nwe,2022,9
WynnIs00,Isaiah Wynn,nwe,2022,3
ZappBa00,Bailey Zappe,nwe,2022,2
AlleJo01,Jonathan Allen,was,2022,12
ApkeTr00,Troy Apke,was,2022,0
ArmaAl00,Alex Armah,was,2022,0
BadaDa00,David Bada,was,2022,0
BateJo00,John Bates,was,2022,1
BonnRe00,Reggie Bonnafon,was,2022,0
BostJo00,Jonathan Bostic,was,2022,3
BradWi00,William Bradley-King,was,2022,0
BrowDy00,Dyami Brown,was,2022,1
ButlPe00,Percy Butler,was,2022,1
CastTa00,Tariq Castro-Fields,was,2022,0
CharSa00,Saahdiq Charles,was,2022,2
CheeCa00,Camaron Cheeseman,was,2022,1
CosmSa00,Samuel Cosmi,was,2022,3
CurlKa00,Kamren Curl,was,2022,4
DaviJa11,Jamin Davis,was,2022,8
DotsJa00,Jahan Dotson,was,2022,4
EiflMi00,Milo Eifler,was,2022,1
EricAl01,Alex Erickson,was,2022,0
ForrDa00,Darrick Forrest,was,2022,5
FullKe00,Kendall Fuller,was,2022,6
GerrNa00,Nathan Gerry,was,2022,0
GibsAn00,Antonio Gibson,was,2022,6
HarrDe10,De'Jon Harris,was,2022,0
HeinTa00,Taylor Heinicke,was,2022,6
HolcCo00,Cole Holcomb,was,2022,3
HolmCh00,Christian Holmes,was,2022,2
HoweSa00,Sam Howell,was,2022,1
HudsKh00,Khaleke Hudson,was,2022,1
JackWi02,William Jackson III,was,2022,1
JeteDo00,Donovan Jeter,was,2022,0
JohnDa09,Danny Johnson,was,2022,2
LarsTy00,Tyler Larsen,was,2022,3
LenoCh00,Charles Leno Jr.,was,2022,7
LucaCo01,Cornelius Lucas,was,2022,5
MartNi00,Nick Martin,was,2022,1
MartWe00,Wes Martin,was,2022,0
MathPh00,Phidarian Mathis,was,2022,0
MayoDa00,David Mayo,was,2022,2
McCaBo01,Bobby McCain,was,2022,5
McGoKy00,Kyric McGowan,was,2022,0
McKiJ.00,J.D. McKissic,was,2022,2
McLaTe00,Terry McLaurin,was,2022,9
MilnDa00,Dax Milne,was,2022,0
NorwAn01,Andrew Norwell,was,2022,6
ObadEf00,Efe Obada,was,2022,2
PattJa01,Jaret Patterson,was,2022,0
PaulCh00,Chris Paul,was,2022,0
PaynDa00,Daron Payne,was,2022,13
PotoBe00,Benning Potoa'e,was,2022,0
ReavJe00,Jeremy Reaves,was,2022,7
RidgJo00,John Ridgeway,was,2022,3
RobiBr01,Brian Robinson Jr.,was,2022,3
RogeAr00,Armani Rogers,was,2022,1
RoulCh00,Chase Roullier,was,2022,1
SamuCu00,Curtis Samuel,was,2022,6
SchwWe00,Wes Schweitzer,was,2022,2
SimsCa00,Cam Sims,was,2022,1
SlyeJo00,Joey Slye,was,2022,2
SmitJa08,James Smith-Williams,was,2022,7
StJuBe00,Benjamin St-Juste,was,2022,4
SweaMo00,Montez Sweat,was,2022,9
ThomLo00,Logan Thomas,was,2022,2
ToneSh00,Shaka Toney,was,2022,1
ToohCa00,Casey Toohill,was,2022,2
TurnCo00,Cole Turner,was,2022,0
TurnTr01,Trai Turner,was,2022,5
WayxTr00,Tress Way,was,2022,3
WentCa00,Carson Wentz,was,2022,4
WildRa00,Rachad Wildgoose,was,2022,2
WillJo07,Jonathan Williams,was,2022,1
WiseDa01,Daniel Wise,was,2022,1
YounCh04,Chase Young,was,2022,1
AdenHa00,Hakeem Adeniji,cin,2022,2
AdomCa00,Cal Adomitis,cin,2022,1
AlleBr00,Brandon Allen,cin,2022,0
ApplEl00,Eli Apple,cin,2022,6
AsiaDe00,Devin Asiasi,cin,2022,0
AwuzCh00,Chidobe Awuzie,cin,2022,3
BachJo01,Joe Bachie,cin,2022,1
BailMa01,Markus Bailey,cin,2022,2
BateJe00,Jessie Bates III,cin,2022,8
BellVo00,Vonn Bell,cin,2022,8
BoydTy00,Tyler Boyd,cin,2022,8
BurrJo01,Joe Burrow,cin,2022,17
CappAl00,Alex Cappa,cin,2022,9
CarmJa00,Jackson Carman,cin,2022,0
CartZa00,Zachary Carter,cin,2022,5
ChasJa00,Ja'Marr Chase,cin,2022,11
ChriDr00,Drue Chrisman,cin,2022,1
CollLa01,La'el Collins,cin,2022,10
DaviDo03,Domenique Davis,cin,2022,0
DaviJa06,Jalen Davis,cin,2022,1
DaviAk01,Akeem Davis-Gaither,cin,2022,2
EvanCh02,Chris Evans,cin,2022,0
FlowTr01,Tre Flowers,cin,2022,2
GeorAl00,Allan George,cin,2022,0
GuntJe01,Jeff Gunter,cin,2022,1
HarrCl20,Clark Harris,cin,2022,0
HendTr00,Trey Hendrickson,cin,2022,12
HiggTe00,Tee Higgins,cin,2022,10
HillB.00,B.J. Hill,cin,2022,9
HillDa04,Daxton Hill,cin,2022,2
HillTr03,Trey Hill,cin,2022,1
HiltMi01,Mike Hilton,cin,2022,3
HubbSa00,Sam Hubbard,cin,2022,8
HubeKe20,Kevin Huber,cin,2022,1
HursHa00,Hayden Hurst,cin,2022,4
IrwiTr00,Trenton Irwin,cin,2022,2
JohnCl00,Clay Johnston,cin,2022,1
JoneKe03,Keandre Jones,cin,2022,0
KarrTe00,Ted Karras,cin,2022,9
LassKw00,Kwamie Lassiter II,cin,2022,0
McPhEv00,Evan McPherson,cin,2022,3
MixoJo00,Joe Mixon,cin,2022,9
MorgSt02,Stanley Morgan Jr.,cin,2022,0
OssaJo00,Joseph Ossai,cin,2022,3
PeriSa00,Samaje Perine,cin,2022,6
PratGe00,Germaine Pratt,cin,2022,9
ReadD.00,D.J. Reader,cin,2022,6
SampCa00,Cameron Sample,cin,2022,2
SampDr00,Drew Sample,cin,2022,0
SchaMa01,Max Scharping,cin,2022,1
ShelTy00,Tyler Shelvin,cin,2022,0
SmitDA03,D'Ante Smith,cin,2022,0
TaylTr02,Trent Taylor,cin,2022,1
TaylCa01,Cam Taylor-Britt,cin,2022,4
ThomMi02,Michael Thomas,cin,2022,1
ThomMi04,Mike Thomas,cin,2022,0
TufeJa00,Jay Tufele,cin,2022,1
TupoJo00,Josh Tupou,cin,2022,4
VolsCo02,Cordell Volson,cin,2022,9
WilcMi01,Mitchell Wilcox,cin,2022,1
WillJo10,Jonah Williams,cin,2022,11
WillTr06,Trayveon Williams,cin,2022,1
WilsLo00,Logan Wilson,cin,2022,8
AdebPa00,Paulson Adebo,nor,2022,4
AndrJo01,Josh Andrews,nor,2022,2
BaunZa00,Zack Baun,nor,2022,1
BenjEn00,Eno Benjamin,nor,2022,0
CallMa01,Marquez Callaway,nor,2022,1
DaltAn00,Andy Dalton,nor,2022,8
DaveMa00,Marcus Davenport,nor,2022,5
DaviDe00,Demario Davis,nor,2022,15
DaviWy00,Wyatt Davis,nor,2022,0
DoweAn00,Andrew Dowell,nor,2022,1
DuraYa01,Yasir Durant,nor,2022,0
ElliKa00,Kaden Elliss,nor,2022,6
EvanJu00,Justin Evans,nor,2022,2
FielDa02,DaMarcus Fields,nor,2022,0
GillBl00,Blake Gillikin,nor,2022,3
GranCa01,Carl Granderson,nor,2022,4
GrayJ.00,J.T. Gray,nor,2022,1
HansCh02,Chase Hansen,nor,2022,1
HarrCh01,Chris Harris Jr.,nor,2022,2
HarrDe07,Deonte Harty,nor,2022,0
HillTa00,Taysom Hill,nor,2022,4
HoltJ.01,J.P. Holtz,nor,2022,0
HowaJo00,Jordan Howard,nor,2022,0
HursJa00,James Hurst,nor,2022,6
IngrMa01,Mark Ingram,nor,2022,2
JohnDa08,David Johnson,nor,2022,0
JohnJu02,Juwan Johnson,nor,2022,4
JoneTo04,Tony Jones,nor,2022,0
JordCa00,Cameron Jordan,nor,2022,12
KamaAl00,Alvin Kamara,nor,2022,8
KiddLe00,Lewis Kidd,nor,2022,1
KirkKe00,Keith Kirkwood,nor,2022,0
KpasTa00,Tanoh Kpassagnon,nor,2022,3
KrulLu00,Lucas Krull,nor,2022,0
LandJa00,Jarvis Landry,nor,2022,2
LattMa01,Marshon Lattimore,nor,2022,3
LutzWi00,Wil Lutz,nor,2022,1
MathTy00,Tyrann Mathieu,nor,2022,7
MayeMa00,Marcus Maye,nor,2022,4
McCoEr01,Erik McCoy,nor,2022,5
MerrKi00,Kirk Merritt,nor,2022,0
MurrLa00,Latavius Murray,nor,2022,0
OlavCh00,Chris Olave,nor,2022,8
OnyeDa00,David Onyemata,nor,2022,9
PeatAn00,Andrus Peat,nor,2022,4
PennTr00,Trevor Penning,nor,2022,1
PrenAd00,Adam Prentice,nor,2022,0
RamcRy00,Ryan Ramczyk,nor,2022,8
RingCh00,Christian Ringo,nor,2022,0
RoacMa01,Malcolm Roach,nor,2022,2
RobyBr00,Bradley Roby,nor,2022,4
RuizCe00,Cesar Ruiz,nor,2022,6
SeweNe00,Nephi Sewell,nor,2022,0
ShahRa00,Rashid Shaheed,nor,2022,4
SmitTr03,Tre'Quan Smith,nor,2022,2
SoreDa01,Daniel Sorensen,nor,2022,2
StreKe00,Kentavius Street,nor,2022,2
SummTy00,Ty Summers,nor,2022,0
TaylAl01,Alontae Taylor,nor,2022,3
ThomMi05,Michael Thomas,nor,2022,1
ThomBr03,Bryce Thompson,nor,2022,0
ThroCa01,Calvin Throckmorton,nor,2022,3
TrauAd00,Adam Trautman,nor,2022,2
TurnPa02,Payton Turner,nor,2022,1
TuttSh00,Shy Tuttle,nor,2022,7
VannNi00,Nick Vannett,nor,2022,0
WashDw00,Dwayne Washington,nor,2022,0
WernPe00,Pete Werner,nor,2022,5
WhitKe00,Kevin White,nor,2022,1
WillP.00,P.J. Williams,nor,2022,2
WinsJa00,Jameis Winston,nor,2022,2
WoodZa00,Zach Wood,nor,2022,1
YiadIs00,Isaac Yiadom,nor,2022,0
YounLa00,Landon Young,nor,2022,2
ZuniJa00,Jabari Zuniga,nor,2022,0
AiyuBr00,Brandon Aiyuk,sfo,2022,11
AlShAz00,Azeez Al-Shaair,sfo,2022,5
ArmsAr01,Arik Armstead,sfo,2022,4
BankAa00,Aaron Banks,sfo,2022,7
BosaNi00,Nick Bosa,sfo,2022,18
BrenJa01,Jake Brendel,sfo,2022,8
BrunDa00,Daniel Brunskill,sfo,2022,2
BurfSp00,Spencer Burford,sfo,2022,7
BurkOr00,Oren Burks,sfo,2022,2
ColeTe01,Tevin Coleman,sfo,2022,1
DaviTy03,Tyrion Davis-Price,sfo,2022,1
DwelRo00,Ross Dwelley,sfo,2022,1
DwumMi00,Michael Dwumfour,sfo,2022,0
EbukSa00,Samson Ebukam,sfo,2022,7
FlanDe00,Demetrius Flannigan-Fowles,sfo,2022,1
GaroJi00,Jimmy Garoppolo,sfo,2022,10
GipsTa00,Tashaun Gipson,sfo,2022,7
GiveKe01,Kevin Givens,sfo,2022,5
gouldrob01,Robbie Gould,sfo,2022,3
GrayDa02,Danny Gray,sfo,2022,0
GreeDr00,Dre Greenlaw,sfo,2022,8
HancBl00,Blake Hance,sfo,2022,1
HufaTa00,Talanoa Hufanga,sfo,2022,13
HydeKe01,Kerry Hyder,sfo,2022,2
JackDr01,Drake Jackson,sfo,2022,2
JenkJa03,Jackrabbit Jenkins,sfo,2022,0
JennJa00,Jauan Jennings,sfo,2022,4
JohnDo02,Dontae Johnson,sfo,2022,0
JohnJo05,Josh Johnson,sfo,2022,0
JuszKy00,Kyle Juszczyk,sfo,2022,2
KinlJa00,Javon Kinlaw,sfo,2022,3
KittGe00,George Kittle,sfo,2022,8
KrofTy00,Tyler Kroft,sfo,2022,1
LancTr00,Trey Lance,sfo,2022,1
LenoDe00,Deommodore Lenoir,sfo,2022,5
MackMa00,Marlon Mack,sfo,2022,0
MartTa00,Tay Martin,sfo,2022,0
MasoJo00,Jordan Mason,sfo,2022,2
McCaCh01,Christian McCaffrey,sfo,2022,10
McClRa00,Ray-Ray McCloud,sfo,2022,3
McGiT.00,T.Y. McGill,sfo,2022,1
McGlMi00,Mike McGlinchey,sfo,2022,9
McKiCo00,Colton McKivitz,sfo,2022,1
MitcEl00,Elijah Mitchell,sfo,2022,2
MoorJa04,Jaylon Moore,sfo,2022,2
MoorTa00,Tarvarius Moore,sfo,2022,1
MoseEm00,Emmanuel Moseley,sfo,2022,2
OdumGe00,George Odum,sfo,2022,5
OmenCh00,Charles Omenihu,sfo,2022,3
PeppTa00,Taybor Pepper,sfo,2022,1
PurdBr00,Brock Purdy,sfo,2022,6
RidgHa00,Hassan Ridgeway,sfo,2022,4
RobiCu00,Curtis Robinson,sfo,2022,0
SamuDe00,Deebo Samuel,sfo,2022,8
SneaWi00,Willie Snead,sfo,2022,0
SpenAk00,Akeem Spence,sfo,2022,1
ThomAm00,Ambry Thomas,sfo,2022,1
TuraKe00,Kemoko Turay,sfo,2022,0
TurnMa00,Malik Turner,sfo,2022,0
WardCh01,Charvarius Ward,sfo,2022,6
WardJi01,Jimmie Ward,sfo,2022,3
WarnFr00,Fred Warner,sfo,2022,17
WillTr21,Trent Williams,sfo,2022,15
WillJo09,Jordan Willis,sfo,2022,1
WilsJe01,Jeff Wilson,sfo,2022,4
WishMi00,Mitch Wishnowsky,sfo,2022,1
WoerCh00,Charlie Woerner,sfo,2022,0
WomaSa00,Samuel Womack,sfo,2022,2
ZakeNi00,Nick Zakelj,sfo,2022,0
AbouOd00,Oday Aboushi,ram,2022,3
AkerCa00,Cam Akers,ram,2022,6
AlleBr02,Brian Allen,ram,2022,3
AnchTr00,Tremayne Anchrum,ram,2022,0
ArcuAJ00,AJ Arcuri,ram,2022,1
AtweTu00,Tutu Atwell,ram,2022,3
BlanKe01,Kendall Blanton,ram,2022,0
BrewCh01,Chandler Brewer,ram,2022,2
BrowBo04,Bobby Brown,ram,2022,1
BrowEa00,Earnest Brown IV,ram,2022,1
BrowMa03,Malcolm Brown,ram,2022,1
BurgTe00,Terrell Burgess,ram,2022,1
CartRo03,Roger Carter,ram,2022,0
CartTJ00,T.J. Carter,ram,2022,0
CartTJ01,T.J. Carter,ram,2022,0
CopeMa01,Marquise Copeland,ram,2022,4
DixoRi00,Riley Dixon,ram,2022,3
DonaAa00,Aaron Donald,ram,2022,8
DuraDe01,Cobie Durant,ram,2022,2
EdwaDa01,David Edwards,ram,2022,2
EvanBo00,Bobby Evans,ram,2022,2
FloyLe00,Leonard Floyd,ram,2022,8
FullJo01,Jordan Fuller,ram,2022,0
FunkJa00,Jake Funk,ram,2022,0
GainGr00,Greg Gaines,ram,2022,5
GayxMa00,Matt Gay,ram,2022,5
GervJa00,Jake Gervase,ram,2022,1
HaleGr00,Grant Haley,ram,2022,0
HardDa01,Daniel Hardy,ram,2022,0
HarrJa03,Jacob Harris,ram,2022,0
HaveRo00,Rob Havenstein,ram,2022,8
HendDa00,Darrell Henderson,ram,2022,3
HigbTy00,Tyler Higbee,ram,2022,6
HillTr01,Troy Hill,ram,2022,4
HoecMi00,Michael Hoecht,ram,2022,3
HollJu00,Justin Hollins,ram,2022,3
HopkBr01,Brycen Hopkins,ram,2022,1
HowaTr00,Travin Howard,ram,2022,0
HummJa00,Jake Hummel,ram,2022,0
JackAl01,Alaric Jackson,ram,2022,2
JeffVa00,Van Jefferson,ram,2022,3
JollSh00,Shaun Jolly,ram,2022,0
JoneEr01,Ernest Jones,ram,2022,5
KendDe00,Derion Kendrick,ram,2022,2
KoloJe00,Jeremiah Kolone,ram,2022,1
KuppCo00,Cooper Kupp,ram,2022,8
LakeQu00,Quentin Lake,ram,2022,0
LewiTe00,Terrell Lewis,ram,2022,2
LongDa02,David Long,ram,2022,2
MayfBa00,Baker Mayfield,ram,2022,3
McCuLa01,Lance McCutcheon,ram,2022,0
McKiTa00,Takkarist McKinley,ram,2022,0
MurcLa00,Larrell Murchison,ram,2022,0
NoteJo00,Joseph Noteboom,ram,2022,2
NsekTy00,Ty Nsekhe,ram,2022,4
OrzeMa00,Matthew Orzech,ram,2022,1
PerkBr02,Bryce Perkins,ram,2022,1
PinkJa02,Jared Pinkney,ram,2022,0
PoweBr00,Brandon Powell,ram,2022,2
RamsJa00,Jalen Ramsey,ram,2022,8
RappTa00,Taylor Rapp,ram,2022,5
RiveRo01,Ronnie Rivers,ram,2022,0
RobiAS00,A'Shawn Robinson,ram,2022,4
RobiAl02,Allen Robinson,ram,2022,3
RochRo00,Robert Rochell,ram,2022,1
RozeCh00,Christian Rozeboom,ram,2022,1
ScotNi01,Nick Scott,ram,2022,5
ShelCo00,Coleman Shelton,ram,2022,5
SkowBe00,Ben Skowronek,ram,2022,4
SkurMa01,Matt Skura,ram,2022,3
StafMa00,Matthew Stafford,ram,2022,7
ThomBr04,Brayden Thomas,ram,2022,0
ThomKe04,Keir Thomas,ram,2022,1
ThomZa04,Zachary Thomas,ram,2022,0
TramAu00,Austin Trammell,ram,2022,0
WagnBo00,Bobby Wagner,ram,2022,13
WillJo16,Jonah Williams,ram,2022,3
WillKy02,Kyren Williams,ram,2022,2
WolfJo00,John Wolford,ram,2022,1
YeasRu00,Russ Yeast,ram,2022,1
AndeJa01,Jack Anderson,nyg,2022,1
AndeRy01,Ryder Anderson,nyg,2022,1
BarkSa00,Saquon Barkley,nyg,2022,11
BellDa00,Daniel Bellinger,nyg,2022,3
BeltDa00,Dane Belton,nyg,2022,3
BredBe00,Ben Bredeson,nyg,2022,3
BreiMa00,Matt Breida,nyg,2022,3
BrigGa00,Gary Brightwell,nyg,2022,1
BrowCa01,Cam Brown,nyg,2022,1
BurgTe00,Terrell Burgess,nyg,2022,0
ButlVe00,Vernon Butler,nyg,2022,0
CageLa01,Lawrence Cager,nyg,2022,1
CaliAu00,Austin Calitro,nyg,2022,1
CollLa00,Landon Collins,nyg,2022,1
CougCa00,Carter Coughlin,nyg,2022,1
CrowTa00,Tae Crowder,nyg,2022,4
CunnKo00,Korey Cunningham,nyg,2022,0
DaviDJ00,D.J. Davidson,nyg,2022,0
DaviJa01,Jarrad Davis,nyg,2022,0
DaviWy00,Wyatt Davis,nyg,2022,0
ElliJu01,Justin Ellis,nyg,2022,3
EzeuJo00,Joshua Ezeudu,nyg,2022,1
FeliJo00,Jon Feliciano,nyg,2022,6
FlotCo00,Cordale Flott,nyg,2022,2
FoxxTo00,Tomon Fox,nyg,2022,2
GanoGr44,Graham Gano,nyg,2022,5
GateNi00,Nick Gates,nyg,2022,3
GilbZy00,Zyon Gilbert,nyg,2022,0
GillJa00,Jamie Gillan,nyg,2022,2
GlowMa00,Mark Glowinski,nyg,2022,6
GollKe00,Kenny Golladay,nyg,2022,1
HamiDe00,Devery Hamilton,nyg,2022,1
HeflJa00,Jack Heflin,nyg,2022,0
HodgIs00,Isaiah Hodgins,nyg,2022,3
HolmDa01,Darnay Holmes,nyg,2022,1
HudsTa00,Tanner Hudson,nyg,2022,1
JackAd00,Adoree' Jackson,nyg,2022,4
JameRi00,Richie James,nyg,2022,6
JeffTo00,Tony Jefferson,nyg,2022,1
JohnMa07,Marcus Johnson,nyg,2022,1
JoneDa05,Daniel Jones,nyg,2022,15
KreiCa00,Casey Kreiter,nyg,2022,1
LawrDe03,Dexter Lawrence,nyg,2022,13
LaynJu00,Justin Layne,nyg,2022,0
LemiSh00,Shane Lemieux,nyg,2022,0
LoveJu00,Julian Love,nyg,2022,6
McClNi00,Nick McCloud,nyg,2022,3
McFaMi01,Micah McFadden,nyg,2022,4
McKiXa00,Xavier McKinney,nyg,2022,3
MondHe00,Henry Mondeaux,nyg,2022,2
MoreFa00,Fabian Moreau,nyg,2022,4
MyarCh00,Chris Myarick,nyg,2022,1
NealEv00,Evan Neal,nyg,2022,6
OjulAz00,Azeez Ojulari,nyg,2022,3
PearMa00,Matt Peart,nyg,2022,1
PhilTy00,Tyre Phillips,nyg,2022,3
PinnJa01,Jason Pinnock,nyg,2022,2
RobiAa00,Aaron Robinson,nyg,2022,1
RobiWa01,Wan'Dale Robinson,nyg,2022,2
RochQu00,Quincy Roche,nyg,2022,0
ShepSt00,Sterling Shepard,nyg,2022,1
SillDa01,David Sills,nyg,2022,1
SlayDa01,Darius Slayton,nyg,2022,7
SmitEl00,Elerson Smith,nyg,2022,0
SmitJa05,Jaylon Smith,nyg,2022,5
TaylTy00,Tyrod Taylor,nyg,2022,1
ThibKa00,Kayvon Thibodeaux,nyg,2022,7
ThomAn02,Andrew Thomas,nyg,2022,12
ThomTr01,Trenton Thompson,nyg,2022,0
ToneKa00,Kadarius Toney,nyg,2022,0
VannNi00,Nick Vannett,nyg,2022,0
WardJi02,Jihad Ward,nyg,2022,5
WebbDa00,Davis Webb,nyg,2022,1
WillAn03,Antonio Williams,nyg,2022,0
WillLe02,Leonard Williams,nyg,2022,6
WillNi01,Nick Williams,nyg,2022,3
WillRo07,Rodarius Williams,nyg,2022,1
XimiOs00,Oshane Ximines,nyg,2022,3
AlleDa01,Dakota Allen,den,2022,0
AndeCa00,Calvin Anderson,den,2022,3
BadiTy00,Tyler Badie,den,2022,0
BailQu00,Quinn Bailey,den,2022,1
BassEs01,Essang Bassey,den,2022,1
BeckAn01,Andrew Beck,den,2022,0
BobeJa00,Jacob Bobenmoyer,den,2022,1
BollGa00,Garett Bolles,den,2022,2
BoniNi00,Nik Bonitto,den,2022,2
BoonMi00,Mike Boone,den,2022,1
BrowBa01,Baron Browning,den,2022,6
ChubBr00,Bradley Chubb,den,2022,4
ClevTy00,Tyrie Cleveland,den,2022,0
CompTo00,Tom Compton,den,2022,0
CoopJo02,Jonathon Cooper,den,2022,5
CushLl00,Lloyd Cushenberry III,den,2022,3
DarbRo00,Ronald Darby,den,2022,2
DiLaCh00,Christian DiLauro,den,2022,0
DulcGr00,Greg Dulcich,den,2022,3
EdmoCh00,Chase Edmonds,den,2022,1
FlemCa00,Cameron Fleming,den,2022,6
FrabMi00,Mitchell Fraboni,den,2022,0
GarcEl00,Elijah Garcia,den,2022,0
GlasGr00,Graham Glasgow,den,2022,4
GordMe00,Melvin Gordon,den,2022,3
GregRa00,Randy Gregory,den,2022,2
GrifJo01,Jonas Griffith,den,2022,4
HamlKJ00,KJ Hamler,den,2022,1
HarrAn01,Anthony Harris,den,2022,0
HarrJo05,Jonathan Harris,den,2022,2
HennMa01,Matt Henningsen,den,2022,1
HickFa00,Faion Hicks,den,2022,0
HintKe00,Kendall Hinton,den,2022,2
JackKa99,Kareem Jackson,den,2022,6
JackLa02,Lamar Jackson,den,2022,0
JeudJe00,Jerry Jeudy,den,2022,7
JeweJo00,Josey Jewell,den,2022,8
JohnBr23,Brandon Johnson,den,2022,0
JoneD.01,D.J. Jones,den,2022,8
JoneDr00,Dre'Mont Jones,den,2022,7
KongJo00,Jonathan Kongbo,den,2022,0
LangHa00,Harvey Langi,den,2022,0
LockPJ00,P.J. Locke,den,2022,1
MackMa00,Marlon Mack,den,2022,1
MartJa02,Jacob Martin,den,2022,0
MathDa00,Damarri Mathis,den,2022,4
McMaBr01,Brandon McManus,den,2022,2
McMiJa00,Ja'Quan McMillian,den,2022,0
MeinQu02,Quinn Meinerz,den,2022,4
MurrLa00,Latavius Murray,den,2022,4
MutiNe00,Netane Muti,den,2022,0
OjemMi00,Michael Ojemudia,den,2022,0
OkwuAl00,Albert Okwuegbunam,den,2022,1
OzigDe01,Devine Ozigbo,den,2022,0
PatrAa00,Aaron Patrick,den,2022,0
PhilDa02,Darius Phillips,den,2022,0
PurcMi00,Mike Purcell,den,2022,4
RayxWy01,Wyatt Ray,den,2022,0
RisnDa00,Dalton Risner,den,2022,5
RypiBr00,Brett Rypien,den,2022,1
SaubEr00,Eric Saubert,den,2022,1
SimmJu00,Justin Simmons,den,2022,9
SingAl00,Alex Singleton,den,2022,6
SterCa00,Caden Sterns,den,2022,1
StrnJu00,Justin Strnad,den,2022,1
SurtPa01,Patrick Surtain II,den,2022,14
SuttCo00,Courtland Sutton,den,2022,5
SwaiFr00,Freddie Swain,den,2022,0
TomlEr01,Eric Tomlinson,den,2022,1
TurnBi00,Billy Turner,den,2022,2
TurnDe02,Delarrin Turner-Yell,den,2022,1
UwazEy00,Eyioma Uwazurike,den,2022,1
VirgJa00,Jalen Virgil,den,2022,0
WaitCo00,Corliss Waitman,den,2022,3
WashMo00,Montrell Washington,den,2022,0
WattLu00,Luke Wattenberg,den,2022,1
WilbRa00,Ray Wilborn,den,2022,0
WillDe04,DeShawn Williams,den,2022,8
WillJa10,Javonte Williams,den,2022,1
WillKW00,K'Waun Williams,den,2022,3
WilsRu00,Russell Wilson,den,2022,9
AlleDa01,Dakota Allen,cle,2022,0
BaldDa01,Daylen Baldwin,cle,2022,0
BellDA03,D'Anthony Bell,cle,2022,1
BellDa02,David Bell,cle,2022,2
BitoJo00,Joel Bitonio,cle,2022,12
BojoCo00,Corey Bojorquez,cle,2022,3
BrisJa00,Jacoby Brissett,cle,2022,10
BrowMi02,Mike Brown,cle,2022,0
BrowPh01,Pharaoh Brown,cle,2022,0
BryaTa00,Taven Bryan,cle,2022,6
BryaHa00,Harrison Bryant,cle,2022,2
CartJe00,Jermaine Carter Jr.,cle,2022,1
ChubNi00,Nick Chubb,cle,2022,12
ClowJa00,Jadeveon Clowney,cle,2022,4
ConkJa00,Jack Conklin,cle,2022,6
CoopAm00,Amari Cooper,cle,2022,11
DardJa00,Jaelon Darden,cle,2022,0
DaviTa00,Tae Davis,cle,2022,0
DelpGr00,Grant Delpit,cle,2022,6
DunnMi01,Michael Dunn,cle,2022,1
ElliJo02,Jordan Elliott,cle,2022,7
EmerMa00,Martin Emerson,cle,2022,2
FeltDe00,Demetric Felton,cle,2022,0
FielTo00,Tony Fields,cle,2022,4
ForbDr00,Drew Forbes,cle,2022,1
FordJe00,Jerome Ford,cle,2022,0
ForrMi00,Miller Forristall,cle,2022,0
FrohHj00,Hjalte Froholdt,cle,2022,3
GarrMy00,Myles Garrett,cle,2022,13
GrahTh00,Thomas Graham,cle,2022,0
GreeAJ00,A.J. Green,cle,2022,1
HaegJo00,Joe Haeg,cle,2022,0
HarrRo02,Ronnie Harrison,cle,2022,2
HubbCh00,Chris Hubbard,cle,2022,1
HudsJa00,James Hudson,cle,2022,2
HughCh01,Charley Hughlett,cle,2022,1
HuntKa00,Kareem Hunt,cle,2022,5
JackSt01,Storey Jackson,cle,2022,0
JameJe00,Jesse James,cle,2022,0
JohnDE04,D'Ernest Johnson,cle,2022,0
JohnJo10,John Johnson,cle,2022,6
JoneDe01,Deion Jones,cle,2022,3
KamaSa00,Sam Kamara,cle,2022,0
KellJo00,John Kelly,cle,2022,0
KunaJo00,Jordan Kunaszyk,cle,2022,2
LeCoRi00,Richard LeCounte,cle,2022,0
MillHe01,Herb Miller,cle,2022,0
NewsGr00,Greg Newsome II,cle,2022,4
NjokDa00,David Njoku,cle,2022,6
OwusJe00,Jeremiah Owusu-Koramoah,cle,2022,4
PeopDo00,Donovan Peoples-Jones,cle,2022,9
PerrRo01,Roderick Perry,cle,2022,0
PhilJa01,Jacob Phillips,cle,2022,2
PociEt00,Ethan Pocic,cle,2022,5
RaglRe00,Reggie Ragland,cle,2022,1
RochIs00,Isaac Rochell,cle,2022,1
RogeCh02,Chester Rogers,cle,2022,0
SchwAn00,Anthony Schwartz,cle,2022,1
StilBe00,Ben Stille,cle,2022,1
TakiSi00,Sione Takitaki,cle,2022,3
TellWy00,Wyatt Teller,cle,2022,7
ThomIs01,Isaiah Thomas,cle,2022,1
TogiTo00,Tommy Togiai,cle,2022,2
WalkAn01,Anthony Walker,cle,2022,1
WardDe02,Denzel Ward,cle,2022,6
WatsDe00,Deshaun Watson,cle,2022,4
WillGr00,Greedy Williams,cle,2022,1
WillJe04,Jedrick Wills Jr.,cle,2022,8
WinfPe00,Perrion Winfrey,cle,2022,1
WinoCh00,Chase Winovich,cle,2022,1
WoodMi00,Michael Woods II,cle,2022,0
WrigAl01,Alex Wright,cle,2022,3
YorkCa00,Cade York,cle,2022,1
AlieMo00,Mo Alie-Cox,clt,2022,1
BakeDa02,Darrell Baker,clt,2022,0
BanoBe00,Ben Banogu,clt,2022,1
BlacJu01,Julian Blackmon,clt,2022,4
BlanRo03,Rodrigo Blankenship,clt,2022,0
BrowTo01,Tony Brown,clt,2022,1
BuckDe00,DeForest Buckner,clt,2022,8
CampPa00,Parris Campbell,clt,2022,5
ClinKa00,Kameron Cline,clt,2022,0
CoutKe00,Keke Coutee,clt,2022,0
CowaBy00,Byron Cowart,clt,2022,1
CrosNi00,Nick Cross,clt,2022,2
DenbTr00,Trevor Denbow,clt,2022,0
DomaJo00,JoJo Domann,clt,2022,1
DuliAs00,Ashton Dulin,clt,2022,1
EhliSa00,Sam Ehlinger,clt,2022,2
FacyBr00,Brandon Facyson,clt,2022,2
FernEt00,Ethan Fernea,clt,2022,0
FlowDa00,Dallis Flowers,clt,2022,1
FoleNi00,Nick Foles,clt,2022,1
FranZa00,Zaire Franklin,clt,2022,8
FrieWi00,Will Fries,clt,2022,3
FunkJa00,Jake Funk,clt,2022,0
GilmSt00,Stephon Gilmore,clt,2022,5
GranKy00,Kylen Granson,clt,2022,2
HaacMa00,Matt Haack,clt,2022,2
HineNy00,Nyheim Hines,clt,2022,1
JackDe02,Deon Jackson,clt,2022,3
JohnEr01,Eric Johnson,clt,2022,1
KaliNi00,Nikola Kalinic,clt,2022,0
KareKh00,Khalid Kareem,clt,2022,0
KellDe00,Dennis Kelly,clt,2022,2
KellRy00,Ryan Kelly,clt,2022,5
LeonDa00,Shaquille Leonard,clt,2022,1
LewiTy00,Tyquan Lewis,clt,2022,2
LindPh00,Phillip Lindsay,clt,2022,0
McGrCa00,Cameron McGrone,clt,2022,0
McLaCh00,Chase McLaughlin,clt,2022,3
McLeRo00,Rodney McLeod,clt,2022,5
MoorKe03,Kenny Moore,clt,2022,4
MossZa00,Zack Moss,clt,2022,2
NelsQu00,Quenton Nelson,clt,2022,7
NgakYa00,Yannick Ngakoue,clt,2022,7
OdenIf00,Ifeadi Odenigbo,clt,2022,1
OdeyDa00,Dayo Odeyingbo,clt,2022,3
OkerBo00,Bobby Okereke,clt,2022,8
OlubSe00,Segun Olubi,clt,2022,0
PatmDe00,Dezmon Patmon,clt,2022,0
PayeKw00,Kwity Paye,clt,2022,6
PierAl00,Alec Pierce,clt,2022,4
PintDa00,Danny Pinter,clt,2022,2
PittMi01,Michael Pittman Jr.,clt,2022,7
PricDV00,D'Vonte Price,clt,2022,0
PryoMa00,Matt Pryor,clt,2022,4
RaimBe00,Bernhard Raimann,clt,2022,5
RhodLu00,Luke Rhodes,clt,2022,1
RhynFo00,Forrest Rhyne,clt,2022,0
RodgIs00,Isaiah Rodgers,clt,2022,4
RyanMa00,Matt Ryan,clt,2022,7
SmitBr06,Braden Smith,clt,2022,6
SpeeEJ00,E.J. Speed,clt,2022,3
StewGr00,Grover Stewart,clt,2022,8
StraMi03,Mike Strachan,clt,2022,0
StuaGr00,Grant Stuard,clt,2022,1
TaylJo02,Jonathan Taylor,clt,2022,5
ThomRo07,Rodney Thomas II,clt,2022,4
WilkJo01,Jordan Wilkins,clt,2022,0
WillCh08,Chris Williams,clt,2022,0
WoodJe01,Jelani Woods,clt,2022,2
AdamAn00,Andrew Adams,oti,2022,5
AdenOl00,Olasunkanmi Adeniyi,oti,2022,1
AmadUg00,Ugo Amadi,oti,2022,0
AutrDe00,Denico Autry,oti,2022,5
AverTr01,Tre Avery,oti,2022,2
BashTa00,Tarell Basham,oti,2022,0
BoarC.00,C.J. Board,oti,2022,0
BrewAa01,Aaron Brewer,oti,2022,6
BullRa00,Randy Bullock,oti,2022,3
BurkTr00,Treylon Burks,oti,2022,4
ByarKe01,Kevin Byard,oti,2022,7
CannTr00,Trenton Cannon,oti,2022,0
CartTo01,Tory Carter,oti,2022,0
ChesJu00,Julius Chestnut,oti,2022,0
ClarLe01,Le'Raven Clark,oti,2022,1
ColeDy00,Dylan Cole,oti,2022,4
ConlCh00,Chris Conley,oti,2022,0
CoxxMo00,Morgan Cox,oti,2022,0
CunnZa00,Zach Cunningham,oti,2022,3
DaleDe00,Dennis Daley,oti,2022,5
DaviNa01,Nate Davis,oti,2022,4
DobbJo00,Joshua Dobbs,oti,2022,1
DuprAl00,Bud Dupree,oti,2022,6
EdwaMa01,Mario Edwards,oti,2022,4
FarlCa00,Caleb Farley,oti,2022,1
FitzDe00,Dez Fitzpatrick,oti,2022,0
FultKr00,Kristian Fulton,oti,2022,5
GibbJa00,Jack Gibbens,oti,2022,1
GordJo02,Josh Gordon,oti,2022,0
HandDa00,Da'Shawn Hand,oti,2022,0
HarrDa05,Davontae Harris,oti,2022,0
HaskHa00,Hassan Haskins,oti,2022,1
HenrDe00,Derrick Henry,oti,2022,11
HillDo00,Dontrell Hilliard,oti,2022,2
HollCo00,Cody Hollister,oti,2022,0
HookAm00,Amani Hooker,oti,2022,4
HoopAu00,Austin Hooper,oti,2022,4
JackCh01,Chris Jackson,oti,2022,0
JohnLo01,Lonnie Johnson Jr.,oti,2022,1
JohnZa00,Zack Johnson,oti,2022,0
JoneBe01,Ben Jones,oti,2022,5
JoneJo05,Joseph Jones,oti,2022,1
JoneNa01,Naquan Jones,oti,2022,1
KaluJo00,Joshua Kalu,oti,2022,3
KinsMa00,Mason Kinsey,oti,2022,0
LambJo00,Josh Lambo,oti,2022,0
LeviCo00,Corey Levin,oti,2022,2
LewaTa00,Taylor Lewan,oti,2022,1
LongDa04,David Long,oti,2022,6
MabiGr00,Greg Mabin,oti,2022,0
McCrRo01,Roger McCreary,oti,2022,6
McMaRa00,Racey McMath,oti,2022,0
MitcTe00,Terrance Mitchell,oti,2022,2
MoldEl00,Elijah Molden,oti,2022,0
MoorA.00,A.J. Moore,oti,2022,0
MunyDa00,Daniel Munyer,oti,2022,0
MurcLa00,Larrell Murchison,oti,2022,0
NewmXa00,Xavier Newman-Johnson,oti,2022,0
OkonCh00,Chigoziem Okonkwo,oti,2022,4
OkuaSa00,Sam Okuayinonu,oti,2022,1
PeevJa00,Jayden Peevy,oti,2022,0
PetiNi00,Nicholas Petit-Frere,oti,2022,6
PhilKy01,Kyle Philips,oti,2022,1
RadeKe00,Kevin Rader,oti,2022,0
RaduDi00,Dillon Radunz,oti,2022,2
RayxWy01,Wyatt Ray,oti,2022,0
ReidJo00,John Reid,oti,2022,0
RiceMo00,Monty Rice,oti,2022,3
RoosJo00,Jordan Roos,oti,2022,1
SchoJo00,Joe Schobert,oti,2022,1
ShudCa00,Caleb Shudak,oti,2022,0
SimmJe01,Jeffery Simmons,oti,2022,14
SmitAn04,Andre Smith,oti,2022,0
StonRy00,Ryan Stonehouse,oti,2022,6
StroKe00,Kevin Strong,oti,2022,2
SwaiGe00,Geoff Swaim,oti,2022,0
TannRy00,Ryan Tannehill,oti,2022,8
TartTe00,Teair Tart,oti,2022,8
ThomJo07,Josh Thompson,oti,2022,0
TuszDe00,Derrek Tuszka,oti,2022,0
WalkDe03,DeMarcus Walker,oti,2022,4
WardJo00,Jonathan Ward,oti,2022,0
WeavRa00,Rashad Weaver,oti,2022,4
WestNi00,Nick Westbrook-Ikhine,oti,2022,3
WillMa12,Malik Willis,oti,2022,1
WoodRo02,Robert Woods,oti,2022,4
AdamTo03,Tony Adams,nyj,2022,1
AlexKw00,Kwon Alexander,nyj,2022,6
BerrBr00,Braxton Berrios,nyj,2022,1
BrowDu20,Duane Brown,nyj,2022,5
CageLa01,Lawrence Cager,nyj,2022,0
CartMi02,Michael Carter II,nyj,2022,3
CartMi03,Michael Carter,nyj,2022,4
ClemMi03,Micheal Clemons,nyj,2022,1
ConkTy00,Tyler Conklin,nyj,2022,4
CurrVi00,Vinny Curry,nyj,2022,1
DaviAs00,Ashtyn Davis,nyj,2022,1
DaviCo03,Corey Davis,nyj,2022,4
DuveLa00,Laurent Duvernay-Tardif,nyj,2022,1
EchoBr00,Brandin Echols,nyj,2022,1
FantGe00,George Fant,nyj,2022,3
FeenDa00,Dan Feeney,nyj,2022,2
FlacJo00,Joe Flacco,nyj,2022,1
FranJo02,John Franklin-Myers,nyj,2022,8
GardSa00,Sauce Gardner,nyj,2022,14
HallBr03,Breece Hall,nyj,2022,4
HallBr02,Bryce Hall,nyj,2022,0
HardJu01,Justin Hardee,nyj,2022,4
HarrMa03,Marcell Harris,nyj,2022,1
HennTh00,Thomas Hennessy,nyj,2022,1
HerbNa01,Nate Herbig,nyj,2022,4
HermGr00,Grant Hermanns,nyj,2022,0
HuffBr00,Bryce Huff,nyj,2022,1
JohnJe07,Jermaine Johnson II,nyj,2022,1
JohnTy02,Ty Johnson,nyj,2022,1
JoynLa00,Lamarcus Joyner,nyj,2022,5
KnigZo00,Zonovan Knight,nyj,2022,2
LawsCa00,Carl Lawson,nyj,2022,8
MannBr01,Braden Mann,nyj,2022,3
MartJa02,Jacob Martin,nyj,2022,1
McDeCo00,Conor McDermott,nyj,2022,0
McGoCo00,Connor McGovern,nyj,2022,6
MimsDe00,Denzel Mims,nyj,2022,1
MitcMa02,Max Mitchell,nyj,2022,2
MoorEl00,Elijah Moore,nyj,2022,3
MoslC.00,C.J. Mosley,nyj,2022,13
NasiHa00,Hamsah Nasirildeen,nyj,2022,1
OgbuCe00,Cedric Ogbuehi,nyj,2022,2
ParkWi01,Will Parks,nyj,2022,1
RankSh00,Sheldon Rankins,nyj,2022,7
ReedD.00,D.J. Reed,nyj,2022,5
RemmMi00,Mike Remmers,nyj,2022,1
RobiJa00,James Robinson,nyj,2022,0
RuckJe00,Jeremy Ruckert,nyj,2022,0
ShepNa00,Nathan Shepherd,nyj,2022,2
SherJa00,Jamien Sherwood,nyj,2022,1
SmarTa00,Tanzel Smart,nyj,2022,0
SmitJe03,Jeff Smith,nyj,2022,1
StreCh00,Chris Streveler,nyj,2022,0
SurrCh00,Chazz Surratt,nyj,2022,0
ThomSo00,Solomon Thomas,nyj,2022,1
TomlLa01,Laken Tomlinson,nyj,2022,6
UzomC.00,C.J. Uzomah,nyj,2022,2
VeraAl00,Alijah Vera-Tucker,nyj,2022,2
WhitMi01,Mike White,nyj,2022,3
WhitJo03,Jordan Whitehead,nyj,2022,6
WillQu01,Quincy Williams,nyj,2022,7
WillQu00,Quinnen Williams,nyj,2022,17
WilsGa00,Garrett Wilson,nyj,2022,8
WilsZa00,Zach Wilson,nyj,2022,4
YeboKe00,Kenny Yeboah,nyj,2022,0
ZuerGr00,Greg Zuerlein,nyj,2022,3
AddiMa00,Mario Addison,htx,2022,1
AkinJo00,Jordan Akins,htx,2022,4
AlleKy00,Kyle Allen,htx,2022,1
ArnoGr01,Grayland Arnold,htx,2022,0
BenjEn00,Eno Benjamin,htx,2022,0
BookTh00,Thomas Booker,htx,2022,1
BritJu00,Justin Britt,htx,2022,0
BrowPh01,Pharaoh Brown,htx,2022,1
BurkRe00,Rex Burkhead,htx,2022,2
CampJa03,Jalen Camp,htx,2022,0
CannA.00,A.J. Cann,htx,2022,5
CashBl00,Blake Cashman,htx,2022,2
CollMa00,Maliek Collins,htx,2022,7
CollNi00,Nico Collins,htx,2022,4
ConlCh00,Chris Conley,htx,2022,0
CookBr00,Brandin Cooks,htx,2022,5
DecuAu00,Austin Deculus,htx,2022,0
DorsPh00,Phillip Dorsett,htx,2022,2
DrisJe00,Jeff Driskel,htx,2022,1
DwumMi00,Michael Dwumfour,htx,2022,1
FairKa01,Ka'imi Fairbairn,htx,2022,5
FranJa03,Jacobi Francis,htx,2022,0
FreeRo00,Royce Freeman,htx,2022,1
GreeKe03,Kenyon Green,htx,2022,5
GreeRa01,Rasheem Green,htx,2022,3
GreeJo04,Jonathan Greenard,htx,2022,3
GrugKa00,Kamu Grugier-Hill,htx,2022,3
HairTr00,Troy Hairston,htx,2022,0
HansJa01,Jake Hansen,htx,2022,2
HarrCh06,Christian Harris,htx,2022,6
HarrDe06,Demone Harris,htx,2022,0
HeckCh00,Charlie Heck,htx,2022,2
HewiNe00,Neville Hewitt,htx,2022,1
HiniKu00,Kurt Hinish,htx,2022,2
HowaO.00,O.J. Howard,htx,2022,1
HowaTy00,Tytus Howard,htx,2022,6
HughJe99,Jerry Hughes,htx,2022,8
JohnJa09,Jaleel Johnson,htx,2022,1
JohnJo12,Johnny Johnson,htx,2022,0
JohnTy00,Tyler Johnson,htx,2022,0
JohnTy03,Tyron Johnson,htx,2022,0
JohnCa02,Cameron Johnston,htx,2022,4
JordBr00,Brevin Jordan,htx,2022,1
KingDe01,Desmond King,htx,2022,6
KirkCh00,Christian Kirksey,htx,2022,9
LopeRo00,Roy Lopez,htx,2022,7
McCrJu00,Justin McCray,htx,2022,1
McDeKC01,KC McDermott,htx,2022,0
MillDa02,Davis Mills,htx,2022,7
MoorCh00,Chris Moore,htx,2022,4
MorrJi00,Jimmy Morrissey,htx,2022,0
MurrEr00,Eric Murray,htx,2022,1
NelsSt01,Steven Nelson,htx,2022,5
OgunDa00,Dare Ogunbowale,htx,2022,1
OkorOg00,Ogbonnia Okoronkwo,htx,2022,5
OwenJo01,Jonathan Owens,htx,2022,6
PierDa01,Dameon Pierce,htx,2022,6
PierKe00,Kevin Pierre-Louis,htx,2022,0
PitrJa00,Jalen Pitre,htx,2022,7
QuesSc00,Scott Quessenberry,htx,2022,5
QuitTe00,Teagan Quitoriano,htx,2022,1
RedmWi00,Will Redmond,htx,2022,0
ReevJa00,Jalen Reeves-Maybin,htx,2022,2
RodgAm00,Amari Rodgers,htx,2022,1
SchrMa00,Mason Schreck,htx,2022,0
SmitTr04,Tremon Smith,htx,2022,2
StalTa00,Taylor Stallworth,htx,2022,0
StewM.00,M.J. Stewart,htx,2022,1
StinDe00,Derek Stingley Jr.,htx,2022,3
ThomTa01,Tavierre Thomas,htx,2022,2
TunsLa00,Laremy Tunsil,htx,2022,8
WallGa00,Garret Wallow,htx,2022,2
WeekJo00,Jon Weeks,htx,2022,1
YiadIs00,Isaac Yiadom,htx,2022,0
AverGe00,Genard Avery,tam,2022,1
BarrSh00,Shaquil Barrett,tam,2022,4
BeasCo00,Cole Beasley,tam,2022,0
BernGi00,Giovani Bernard,tam,2022,0
BradTo00,Tom Brady,tam,2022,10
BratCa00,Cameron Brate,tam,2022,1
BritKJ00,K.J. Britt,tam,2022,1
CamaJa00,Jake Camarda,tam,2022,4
ChesAn00,Anthony Chesley,tam,2022,0
DardJa00,Jaelon Darden,tam,2022,0
DaviLa00,Lavonte David,tam,2022,9
DaviCa02,Carlton Davis,tam,2022,5
DeanJa00,Jamel Dean,tam,2022,6
DelaDe00,Dee Delaney,tam,2022,1
EdwaMi01,Mike Edwards,tam,2022,6
EvanMi00,Mike Evans,tam,2022,7
FatuOl00,Olakunle Fatukasi,tam,2022,1
FourLe00,Leonard Fournette,tam,2022,7
GabbBl00,Blaine Gabbert,tam,2022,0
GageRu00,Russell Gage,tam,2022,3
GardDo00,Don Gardner,tam,2022,0
GeigKa00,Kaylon Geiger,tam,2022,0
GholWi00,William Gholston,tam,2022,5
GilbUl00,Ulysees Gilbert,tam,2022,0
GodwCh00,Chris Godwin,tam,2022,7
GoedLu00,Luke Goedeke,tam,2022,3
HainRo00,Robert Hainsey,tam,2022,6
HallLo00,Logan Hall,tam,2022,2
HickAk00,Akiem Hicks,tam,2022,5
JensRy00,Ryan Jensen,tam,2022,0
JohnFr01,Fred Johnson,tam,2022,0
JoneJu02,Julio Jones,tam,2022,2
KiefKo00,Ko Kieft,tam,2022,1
LeveNi00,Nick Leverett,tam,2022,4
MasoSh01,Shaq Mason,tam,2022,6
McCoZy02,Zyon McCollum,tam,2022,2
MillSc01,Scott Miller,tam,2022,1
MolcJo01,John Molchon,tam,2022,0
BuntSe00,Sean Murphy-Bunting,tam,2022,3
NassCa00,Carl Nassib,tam,2022,2
NealKe01,Keanu Neal,tam,2022,4
NelsAn01,Anthony Nelson,tam,2022,5
NuneRa00,Rakeem Nunez-Roches,tam,2022,6
OConPa00,Pat O'Connor,tam,2022,1
OdenIf00,Ifeadi Odenigbo,tam,2022,0
OttoCa00,Cade Otton,tam,2022,3
PerrBr02,Breshad Perriman,tam,2022,1
RudoKy00,Kyle Rudolph,tam,2022,0
RussJJ00,J.J. Russell,tam,2022,0
RyanLo00,Logan Ryan,tam,2022,3
SenaDe00,Deadrin Senat,tam,2022,1
SkulJu00,Justin Skule,tam,2022,0
SmitDo02,Donovan Smith,tam,2022,6
SmitRy00,Ryan Smith,tam,2022,0
SuccRy44,Ryan Succop,tam,2022,2
ThomDe07,Deven Thompkins,tam,2022,0
TrasKy00,Kyle Trask,tam,2022,0
TrinZa00,Zach Triner,tam,2022,1
TryoJo00,Joe Tryon-Shoyinka,tam,2022,8
TurnNo00,Nolan Turner,tam,2022,0
VaugKe00,Ke'Shawn Vaughn,tam,2022,0
VeaxVi00,Vita Vea,tam,2022,8
WaltBr01,Brandon Walton,tam,2022,1
WellJo02,Josh Wells,tam,2022,3
WhitDe02,Devin White,tam,2022,10
WhitRa01,Rachaad White,tam,2022,4
WinfAn00,Antoine Winfield Jr.,tam,2022,5
WirfTr00,Tristan Wirfs,tam,2022,9
YounKe03,Kenny Young,tam,2022,0
AhmeSa01,Salvon Ahmed,mia,2022,0
ArmsTe00,Terron Armstead,mia,2022,9
BakeJe00,Jerome Baker,mia,2022,7
BethJu00,Justin Bethel,mia,2022,1
BridTe00,Teddy Bridgewater,mia,2022,2
BronJo01,Josiah Bronson,mia,2022,0
CampEl00,Elijah Campbell,mia,2022,1
CartCe00,Cethan Carter,mia,2022,0
ChubBr00,Bradley Chubb,mia,2022,3
ColeLa03,Larnel Coleman,mia,2022,0
ConnTa00,Tanner Conner,mia,2022,0
CottLe00,Lester Cotton,mia,2022,0
CracRi00,River Cracraft,mia,2022,1
CrosKe00,Keion Crossen,mia,2022,1
DaviRa03,Raekwon Davis,mia,2022,6
DeitMi00,Michael Deiter,mia,2022,1
EdmoCh00,Chase Edmonds,mia,2022,2
EguaSa00,Samuel Eguavoen,mia,2022,1
EichLi00,Liam Eichenberg,mia,2022,5
EzukEr00,Erik Ezukanma,mia,2022,0
FejeCl00,Clayton Fejedelem,mia,2022,1
FergBl00,Blake Ferguson,mia,2022,1
FlowTr00,Trey Flowers,mia,2022,0
GaskMy00,Myles Gaskin,mia,2022,0
GesiMi00,Mike Gesicki,mia,2022,3
HillTy00,Tyreek Hill,mia,2022,15
HollJe02,Jevon Holland,mia,2022,6
HowaXa00,Xavien Howard,mia,2022,8
HuntRo01,Robert Hunt,mia,2022,8
IgbiNo00,Noah Igbinoghene,mia,2022,1
IngoAl01,Alec Ingold,mia,2022,1
IngrMe00,Melvin Ingram,mia,2022,3
JackAu00,Austin Jackson,mia,2022,1
JenkJo00,John Jenkins,mia,2022,1
JoneBr06,Brandon Jones,mia,2022,2
JoneRo02,Robert Jones,mia,2022,4
KohoKa00,Kader Kohou,mia,2022,4
LammKe00,Kendall Lamm,mia,2022,1
LittGr01,Greg Little,mia,2022,5
LongHu00,Hunter Long,mia,2022,0
McKiVe00,Verone McKinley,mia,2022,1
MorsTh00,Thomas Morstead,mia,2022,2
MostRa00,Raheem Mostert,mia,2022,7
NeedNi00,Nik Needham,mia,2022,2
OgbaEm00,Emmanuel Ogbah,mia,2022,2
PhilJa02,Jaelan Phillips,mia,2022,7
RileDu00,Duke Riley,mia,2022,2
RobeEl00,Elandon Roberts,mia,2022,7
RoweEr00,Eric Rowe,mia,2022,2
SandBr00,Braylon Sanders,mia,2022,0
SandJa00,Jason Sanders,mia,2022,3
ScarBr00,Brennan Scarlett,mia,2022,0
ShelBr00,Brandon Shell,mia,2022,6
SherTr00,Trent Sherfield,mia,2022,4
SielZa00,Zach Sieler,mia,2022,6
SmytDu00,Durham Smythe,mia,2022,1
StilBe00,Ben Stille,mia,2022,0
SwaiFr00,Freddie Swain,mia,2022,0
TagoTu00,Tua Tagovailoa,mia,2022,12
ThomSk00,Skylar Thompson,mia,2022,2
TindCh00,Channing Tindall,mia,2022,1
VanGAn00,Andrew Van Ginkel,mia,2022,3
WaddJa00,Jaylen Waddle,mia,2022,12
WilkCh00,Christian Wilkins,mia,2022,7
WillCo00,Connor Williams,mia,2022,8
WilsCe01,Cedrick Wilson Jr.,mia,2022,1
WilsJe01,Jeff Wilson,mia,2022,3
ZimmJu00,Justin Zimmer,mia,2022,1
AdamMo00,Montravius Adams,pit,2022,4
AlleMa03,Marcus Allen,pit,2022,1
AluaTy99,Tyson Alualu,pit,2022,2
AndeRy00,Ryan Anderson,pit,2022,0
BoswCh00,Chris Boswell,pit,2022,1
BoykMi00,Miles Boykin,pit,2022,0
BushDe01,Devin Bush Jr.,pit,2022,6
ClayCh01,Chase Claypool,pit,2022,3
ColeMa02,Mason Cole,pit,2022,7
DaniJa01,James Daniels,pit,2022,7
DaviCa03,Carlos Davis,pit,2022,0
DaviJe00,Jesse Davis,pit,2022,1
DotsKe00,Kevin Dotson,pit,2022,7
EdmuTe00,Terrell Edmunds,pit,2022,5
FitzMi00,Minkah Fitzpatrick,pit,2022,11
FreiPa00,Pat Freiermuth,pit,2022,6
GentZa00,Zach Gentry,pit,2022,1
HarrNa00,Najee Harris,pit,2022,6
HarvPr00,Pressley Harvin III,pit,2022,2
HassJ.00,J.C. Hassenauer,pit,2022,1
HeywCa01,Cameron Heyward,pit,2022,11
HeywCo00,Connor Heyward,pit,2022,1
HighAl02,Alex Highsmith,pit,2022,8
JackMy00,Myles Jack,pit,2022,6
JackJo01,Josh Jackson,pit,2022,1
JohnDi01,Diontae Johnson,pit,2022,7
JoneJa11,Jamir Jones,pit,2022,1
KazeDa00,Damontae Kazee,pit,2022,2
KillMi00,Miles Killebrew,pit,2022,1
KuntCh02,Christian Kuntz,pit,2022,1
LealDe00,DeMarvin Leal,pit,2022,2
LoudIs00,Isaiahh Loudermilk,pit,2022,2
MaulAr00,Arthur Maulet,pit,2022,3
McFaAn00,Anthony McFarland Jr.,pit,2022,0
MoorDa05,Dan Moore,pit,2022,8
NorwTr00,Tre Norwood,pit,2022,1
OgunLa00,Larry Ogunjobi,pit,2022,7
OkorCh00,Chukwuma Okorafor,pit,2022,7
OlszGu00,Gunner Olszewski,pit,2022,1
PickGe00,George Pickens,pit,2022,7
PickKe00,Kenny Pickett,pit,2022,7
PierJa01,James Pierre,pit,2022,2
ReedMa01,Malik Reed,pit,2022,2
RileEl01,Elijah Riley,pit,2022,0
RobiMa03,Mark Robinson,pit,2022,1
ScibNi00,Nick Sciba,pit,2022,0
ScotDe01,Delontae Scott,pit,2022,0
ScotTr01,Trenton Scott,pit,2022,1
SimsSt00,Steven Sims,pit,2022,1
SnelBe00,Benny Snell Jr.,pit,2022,1
SpilRo00,Robert Spillane,pit,2022,3
SuttCa00,Cameron Sutton,pit,2022,5
TrubMi00,Mitchell Trubisky,pit,2022,4
WallLe00,Levi Wallace,pit,2022,4
WarrJa01,Jaylen Warren,pit,2022,4
WattDe00,Derek Watt,pit,2022,0
WattT.00,T.J. Watt,pit,2022,8
WhitCo05,Cody White,pit,2022,0
WilsQu01,Quincy Wilson,pit,2022,0
WithAh00,Ahkello Witherspoon,pit,2022,1
WormCh00,Chris Wormley,pit,2022,2
WrenRe00,Renell Wren,pit,2022,0
WrigMa00,Matthew Wright,pit,2022,1
BarnDe01,Derek Barnett,phi,2022,0
BlanRe00,Reed Blankenship,phi,2022,2
BradJa00,James Bradberry,phi,2022,11
BradSh00,Shaun Bradley,phi,2022,1
BrowAJ00,A.J. Brown,phi,2022,16
CalcGr00,Grant Calcaterra,phi,2022,1
ChacAn00,Andre Chachere,phi,2022,0
CoveBr00,Britain Covey,phi,2022,0
CoxxFl00,Fletcher Cox,phi,2022,8
DaviJo03,Jordan Davis,phi,2022,3
DeanNa00,Nakobe Dean,phi,2022,1
DickCa00,Cameron Dicker,phi,2022,0
DickLa00,Landon Dickerson,phi,2022,10
DillAn00,Andre Dillard,phi,2022,1
DrisJa00,Jack Driscoll,phi,2022,3
EdwaTJ02,T.J. Edwards,phi,2022,8
ElliJa03,Jake Elliott,phi,2022,3
ElliCh00,Christian Elliss,phi,2022,0
EppsMa00,Marcus Epps,phi,2022,5
GainKe00,Kenneth Gainwell,phi,2022,4
GardCh00,C.J. Gardner-Johnson,phi,2022,5
GoedDa00,Dallas Goedert,phi,2022,7
GrahBr99,Brandon Graham,phi,2022,2
HargJa00,Javon Hargrave,phi,2022,9
HurtJa00,Jalen Hurts,phi,2022,20
JackTa02,Tarron Jackson,phi,2022,0
JackTy01,Tyree Jackson,phi,2022,0
JobeJo00,Josh Jobe,phi,2022,1
JohnKy02,Kyron Johnson,phi,2022,1
JohnLa01,Lane Johnson,phi,2022,15
JohnPa02,Patrick Johnson,phi,2022,1
JoseLi99,Linval Joseph,phi,2022,3
JurgCa01,Cam Jurgens,phi,2022,1
KelcJa00,Jason Kelce,phi,2022,14
KernBr20,Brett Kern,phi,2022,0
LovaRi00,Rick Lovato,phi,2022,1
MaddAv00,Avonte Maddox,phi,2022,3
MailJo00,Jordan Mailata,phi,2022,9
McPhZe00,Zech McPhearson,phi,2022,1
MinsGa00,Gardner Minshew II,phi,2022,2
OpetIo00,Sua Opeta,phi,2022,1
PascZa00,Zach Pascal,phi,2022,2
QuinRo00,Robert Quinn,phi,2022,0
ReddHa00,Haason Reddick,phi,2022,15
SandMi01,Miles Sanders,phi,2022,10
ScotBo02,Boston Scott,phi,2022,2
ScotJo00,Josiah Scott,phi,2022,2
SermTr00,Trey Sermon,phi,2022,0
SeumIs00,Isaac Seumalo,phi,2022,8
SillJo00,Josh Sills,phi,2022,0
SipoAr01,Arryn Siposs,phi,2022,1
SlayDa00,Darius Slay,phi,2022,8
SmitDe07,DeVonta Smith,phi,2022,13
StolJa00,Jack Stoll,phi,2022,1
SuhxNd99,Ndamukong Suh,phi,2022,1
SweaJo00,Josh Sweat,phi,2022,8
TogiNo00,Noah Togiai,phi,2022,0
TuipMa00,Marlon Tuipulotu,phi,2022,1
WallKV00,K'Von Wallace,phi,2022,1
WatkQu00,Quez Watkins,phi,2022,4
WhitKy00,Kyzir White,phi,2022,4
WillMi08,Milton Williams,phi,2022,1
WilsMa05,Marvin Wilson,phi,2022,0
AberMi00,Micah Abernathy,gnb,2022,0
AbraJo01,Johnathan Abram,gnb,2022,0
AhmeRa00,Ramiz Ahmed,gnb,2022,0
AlexJa00,Jaire Alexander,gnb,2022,9
AmosAd00,Adrian Amos,gnb,2022,5
BakhDa00,David Bakhtiari,gnb,2022,7
BallCo00,Corey Ballentine,gnb,2022,0
BarnKr00,Krys Barnes,gnb,2022,1
CampDe00,De'Vondre Campbell,gnb,2022,6
CarpTa00,Tariq Carpenter,gnb,2022,1
ClarKe01,Kenny Clark,gnb,2022,8
CobbRa00,Randall Cobb,gnb,2022,4
CocoJa00,Jack Coco,gnb,2022,1
CrosMa20,Mason Crosby,gnb,2022,3
DaviTy02,Tyler Davis,gnb,2022,0
DeguJo00,Josiah Deguara,gnb,2022,1
DillAJ00,AJ Dillon,gnb,2022,7
DoubRo00,Romeo Doubs,gnb,2022,4
DougRa00,Rasul Douglas,gnb,2022,4
EnagKi00,Kingsley Enagbare,gnb,2022,4
FordRu00,Rudy Ford,gnb,2022,3
GainIn00,Innis Gaines,gnb,2022,0
GaleTi01,Tipa Galeai,gnb,2022,0
GarvJo00,Jonathan Garvin,gnb,2022,1
GaryRa00,Rashan Gary,gnb,2022,4
HamiLa01,Ladarius Hamilton,gnb,2022,0
HansJa00,Jake Hanson,gnb,2022,1
HillKy00,Kylin Hill,gnb,2022,0
HollJu00,Justin Hollins,gnb,2022,1
JeanSh00,Shemar Jean-Charles,gnb,2022,0
JenkEl00,Elgton Jenkins,gnb,2022,10
JoneAa00,Aaron Jones,gnb,2022,12
JoneKo00,Kobe Jones,gnb,2022,0
LazaAl00,Allen Lazard,gnb,2022,8
LeavDa00,Dallin Leavitt,gnb,2022,1
LewiMa00,Marcedes Lewis,gnb,2022,1
LoveJo03,Jordan Love,gnb,2022,1
LowrDe00,Dean Lowry,gnb,2022,5
McDuIs00,Isaiah McDuffie,gnb,2022,2
MyerJo00,Josh Myers,gnb,2022,9
NewmRo00,Royce Newman,gnb,2022,4
NijmYo01,Yosh Nijman,gnb,2022,8
NixoKe00,Keisean Nixon,gnb,2022,9
ODonPa00,Pat O'Donnell,gnb,2022,1
ReedJa02,Jarran Reed,gnb,2022,7
RhyaSe00,Sean Rhyan,gnb,2022,0
RodgAa00,Aaron Rodgers,gnb,2022,13
RodgAm00,Amari Rodgers,gnb,2022,0
RunyJo00,Jon Runyan Jr.,gnb,2022,9
SavaDa00,Darnell Savage Jr.,gnb,2022,4
SlatTe00,Tedarrell Slaton,gnb,2022,2
SmitPr00,Preston Smith,gnb,2022,8
StokEr00,Eric Stokes,gnb,2022,2
TaylPa01,Patrick Taylor,gnb,2022,0
TenuLu00,Luke Tenuta,gnb,2022,0
TomxZa00,Zach Tom,gnb,2022,3
TonyRo00,Robert Tonyan,gnb,2022,5
TourSa00,Samori Toure,gnb,2022,1
WalkQu00,Quay Walker,gnb,2022,7
WalkRa00,Rasheed Walker,gnb,2022,0
WatkSa00,Sammy Watkins,gnb,2022,2
WatsCh00,Christian Watson,gnb,2022,7
WilsEr00,Eric Wilson,gnb,2022,1
WinfJu00,Juwann Winfree,gnb,2022,0
WyatDe00,Devonte Wyatt,gnb,2022,1
AdamMa00,Matthew Adams,chi,2022,2
AlleCh03,Chase Allen,chi,2022,0
BadgMi00,Michael Badgley,chi,2022,1
BlacAn00,Angelo Blackson,chi,2022,2
BlacJo00,Josh Blackwell,chi,2022,1
BlasKh00,Khari Blasingame,chi,2022,0
BordBr00,Breon Borders,chi,2022,0
BoroLa00,Larry Borom,chi,2022,5
BoylTi00,Tim Boyle,chi,2022,0
BrisJa01,Jaquan Brisker,chi,2022,4
BrowAn05,Andrew Brown,chi,2022,0
CartJa04,Ja'Tyre Carter,chi,2022,0
CharTa00,Taco Charlton,chi,2022,0
ClayCh01,Chase Claypool,chi,2022,2
ColbAd00,Adrian Colbert,chi,2022,0
CruiDa00,Dane Cruikshank,chi,2022,0
EbneTr00,Trestan Ebner,chi,2022,0
EiseDi00,Dieter Eiselen,chi,2022,1
EvanDa02,Darrynton Evans,chi,2022,1
FielJu00,Justin Fields,chi,2022,16
GateDe00,DeMarquis Gates,chi,2022,0
GillTr01,Trenton Gill,chi,2022,2
GipsTr00,Trevis Gipson,chi,2022,4
GordKy00,Kyler Gordon,chi,2022,4
GreeGe00,Gerri Green,chi,2022,0
GrifRy00,Ryan Griffin,chi,2022,0
HandHa00,Harrison Hand,chi,2022,0
HarrNK00,N'Keal Harry,chi,2022,1
HerbKh00,Khalil Herbert,chi,2022,5
HickEl00,Elijah Hicks,chi,2022,1
HolmJa01,Jalyn Holmes,chi,2022,0
HousDe00,DeAndre Houston-Carson,chi,2022,2
JackEd01,Eddie Jackson,chi,2022,4
JackLa02,Lamar Jackson,chi,2022,0
JenkTe00,Teven Jenkins,chi,2022,5
JohnJa13,Jaylon Johnson,chi,2022,3
JonaKi00,Kingsley Jonathan,chi,2022,0
JoneBr08,Braxton Jones,chi,2022,8
JoneJa12,Jaylon Jones,chi,2022,1
JoneJu03,Justin Jones,chi,2022,7
JoneVe00,Velus Jones Jr.,chi,2022,2
KleiAJ00,A.J. Klein,chi,2022,0
KmetCo00,Cole Kmet,chi,2022,7
LaynJu00,Justin Layne,chi,2022,0
LeatAl00,Alex Leatherwood,chi,2022,0
LeexEl00,Elijah Lee,chi,2022,0
MontDa01,David Montgomery,chi,2022,8
MoonDa00,Darnell Mooney,chi,2022,6
MorrNi00,Nicholas Morrow,chi,2022,6
MuhaAl00,Al-Quadin Muhammad,chi,2022,4
MustSa01,Sam Mustipher,chi,2022,8
OjemMi00,Michael Ojemudia,chi,2022,0
PatrLu00,Lucas Patrick,chi,2022,3
PennMi00,Mike Pennel,chi,2022,2
PeteNa00,Nathan Peterman,chi,2022,1
PettDa00,Dante Pettis,chi,2022,3
PrinBy00,Byron Pringle,chi,2022,2
QuinRo00,Robert Quinn,chi,2022,3
ReifRi00,Riley Reiff,chi,2022,5
RobiDo00,Dominique Robinson,chi,2022,3
SanbJa00,Jack Sanborn,chi,2022,3
SantCa01,Cairo Santos,chi,2022,3
ScalPa00,Patrick Scales,chi,2022,1
SchoMi00,Michael Schofield,chi,2022,3
SiemTr00,Trevor Siemian,chi,2022,1
SmitRo07,Roquan Smith,chi,2022,4
SmitIh00,Ihmir Smith-Marsette,chi,2022,0
St.BEq00,Equanimeous St. Brown,chi,2022,4
StroGr00,Greg Stroman,chi,2022,0
ThomAJ00,A.J. Thomas,chi,2022,0
ThomJo04,Joe Thomas,chi,2022,4
TongJa00,Jake Tonges,chi,2022,0
VildKi00,Kindle Vildor,chi,2022,2
WattAr01,Armon Watts,chi,2022,5
WeatSt01,Sterling Weatherford,chi,2022,1
WebsNs00,Nsimba Webster,chi,2022,0
WescTr00,Trevon Wesco,chi,2022,0
WhitCo03,Cody Whitehair,chi,2022,6
AlexMa01,Mackensie Alexander,dal,2022,0
AngeBr00,Bryan Anger,dal,2022,3
ArmsDo00,Dorance Armstrong Jr.,dal,2022,5
BallJo00,Josh Ball,dal,2022,1
BarrAn00,Anthony Barr,dal,2022,6
BashTa00,Tarell Basham,dal,2022,0
BellMa01,Markquese Bell,dal,2022,0
BiadTy00,Tyler Biadasz,dal,2022,9
BlanDa00,DaRon Bland,dal,2022,4
BohaQu00,Quinton Bohanna,dal,2022,4
BrowAn02,Anthony Brown,dal,2022,4
BrowNo00,Noah Brown,dal,2022,6
ClarDa02,Damone Clark,dal,2022,3
CollAv00,Aviante Collins,dal,2022,0
CoxxJa00,Jabril Cox,dal,2022,1
CoylTy00,Tyler Coyle,dal,2022,0
DaviMa02,Malik Davis,dal,2022,2
DiggTr00,Trevon Diggs,dal,2022,9
DowdRi01,Rico Dowdle,dal,2022,0
ElliEz00,Ezekiel Elliott,dal,2022,6
FarnMa00,Matt Farniok,dal,2022,1
FehoSi00,Simi Fehoko,dal,2022,0
FergJa00,Jake Ferguson,dal,2022,2
FowlDa00,Dante Fowler,dal,2022,2
GallNe00,Neville Gallimore,dal,2022,2
GallMi00,Michael Gallup,dal,2022,4
GiffLu00,Luke Gifford,dal,2022,2
GolsCh00,Chauncey Golston,dal,2022,1
GoodC.00,C.J. Goodwin,dal,2022,1
HankJo00,Johnathan Hankins,dal,2022,2
HarpDe00,Devin Harper,dal,2022,0
HendPe01,Peyton Hendershot,dal,2022,1
HillTr00,Trysten Hill,dal,2022,1
HiltT.00,T.Y. Hilton,dal,2022,1
HoffBr00,Brock Hoffman,dal,2022,0
HookMa00,Malik Hooker,dal,2022,3
HousDe01,Dennis Houston,dal,2022,0
JoseKe02,Kelvin Joseph,dal,2022,1
KearJa00,Jayron Kearse,dal,2022,5
LambCe00,CeeDee Lamb,dal,2022,14
LawrDe00,DeMarcus Lawrence,dal,2022,13
LewiJo01,Jourdan Lewis,dal,2022,2
MaheBr01,Brett Maher,dal,2022,4
MartZa00,Zack Martin,dal,2022,14
McGoCo01,Connor McGovern,dal,2022,7
McKeSe01,Sean McKeon,dal,2022,0
McQuJa00,Jake McQuaide,dal,2022,0
MukuIs00,Israel Mukuamu,dal,2022,2
MullTr00,Trayvon Mullen,dal,2022,0
OdigOs00,Osa Odighizuwa,dal,2022,8
OlliQa00,Qadree Ollison,dal,2022,0
OverMa00,Matt Overton,dal,2022,1
ParsMi00,Micah Parsons,dal,2022,19
PeteJa21,Jason Peters,dal,2022,1
PollTo00,Tony Pollard,dal,2022,11
PresDa01,Dak Prescott,dal,2022,11
RhodXa00,Xavier Rhodes,dal,2022,0
RushCo00,Cooper Rush,dal,2022,4
SchuDa00,Dalton Schultz,dal,2022,6
ShepDa01,Dakoda Shepley,dal,2022,0
SmitTy02,Tyler Smith,dal,2022,8
SmitTy00,Tyron Smith,dal,2022,2
SteeTe01,Terence Steele,dal,2022,7
TaylAl02,Alex Taylor-Prioleau,dal,2022,0
TolbJa00,Jalen Tolbert,dal,2022,0
TurpKa00,KaVontae Turpin,dal,2022,0
VandLe00,Leighton Vander Esch,dal,2022,7
WaleMa00,Matt Waletzko,dal,2022,0
WashJa00,James Washington,dal,2022,0
WatkCa00,Carlos Watkins,dal,2022,2
WillSa00,Sam Williams,dal,2022,2
WilsDo01,Donovan Wilson,dal,2022,6
WrigNa00,Nahshon Wright,dal,2022,1
AlleZa01,Zach Allen,crd,2022,5
AmmeMa00,Matt Ammendola,crd,2022,0
AndeSt01,Stephen Anderson,crd,2022,0
BaccAn00,Andre Baccellia,crd,2022,0
BakeBu00,Budda Baker,crd,2022,7
BanjCh00,Chris Banjo,crd,2022,1
BankEr00,Eric Banks,crd,2022,0
BeacKe00,Kelvin Beachum,crd,2022,7
BenjEn00,Eno Benjamin,crd,2022,3
BlanRo03,Rodrigo Blankenship,crd,2022,0
BlouDa00,David Blough,crd,2022,1
BradHu00,Hunter Bradley,crd,2022,0
BrewAa00,Aaron Brewer,crd,2022,1
BrowMa04,Marquise Brown,crd,2022,6
AndeRo04,Robbie Chosen,crd,2022,1
ClemCo00,Corey Clement,crd,2022,1
CollZa00,Zaven Collins,crd,2022,6
ConnJa00,James Conner,crd,2022,7
CoopPh00,Pharoh Cooper,crd,2022,0
CowaRa00,Rashaad Coward,crd,2022,1
DaviWy00,Wyatt Davis,crd,2022,0
DimuVi00,Victor Dimukeje,crd,2022,1
DogbMi00,Michael Dogbe,crd,2022,2
DortGr01,Greg Dortch,crd,2022,4
ErtzZa00,Zach Ertz,crd,2022,3
FordCo00,Cody Ford,crd,2022,2
FotuLe00,Leki Fotu,crd,2022,4
GarcMa00,Max Garcia,crd,2022,3
GardDe01,Dennis Gardeck,crd,2022,2
GoldMa00,Markus Golden,crd,2022,5
GreeA.00,A.J. Green,crd,2022,2
GrugKa00,Kamu Grugier-Hill,crd,2022,1
HairNa00,Nate Hairston,crd,2022,0
HamiAn01,Antonio Hamilton,crd,2022,2
HarlSe00,Sean Harlow,crd,2022,2
HernWi00,Will Hernandez,crd,2022,6
HillTr00,Trysten Hill,crd,2022,0
HopkDe00,DeAndre Hopkins,crd,2022,6
HudsRo00,Rodney Hudson,crd,2022,2
HumpD.00,D.J. Humphries,crd,2022,3
IngrKe01,Keaontay Ingram,crd,2022,1
IsabAn00,Andy Isabella,crd,2022,0
JackJo01,Josh Jackson,crd,2022,0
JoneJo07,Josh Jones,crd,2022,4
JoneMa07,Manny Jones,crd,2022,0
KennDe00,Devon Kennard,crd,2022,1
LawrRa01,Rashard Lawrence,crd,2022,2
LedbJo01,Jonathan Ledbetter,crd,2022,2
LeexAn20,Andy Lee,crd,2022,2
LukeJe00,Jesse Luketa,crd,2022,0
MattCh01,Christian Matthew,crd,2022,2
McBrTr01,Trey McBride,crd,2022,2
McCoCo00,Colt McCoy,crd,2022,2
McSoTr00,Trace McSorley,crd,2022,1
MoorRo02,Rondale Moore,crd,2022,3
MullTr00,Trayvon Mullen,crd,2022,0
MurpBy00,Byron Murphy,crd,2022,4
MurrKy00,Kyler Murray,crd,2022,8
NiemBe00,Ben Niemann,crd,2022,4
PratMa20,Matt Prater,crd,2022,3
PricBi01,Billy Price,crd,2022,5
PughJu00,Justin Pugh,crd,2022,2
SandMy00,Myjai Sanders,crd,2022,2
SimmIs00,Isaiah Simmons,crd,2022,6
SmitLe01,Lecitus Smith,crd,2022,1
ThomCa03,Cameron Thomas,crd,2022,1
ThomJo06,Josh Thomas,crd,2022,0
ThomDe06,Deionte Thompson,crd,2022,0
ThomJa04,Jalen Thompson,crd,2022,6
TraoBa00,Badara Traore,crd,2022,0
TurnZe00,Zeke Turner,crd,2022,1
VallTa00,Tanner Vallejo,crd,2022,2
VigiNi00,Nick Vigil,crd,2022,1
VizcTr00,Tristan Vizcaino,crd,2022,0
WardJo00,Jonathan Ward,crd,2022,0
WashCh01,Charles Washington,crd,2022,0
WattJ.00,J.J. Watt,crd,2022,6
WhitJa05,Jace Whittaker,crd,2022,1
WillDa10,Darrel Williams,crd,2022,1
WillMa04,Maxx Williams,crd,2022,0
WillTy01,Ty'Son Williams,crd,2022,0
WilsMa04,Marco Wilson,crd,2022,5
WimsJa00,Javon Wims,crd,2022,0
WoodAn02,Antwaun Woods,crd,2022,0
AddeNa00,Nasir Adderley,sdg,2022,5
AlleKe00,Keenan Allen,sdg,2022,6
AttaJe00,Jeremiah Attaochu,sdg,2022,0
BailZa01,Zack Bailey,sdg,2022,0
BandMi00,Michael Bandy,sdg,2022,1
BertTa01,Taylor Bertolet,sdg,2022,0
BosaJo00,Joey Bosa,sdg,2022,2
CallBr00,Bryce Callahan,sdg,2022,4
CartDe02,DeAndre Carter,sdg,2022,4
ClapWi00,Will Clapp,sdg,2022,3
CoviCh00,Christian Covington,sdg,2022,0
DaniCh00,Chase Daniel,sdg,2022,0
DaviMi03,Michael Davis,sdg,2022,4
DaviTy01,Tyeler Davison,sdg,2022,0
DickCa00,Cameron Dicker,sdg,2022,3
EkelAu00,Austin Ekeler,sdg,2022,11
EverGe00,Gerald Everett,sdg,2022,5
FehoBr01,Breiden Fehoko,sdg,2022,2
FeilMa00,Matt Feiler,sdg,2022,8
FoxxMo00,Morgan Fox,sdg,2022,6
GaziJo01,Joe Gaziano,sdg,2022,0
GilmAl00,Alohi Gilman,sdg,2022,3
GuytJa01,Jalen Guyton,sdg,2022,1
HallKe01,Kemon Hall,sdg,2022,0
HarrJo02,Josh Harris,sdg,2022,1
HerbJu00,Justin Herbert,sdg,2022,14
HintCh01,Christopher Hinton,sdg,2022,0
HopkDu00,Dustin Hopkins,sdg,2022,1
HorvZa00,Zander Horvath,sdg,2022,0
JackJ.00,J.C. Jackson,sdg,2022,1
JaimBr00,Brenden Jaimes,sdg,2022,1
JameDe00,Derwin James,sdg,2022,8
JohnAu01,Austin Johnson,sdg,2022,4
JohnZi00,Zion Johnson,sdg,2022,8
JoseSe00,Sebastian Joseph-Day,sdg,2022,8
KellJo01,Joshua Kelley,sdg,2022,3
LaynRa00,Raheem Layne,sdg,2022,0
LeonDe00,Deane Leonard,sdg,2022,1
LinsCo00,Corey Linsley,sdg,2022,7
MackKh00,Khalil Mack,sdg,2022,11
McKiTr00,Tre' McKitty,sdg,2022,1
MichSo00,Sony Michel,sdg,2022,1
MoaxDa00,David Moa,sdg,2022,0
MoorJa02,Jason Moore,sdg,2022,0
MurrKe00,Kenneth Murray,sdg,2022,7
NiemNi00,Nick Niemann,sdg,2022,1
NortSt00,Storm Norton,sdg,2022,1
OgboAm00,Amen Ogbongbemiga,sdg,2022,1
OgboOt00,Otito Ogbonnia,sdg,2022,1
PalmJo00,Josh Palmer,sdg,2022,6
ParhDo00,Donald Parham,sdg,2022,1
PipkTr00,Trey Pipkins,sdg,2022,8
ReedTr01,Troy Reeder,sdg,2022,1
RodgRi00,Richard Rodgers,sdg,2022,0
RounLa00,Larry Rountree,sdg,2022,0
RumpCh00,Chris Rumph,sdg,2022,1
SalyJa00,Jamaree Salyer,sdg,2022,7
SamuAs00,Asante Samuel Jr.,sdg,2022,5
SareFo00,Foster Sarell,sdg,2022,2
ScotJK00,JK Scott,sdg,2022,2
SlatRa00,Rashawn Slater,sdg,2022,2
SmarSt00,Stone Smartt,sdg,2022,0
SpilIs00,Isaiah Spiller,sdg,2022,0
TaylJa04,Ja'Sir Taylor,sdg,2022,2
TillJe00,Jerry Tillery,sdg,2022,1
TranDr00,Drue Tranquill,sdg,2022,8
TuszDe00,Derrek Tuszka,sdg,2022,1
VanNKy00,Kyle Van Noy,sdg,2022,7
WillMi07,Mike Williams,sdg,2022,7
WoodJT00,JT Woods,sdg,2022,1
AbraJo01,Johnathan Abram,sea,2022,1
AdamJa00,Jamal Adams,sea,2022,0
AdamMy00,Myles Adams,sea,2022,1
BartCo00,Cody Barton,sea,2022,5
BellNi01,Nick Bellore,sea,2022,1
BlouJo00,Joey Blount,sea,2022,1
BlytAu00,Austin Blythe,sea,2022,8
BrooJo01,Jordyn Brooks,sea,2022,7
BrowTr03,Tre Brown,sea,2022,0
BryaCo01,Coby Bryant,sea,2022,2
BurnAr00,Artie Burns,sea,2022,0
ColeJu01,Justin Coleman,sea,2022,1
CollLJ00,L.J. Collier,sea,2022,1
CrawXa00,Xavier Crawford,sea,2022,0
CrosCh00,Charles Cross,sea,2022,9
CurhJa00,Jake Curhan,sea,2022,0
DallDe00,DeeJay Dallas,sea,2022,2
DickMi00,Michael Dickson,sea,2022,3
DiggQu00,Quandre Diggs,sea,2022,8
DissWi00,Will Dissly,sea,2022,3
DunnIs00,Isaiah Dunn,sea,2022,0
EskrDW00,D'Wayne Eskridge,sea,2022,1
FantNo00,Noah Fant,sea,2022,4
FordPo00,Poona Ford,sea,2022,7
ForsSt00,Stone Forsythe,sea,2022,2
FullKy01,Kyle Fuller,sea,2022,1
GillCu00,Cullen Gillaspia,sea,2022,0
GoodMa00,Marquise Goodwin,sea,2022,4
HarrSh00,Shelby Harris,sea,2022,6
HartPe01,Penny Hart,sea,2022,0
HaynPh00,Phil Haynes,sea,2022,2
HomeTr00,Travis Homer,sea,2022,2
IgweGo00,Godwin Igwebuike,sea,2022,0
IrviBr00,Bruce Irvin,sea,2022,4
JackGa00,Gabe Jackson,sea,2022,7
JackMi01,Michael Jackson,sea,2022,6
JeffQu00,Quinton Jefferson,sea,2022,2
JohnAl01,Alexander Johnson,sea,2022,0
JohnCa03,Cade Johnson,sea,2022,0
JohnDa10,Darryl Johnson,sea,2022,1
JoneCh05,Christian Jones,sea,2022,0
JoneJo06,Josh Jones,sea,2022,2
JoneSi00,Sidney Jones,sea,2022,0
JoneTo04,Tony Jones,sea,2022,0
JoneVi00,Vi Jones,sea,2022,0
LewiDa05,Damien Lewis,sea,2022,7
LockTy00,Tyler Lockett,sea,2022,9
LucaAb00,Abraham Lucas,sea,2022,9
MabrTy00,Tyler Mabry,sea,2022,0
MafeBo00,Boye Mafe,sea,2022,2
MetcDK00,D.K. Metcalf,sea,2022,10
MoneBr00,Bryan Mone,sea,2022,2
MuseTa00,Tanner Muse,sea,2022,1
MyerJa00,Jason Myers,sea,2022,4
NealRy00,Ryan Neal,sea,2022,3
NwosUc00,Uchenna Nwosu,sea,2022,8
OnujJo00,Josh Onujiogu,sea,2022,0
ParkCo02,Colby Parkinson,sea,2022,3
PennRa00,Rashaad Penny,sea,2022,2
RhatJo00,Jon Rhattigan,sea,2022,0
SmitGe00,Geno Smith,sea,2022,15
TaboTe00,Teez Tabor,sea,2022,1
TaylDa00,Darrell Taylor,sea,2022,3
TinkCa00,Carson Tinker,sea,2022,1
TreaLa00,Laquon Treadwell,sea,2022,0
WalkKe00,Kenneth Walker III,sea,2022,8
WoodAl99,Al Woods,sea,2022,6
WoolTa00,Riq Woolen,sea,2022,10
YounDa02,Dareke Young,sea,2022,0
AbduAm00,Ameer Abdullah,rai,2022,2
AbraJo01,Johnathan Abram,rai,2022,2
AdamDa01,Davante Adams,rai,2022,14
AverAn00,Anthony Averett,rai,2022,2
BarsAl01,Alex Bars,rai,2022,6
BartJa00,Jackson Barton,rai,2022,0
BillAn00,Andrew Billings,rai,2022,5
BoldBr00,Brandon Bolden,rai,2022,1
BoltCu00,Curtis Bolton,rai,2022,1
BoweTa00,Tashawn Bower,rai,2022,0
BrowBr06,Brittain Brown,rai,2022,0
BrowJa06,Jayon Brown,rai,2022,3
ButlDa00,Darien Butler,rai,2022,1
ButlMa02,Matthew Butler,rai,2022,0
CaliAu00,Austin Calitro,rai,2022,0
CarlDa00,Daniel Carlson,rai,2022,5
CarrDe02,Derek Carr,rai,2022,12
ColeAJ01,AJ Cole III,rai,2022,3
ColeKe00,Keelan Cole,rai,2022,1
CottLe00,Lester Cotton,rai,2022,1
CrosMa00,Maxx Crosby,rai,2022,10
DeabDi00,Divine Deablo,rai,2022,3
ElueJe00,Jermaine Eluemunor,rai,2022,7
FarlMa00,Matthias Farley,rai,2022,1
FarrNe00,Neil Farrell,rai,2022,1
FerrCl00,Clelin Ferrell,rai,2022,2
GrasHr00,Hroniss Grasu,rai,2022,1
GuidJa01,Javelin Guidry,rai,2022,0
GutiSe00,Sebastian Gutierrez,rai,2022,0
HallTy01,Tyler Hall,rai,2022,1
HankJo00,Johnathan Hankins,rai,2022,1
HarmDu00,Duron Harmon,rai,2022,5
HerrJu00,Justin Herron,rai,2022,0
HobbNa00,Nate Hobbs,rai,2022,3
HollMa00,Mack Hollins,rai,2022,7
HollJa03,Jacob Hollister,rai,2022,0
HorsJe00,Jesper Horsted,rai,2022,0
JacoJo01,Josh Jacobs,rai,2022,15
JameAn01,Andre James,rai,2022,7
JohnJa12,Jakob Johnson,rai,2022,0
JohnTy03,Tyron Johnson,rai,2022,0
JoneCh03,Chandler Jones,rai,2022,7
JoneSi00,Sidney Jones,rai,2022,1
KoonMa00,Malcolm Koonce,rai,2022,1
LangHa00,Harvey Langi,rai,2022,1
MartBl01,Blake Martinez,rai,2022,1
MastLu00,Luke Masterson,rai,2022,3
MereJo00,Jordan Meredith,rai,2022,0
MillKo00,Kolton Miller,rai,2022,8
MoehTr00,Tre'von Moehrig,rai,2022,4
MoreFo00,Foster Moreau,rai,2022,4
MunfTh00,Thayer Munford,rai,2022,3
NichBi00,Bilal Nichols,rai,2022,7
ParhDy00,Dylan Parham,rai,2022,7
PekoKy00,Kyle Peko,rai,2022,1
PerrDe00,Denzel Perryman,rai,2022,5
PolaIs00,Isaiah Pola-Mao,rai,2022,1
RenfHu00,Hunter Renfrow,rai,2022,3
RobeAm00,Amik Robertson,rai,2022,3
RobeNi00,Nickell Robey-Coleman,rai,2022,0
RochIs00,Isaac Rochell,rai,2022,0
SiegTr00,Trent Sieg,rai,2022,1
SimpJo00,John Simpson,rai,2022,2
StidJa00,Jarrett Stidham,rai,2022,3
TeamRo00,Roderic Teamer,rai,2022,1
TillJe00,Jerry Tillery,rai,2022,2
TurnDJ00,DJ Turner,rai,2022,0
VickKe00,Kendal Vickers,rai,2022,1
WallDa01,Darren Waller,rai,2022,4
WebbSa00,Sam Webb,rai,2022,1
WhitZa01,Zamir White,rai,2022,0
Ya-SRo00,Rock Ya-Sin,rai,2022,3
