player_id,name,team,season,approximate_value
AnudFe00,Felix Anudike-Uzomah,kan,2024,0
AraiMa00,Matt Araiza,kan,2024,0
BoltNi00,Nick Bolton,kan,2024,0
ButkHa00,Harrison Butker,kan,2024,0
CaliMi00,Mike Caliendo,kan,2024,0
ChenLe00,Leo Chenal,kan,2024,0
ChriCo00,Cole Christiansen,kan,2024,0
CochJa00,Jack Cochrane,kan,2024,0
ConnCh01,Chamarri Conner,kan,2024,0
CookBr02,Bryan Cook,kan,2024,0
DannMi00,Michael Danna,kan,2024,0
DrisEt00,Ethan Driskell,kan,2024,0
EdwaCl00,Clyde Edwards-Helaire,kan,2024,0
FortJo01,Jody Fortson,kan,2024,0
GrayNo00,Noah Gray,kan,2024,0
HansCJ00,C.J. Hanson,kan,2024,0
HardMe00,Mecole Hardman,kan,2024,0
HerrMa02,Malik Herring,kan,2024,0
HickJa01,Jaden Hicks,kan,2024,0
HumpCr00,Creed Humphrey,kan,2024,0
HuntKa00,Kareem Hunt,kan,2024,0
JohnNa01,Nazeeh Johnson,kan,2024,0
JoneCa04,Cam Jones,kan,2024,0
JoneCh09,Chris Jones,kan,2024,0
KarlGe00,George Karlaftis III,kan,2024,0
KelcTr00,Travis Kelce,kan,2024,0
MahoPa00,Patrick Mahomes,kan,2024,0
McDuTr00,Trent McDuffie,kan,2024,0
MoorSk01,Skyy Moore,kan,2024,0
MorrWa01,Wanya Morris,kan,2024,0
NnadDe00,Derrick Nnadi,kan,2024,0
NourHu00,Hunter Nourzad,kan,2024,0
PennMi00,Mike Pennel,kan,2024,0
PeriSa00,Samaje Perine,kan,2024,0
ReidJu00,Justin Reid,kan,2024,0
RolaCh00,Christian Roland-Wallace,kan,2024,0
SmitTr05,Trey Smith,kan,2024,0
SmitJu00,JuJu Smith-Schuster,kan,2024,0
SteeCa00,Carson Steele,kan,2024,0
SuamKi00,Kingsley Suamataia,kan,2024,0
TaylJa02,Jawaan Taylor,kan,2024,0
ThomCa03,Cameron Thomas,kan,2024,0
ThunJo00,Joe Thuney,kan,2024,0
TranDr00,Drue Tranquill,kan,2024,0
TuipMa00,Marlon Tuipulotu,kan,2024,0
WatsJa02,Jaylen Watson,kan,2024,0
WatsJu01,Justin Watson,kan,2024,0
WentCa00,Carson Wentz,kan,2024,0
WharTe00,Tershawn Wharton,kan,2024,0
WileJa00,Jared Wiley,kan,2024,0
WillJo03,Joshua Williams,kan,2024,0
WincJa00,James Winchester,kan,2024,0
WortXa00,Xavier Worthy,kan,2024,0
OmenCh00,Charles Omenihu (PUP),kan,2024,0
CuppBa00,Baylor Cupp (PRA_),kan,2024,0
ThomBJ00,BJ Thompson (NON),kan,2024,0
BrowMa04,Marquise Brown (IR),kan,2024,0
MettMc00,McKade Mettauer (IR),kan,2024,0
PachIs00,Isiah Pacheco (IR),kan,2024,0
RiceRa01,Rashee Rice (IR),kan,2024,0
AbduYa00,Yasir Abdullah,jax,2024,0
ArmsAr01,Arik Armstead,jax,2024,0
BigsTa00,Tank Bigsby,jax,2024,0
BrowMo00,Montaric Brown,jax,2024,0
CampTy01,Tyson Campbell,jax,2024,0
CiscAn00,Andre Cisco,jax,2024,0
ClevEz00,Ezra Cleveland,jax,2024,0
ColeMy00,Myles Cole,jax,2024,0
CookLo00,Logan Cooke,jax,2024,0
DarbRo00,Ronald Darby,jax,2024,0
DaviGa01,Gabriel Davis,jax,2024,0
DeguJo00,Josiah Deguara,jax,2024,0
EngrEv00,Evan Engram,jax,2024,0
EtieTr00,Travis Etienne,jax,2024,0
FarrLu00,Luke Farrell,jax,2024,0
FlowTr01,Tre Flowers,jax,2024,0
FortLu01,Luke Fortner,jax,2024,0
FostJa01,Javon Foster,jax,2024,0
FunkJa00,Jake Funk,jax,2024,0
GaziJo01,Joe Gaziano,jax,2024,0
GipsTa00,Tashaun Gipson,jax,2024,0
HamiDa02,DaVon Hamilton,jax,2024,0
HarrAn00,Anton Harrison,jax,2024,0
AlleJo03,Josh Hines-Allen,jax,2024,0
HodgCo00,Cooper Hodges,jax,2024,0
JeffJo01,Jordan Jefferson,jax,2024,0
JohnAn07,Antonio Johnson,jax,2024,0
JohnCa04,Caleb Johnson,jax,2024,0
JohnDE04,D'Ernest Johnson,jax,2024,0
JoneJa14,Jarrian Jones,jax,2024,0
JoneMa05,Mac Jones,jax,2024,0
JoneTi00,Tim Jones,jax,2024,0
KirkCh01,Christian Kirk,jax,2024,0
LacyTy00,Tyler Lacy,jax,2024,0
LawrTr00,Trevor Lawrence,jax,2024,0
LedbJe00,Jeremiah Ledbetter,jax,2024,0
LittCa00,Cam Little,jax,2024,0
LittWa00,Walker Little,jax,2024,0
LloyDe00,Devin Lloyd,jax,2024,0
MatiRo00,Ross Matiscik,jax,2024,0
MillVe00,Ventrell Miller,jax,2024,0
MorsMi00,Mitch Morse,jax,2024,0
MumaCh00,Chad Muma,jax,2024,0
OtomEs00,Esezi Otomewo,jax,2024,0
PrinDe01,Deantre Prince,jax,2024,0
RobiCa00,Cam Robinson,jax,2024,0
SavaDa00,Darnell Savage Jr.,jax,2024,0
ScheBr00,Brandon Scherff,jax,2024,0
SmitMa07,Maason Smith,jax,2024,0
StraBr00,Brenton Strange,jax,2024,0
ThomBr06,Brian Thomas,jax,2024,0
ThomDa07,Daniel Thomas,jax,2024,0
VanxCo00,Cole Van Lanen,jax,2024,0
WalkTr03,Travon Walker,jax,2024,0
WashPa01,Parker Washington,jax,2024,0
RobiKe03,Keilan Robinson (IRD),jax,2024,0
WingAn01,Andrew Wingard (IRD),jax,2024,0
DixoDe01,De'Shaan Dixon (IR),jax,2024,0
DuveDe00,Devin Duvernay (IR),jax,2024,0
OluoFo00,Foyesade Oluokun (IR),jax,2024,0
WhitDa06,David White (IR),jax,2024,0
BartSh00,Shemar Bartholomew,car,2024,0
BlacRa00,Raheem Blackshear,car,2024,0
CherCl00,Claudin Cherelus,car,2024,0
ChriBr00,Brady Christensen,car,2024,0
ClowJa00,Jadeveon Clowney,car,2024,0
CokeJa01,Jalen Coker,car,2024,0
DaltAn00,Andy Dalton,car,2024,0
EkwoIk00,Ikem Ekwonu,car,2024,0
FranFe00,Feleipe Franks,car,2024,0
HarrCh03,Charles Harris,car,2024,0
HaynMa01,Marquis Haynes,car,2024,0
HekkJo00,Johnny Hekker,car,2024,0
HornJa00,Jaycee Horn,car,2024,0
HubbCh01,Chuba Hubbard,car,2024,0
HuntRo01,Robert Hunt,car,2024,0
IncoTh00,Thomas Incoom,car,2024,0
JackDa02,Dane Jackson,car,2024,0
JackMi01,Michael Jackson,car,2024,0
JansJ.00,J.J. Jansen,car,2024,0
JeweJo00,Josey Jewell,car,2024,0
JohnDi01,Diontae Johnson,car,2024,0
JohnDJ00,DJ Johnson,car,2024,0
JohnLo01,Lonnie Johnson Jr.,car,2024,0
KingJa02,Jarrett Kingston,car,2024,0
LawsSh00,Shaq Lawson,car,2024,0
LegeXa00,Xavier Legette,car,2024,0
LewiDa05,Damien Lewis,car,2024,0
MaysCa00,Cade Mays,car,2024,0
MingJo00,Jonathan Mingo,car,2024,0
MoorDa03,David Moore,car,2024,0
MotoTa00,Taylor Moton,car,2024,0
NijmYo01,Yosh Nijman,car,2024,0
PineEd00,Eddy Pineiro,car,2024,0
QuarSh00,Shaquille Quarterman,car,2024,0
RayxLa02,LaBryan Ray,car,2024,0
RhatJo00,Jon Rhattigan,car,2024,0
RichDe03,Demani Richardson,car,2024,0
RobiAS00,A'Shawn Robinson,car,2024,0
RobiJa03,Jammie Robinson,car,2024,0
SandJa01,Ja'Tavion Sanders,car,2024,0
SandMi01,Miles Sanders,car,2024,0
ScotNi01,Nick Scott,car,2024,0
SmitTJ00,T.J. Smith,car,2024,0
SmitCh05,Chau Smith-Wade,car,2024,0
ThomIa00,Ian Thomas,car,2024,0
ThurNi00,Nick Thurman,car,2024,0
TremTo00,Tommy Tremble,car,2024,0
TuttSh00,Shy Tuttle,car,2024,0
WallTr00,Trevin Wallace,car,2024,0
WillDe04,DeShawn Williams,car,2024,0
WindJa00,Jacoby Windmon,car,2024,0
WoodXa00,Xavier Woods,car,2024,0
WootCh00,Chandler Wooten,car,2024,0
YounBr01,Bryce Young,car,2024,0
ZavaCh00,Chandler Zavala,car,2024,0
BarnAm00,Amare Barno (PUP),car,2024,0
WonnDJ00,D.J. Wonnum (PUP),car,2024,0
BrooJo02,Jonathon Brooks (IRD),car,2024,0
CrumJa00,Jaden Crumedy (IRD),car,2024,0
FranSa00,Sam Franklin (IRD),car,2024,0
BrowAn02,Anthony Brown (IR),car,2024,0
BrowDe05,Derrick Brown (IR),car,2024,0
CorbAu00,Austin Corbett (IR),car,2024,0
FullJo01,Jordan Fuller (IR),car,2024,0
ThieAd00,Adam Thielen (IR),car,2024,0
ThomSh01,Shaq Thompson (IR),car,2024,0
AghoNe00,Nelson Agholor,rav,2024,0
AlixRa00,Rasheen Ali,rav,2024,0
AndrMa00,Mark Andrews,rav,2024,0
BateRa00,Rashod Bateman,rav,2024,0
BoarCh00,Chris Board,rav,2024,0
BradBe01,Beau Brade,rav,2024,0
ClevBe00,Ben Cleveland,rav,2024,0
FaalDa00,Daniel Faalele,rav,2024,0
FlowZa00,Zay Flowers,rav,2024,0
HamiKy00,Kyle Hamilton,rav,2024,0
HarrMa06,Malik Harrison,rav,2024,0
HenrDe00,Derrick Henry,rav,2024,0
HillJu00,Justice Hill,rav,2024,0
HumpMa00,Marlon Humphrey,rav,2024,0
IsaaAd00,Adisa Isaac,rav,2024,0
JackEd01,Eddie Jackson,rav,2024,0
JackLa00,Lamar Jackson,rav,2024,0
JohnJo05,Josh Johnson,rav,2024,0
JoneJo07,Josh Jones,rav,2024,0
JoneTr00,Travis Jones,rav,2024,0
KaneSa00,Sanoussi Kane,rav,2024,0
KolaCh00,Charlie Kolar,rav,2024,0
LikeIs00,Isaiah Likely,rav,2024,0
LindTy00,Tyler Linderbaum,rav,2024,0
MaduJu00,Nnamdi Madubuike,rav,2024,0
MekaPa00,Patrick Mekari,rav,2024,0
MoorNi00,Nick Moore,rav,2024,0
NgakYa00,Yannick Ngakoue,rav,2024,0
OjabDa00,David Ojabo,rav,2024,0
OwehJa00,Odafe Oweh,rav,2024,0
PierMi00,Michael Pierce,rav,2024,0
RicaPa00,Patrick Ricard,rav,2024,0
RobiTa00,Tavius Robinson,rav,2024,0
RoseRo01,Roger Rosengarten,rav,2024,0
RossJo01,Josh Ross,rav,2024,0
SamaNi00,Nick Samac,rav,2024,0
SimpTr00,Trenton Simpson,rav,2024,0
SmitRo07,Roquan Smith,rav,2024,0
StanRo00,Ronnie Stanley,rav,2024,0
StepBr01,Brandon Stephens,rav,2024,0
StouJo00,Jordan Stout,rav,2024,0
TampTJ00,T.J. Tampa,rav,2024,0
TuckJu00,Justin Tucker,rav,2024,0
UrbaBr00,Brent Urban,rav,2024,0
VanNKy00,Kyle Van Noy,rav,2024,0
VorhAn00,Andrew Vorhees,rav,2024,0
WalkDe01,Devontez Walker,rav,2024,0
WallTy00,Tylan Wallace,rav,2024,0
WashAr00,Ar'Darius Washington,rav,2024,0
WashBr01,Broderick Washington Jr.,rav,2024,0
WiggNa00,Nate Wiggins,rav,2024,0
WillMa06,Marcus Williams,rav,2024,0
MitcKe01,Keaton Mitchell (PUP),rav,2024,0
IsmaQa01,Qadir Ismail (PRA_),rav,2024,0
MaulAr00,Arthur Maulet (IRD),rav,2024,0
ArmoJa00,Jalyn Armour-Davis (IR),rav,2024,0
HammMa01,Malik Hamm (IR),rav,2024,0
HarrDe07,Deonte Harty (IR),rav,2024,0
JennDe00,Deion Jennings (IR),rav,2024,0
MattCh01,Christian Matthew (IR),rav,2024,0
MullTr00,Trayvon Mullen (IR),rav,2024,0
WrigOw00,Owen Wright (IR),rav,2024,0
AlleJo02,Josh Allen,buf,2024,0
AndeAl01,Alec Anderson,buf,2024,0
AndrJo02,Joe Andreessen,buf,2024,0
BassTy00,Tyler Bass,buf,2024,0
BenfCh00,Christian Benford,buf,2024,0
BernTe00,Terrel Bernard,buf,2024,0
BishCo00,Cole Bishop,buf,2024,0
BrowSp00,Spencer Brown,buf,2024,0
CartDe03,DeWayne Carter,buf,2024,0
ClapWi00,Will Clapp,buf,2024,0
CodrBr00,Brandon Codrington,buf,2024,0
ColeKe02,Keon Coleman,buf,2024,0
CookJa01,James Cook,buf,2024,0
CoopAm00,Amari Cooper,buf,2024,0
DaviRa04,Ray Davis,buf,2024,0
DawkDi00,Dion Dawkins,buf,2024,0
DougRa00,Rasul Douglas,buf,2024,0
EdwaDa01,David Edwards,buf,2024,0
EdwaMi01,Mike Edwards,buf,2024,0
ElamKa00,Kaiir Elam,buf,2024,0
EpenAJ00,A.J. Epenesa,buf,2024,0
FergRe00,Reid Ferguson,buf,2024,0
GillRe00,Reggie Gilliam,buf,2024,0
HamlDa00,Damar Hamlin,buf,2024,0
HollMa00,Mack Hollins,buf,2024,0
IngrJa00,Ja'Marcus Ingram,buf,2024,0
JohnAu01,Austin Johnson,buf,2024,0
JohnTa01,Taron Johnson,buf,2024,0
JohnTy02,Ty Johnson,buf,2024,0
JoneDa04,DaQuan Jones,buf,2024,0
KincDa00,Dalton Kincaid,buf,2024,0
KnoxDa00,Dawson Knox,buf,2024,0
LewiCa00,Cameron Lewis,buf,2024,0
LoguZi00,Zion Logue,buf,2024,0
MartSa01,Sam Martin,buf,2024,0
McGoCo01,Connor McGovern,buf,2024,0
MorrQu00,Quintin Morris,buf,2024,0
MorrNi00,Nicholas Morrow,buf,2024,0
OlivEd00,Ed Oliver,buf,2024,0
RappTa00,Taylor Rapp,buf,2024,0
RousGr00,Gregory Rousseau,buf,2024,0
SamuCu00,Curtis Samuel,buf,2024,0
ShakKh00,Khalil Shakir,buf,2024,0
SmooDa00,Dawuane Smoot,buf,2024,0
SoloJa00,Javon Solomon,buf,2024,0
SpecBa00,Baylon Spector,buf,2024,0
ToohCa00,Casey Toohill,buf,2024,0
TorrOC00,O'Cyrus Torrence,buf,2024,0
TrubMi00,Mitchell Trubisky,buf,2024,0
UlofEd00,Edefuan Ulofoshio,buf,2024,0
VanDRy00,Ryan Van Demark,buf,2024,0
VanPSe00,Sedrick Van Pran-Granger,buf,2024,0
WillDo04,Dorian Williams,buf,2024,0
MillVo00,Von Miller (SUS),buf,2024,0
DoylTo00,Tommy Doyle (PUP),buf,2024,0
EvanDa02,Darrynton Evans (IRD),buf,2024,0
MilaMa00,Matt Milano (IRD),buf,2024,0
BuecSh00,Shane Buechele (IR),buf,2024,0
ClayTr00,Travis Clayton (IR),buf,2024,0
GrabTy00,Tylan Grable (IR),buf,2024,0
AddiJo00,Jordan Addison,min,2024,0
AkerCa00,Cam Akers,min,2024,0
AsamBr00,Brian Asamoah,min,2024,0
BradGa00,Garrett Bradbury,min,2024,0
BranBl00,Blake Brandel,min,2024,0
BullJo00,Jonathan Bullard,min,2024,0
BynuCa00,Camryn Bynum,min,2024,0
CashBl00,Blake Cashman,min,2024,0
ChanTy01,Ty Chandler,min,2024,0
DarnSa00,Sam Darnold,min,2024,0
DarrCh00,Christian Darrisaw,min,2024,0
DePaAn00,Andrew DePaola,min,2024,0
EvanAk00,Akayleb Evans,min,2024,0
FeenDa00,Dan Feeney,min,2024,0
GaskMy00,Myles Gaskin,min,2024,0
GilmSt00,Stephon Gilmore,min,2024,0
GreeJo04,Jonathan Greenard,min,2024,0
GrifSh00,Shaquill Griffin,min,2024,0
GrugKa00,Kamu Grugier-Hill,min,2024,0
HamxC.00,C.J. Ham,min,2024,0
IngrEd00,Ed Ingram,min,2024,0
JackTh00,Theo Jackson,min,2024,0
JeffJu00,Justin Jefferson,min,2024,0
JoneAa00,Aaron Jones,min,2024,0
JonePa00,Patrick Jones II,min,2024,0
JurgMi02,Michael Jurgens,min,2024,0
McGlDw00,Dwight McGlothern,min,2024,0
MeteJo00,Josh Metellus,min,2024,0
MoreFa00,Fabian Moreau,min,2024,0
MullNi00,Nick Mullens,min,2024,0
MundJo00,Johnny Mundt,min,2024,0
MurpBy00,Byron Murphy,min,2024,0
NailJa00,Jalen Nailor,min,2024,0
ONeiBr00,Brian O'Neill,min,2024,0
OlivJo00,Josh Oliver,min,2024,0
PaceIv00,Ivan Pace,min,2024,0
PhilHa00,Harrison Phillips,min,2024,0
PoweBr00,Brandon Powell,min,2024,0
QuesDa00,David Quessenberry,min,2024,0
RedmJa01,Jalen Redmond,min,2024,0
ReicWi00,Will Reichard,min,2024,0
RichBo01,Bo Richter,min,2024,0
RodrLe00,Levi Drake Rodriguez,min,2024,0
RousWa00,Walter Rouse,min,2024,0
RypiBr00,Brett Rypien,min,2024,0
SherTr00,Trent Sherfield,min,2024,0
SmitHa00,Harrison Smith,min,2024,0
TaimTa00,Taki Taimani,min,2024,0
TillJe00,Jerry Tillery,min,2024,0
TonyRo00,Robert Tonyan,min,2024,0
TurnDa01,Dallas Turner,min,2024,0
VanGAn00,Andrew Van Ginkel,min,2024,0
WardJa00,Jay Ward,min,2024,0
WardJi02,Jihad Ward,min,2024,0
WrigRy00,Ryan Wright,min,2024,0
HockTJ00,T.J. Hockenson (IRD),min,2024,0
MurpGa00,Gabriel Murphy (IRD),min,2024,0
RisnDa00,Dalton Risner (IRD),min,2024,0
BlacMe00,Mekhi Blackmon (IR),min,2024,0
FlaxJe00,Jeremy Flax (IR),min,2024,0
KunaJo00,Jordan Kunaszyk (IR),min,2024,0
McCaJJ00,J.J. McCarthy (IR),min,2024,0
MuseNi00,Nick Muse (IR),min,2024,0
ThomNa00,NaJee Thompson (IR),min,2024,0
AnzaAl00,Alex Anzalone,det,2024,0
ArnoTe00,Terrion Arnold,det,2024,0
AwosKa00,Kayode Awosika,det,2024,0
BateJa00,Jake Bates,det,2024,0
BranBr00,Brian Branch,det,2024,0
CampJa04,Jack Campbell,det,2024,0
DaviCa02,Carlton Davis,det,2024,0
DeckTa00,Taylor Decker,det,2024,0
DorsKh00,Khalil Dorsey,det,2024,0
FoxxJa01,Jack Fox,det,2024,0
GibbJa01,Jahmyr Gibbs,det,2024,0
GlasGr00,Graham Glasgow,det,2024,0
GoffJa00,Jared Goff,det,2024,0
HattHo00,Hogan Hatten,det,2024,0
HessPa00,Parker Hesse,det,2024,0
HookHe00,Hendon Hooker,det,2024,0
HousJa01,James Houston,det,2024,0
JoseBr00,Brandon Joseph,det,2024,0
JoseKe03,Kerby Joseph,det,2024,0
LaPoSa01,Sam LaPorta,det,2024,0
ManuGi00,Giovanni Manu,det,2024,0
McNeAl00,Alim McNeill,det,2024,0
MontDa01,David Montgomery,det,2024,0
NiemBe00,Ben Niemann,det,2024,0
NiesMi00,Michael Niese,det,2024,0
NowaTr00,Trevor Nowaske,det,2024,0
OConPa00,Pat O'Connor,det,2024,0
OnwuLe00,Levi Onwuzurike,det,2024,0
PascJo00,Josh Paschal,det,2024,0
PatrTi00,Tim Patrick,det,2024,0
RagnFr00,Frank Ragnow,det,2024,0
RakeEn00,Ennis Rakestraw,det,2024,0
RaymKa00,Kalif Raymond,det,2024,0
ReadD.00,D.J. Reader,det,2024,0
ReevJa00,Jalen Reeves-Maybin,det,2024,0
ReynCr00,Craig Reynolds,det,2024,0
RobeAm00,Amik Robertson,det,2024,0
RobiAl02,Allen Robinson,det,2024,0
RodrMa00,Malcolm Rodriguez,det,2024,0
SewePe00,Penei Sewell,det,2024,0
SkipDa00,Dan Skipper,det,2024,0
SorsCo00,Colby Sorsdal,det,2024,0
StxxAm00,Amon-Ra St. Brown,det,2024,0
StriLo00,Loren Strickland,det,2024,0
ThomIs01,Isaiah Thomas,det,2024,0
UkwuIs00,Isaac Ukwu,det,2024,0
VakiSi00,Sione Vaki,det,2024,0
VildKi00,Kindle Vildor,det,2024,0
WillIs03,Isaiah Williams,det,2024,0
WillJa11,Jameson Williams,det,2024,0
WingMe00,Mekhi Wingo,det,2024,0
WrigBr01,Brock Wright,det,2024,0
ZeitKe00,Kevin Zeitler,det,2024,0
ZylsSh00,Shane Zylstra,det,2024,0
MahoCh00,Christian Mahogany (NON),det,2024,0
MoseEm00,Emmanuel Moseley (IRD),det,2024,0
BadaDa00,David Bada (IR),det,2024,0
BadgMi00,Michael Badgley (IR),det,2024,0
BarnDe02,Derrick Barnes (IR),det,2024,0
ComiJo00,John Cominsky (IR),det,2024,0
DaveMa00,Marcus Davenport (IR),det,2024,0
GalvCo00,Connor Galvin (IR),det,2024,0
GreeAn00,Antoine Green (IR),det,2024,0
HutcAi00,Aidan Hutchinson (IR),det,2024,0
LynnNa00,Nate Lynn (IR),det,2024,0
MartBr00,Brodric Martin (IR),det,2024,0
MeliIf00,Ifeatu Melifonwu (IR),det,2024,0
MutiNe00,Netane Muti (IR),det,2024,0
PekoKy00,Kyle Peko (IR),det,2024,0
SmitTr03,Tre'Quan Smith (IR),det,2024,0
AlfoDe00,DeAundre Alford,atl,2024,0
AllgTy00,Tyler Allgeier,atl,2024,0
AndeTr00,Troy Andersen,atl,2024,0
BateJe00,Jessie Bates III,atl,2024,0
BergMa00,Matthew Bergeron,atl,2024,0
BertJD00,JD Bertrand,atl,2024,0
BrooNa01,Natrone Brooks,atl,2024,0
CousKi00,Kirk Cousins,atl,2024,0
DorlBr00,Brandon Dorlus,atl,2024,0
DwelRo00,Ross Dwelley,atl,2024,0
EbikAr00,Arnold Ebiketie,atl,2024,0
ElliKa00,Kaden Elliss,atl,2024,0
GoldEd00,Eddie Goldman,atl,2024,0
GrahTa00,Ta'Quon Graham,atl,2024,0
GranRi00,Richie Grant,atl,2024,0
GwynJo00,Jovaughn Gwyn,atl,2024,0
HamiAn01,Antonio Hamilton,atl,2024,0
HarrDe06,Demone Harris,atl,2024,0
HarrZa00,Zach Harrison,atl,2024,0
HennMa00,Matt Hennessy,atl,2024,0
HintKy00,Kyle Hinton,atl,2024,0
HodgKh00,KhaDarel Hodge,atl,2024,0
HughMi00,Mike Hughes,atl,2024,0
JarrGr00,Grady Jarrett,atl,2024,0
JudoMa00,Matt Judon,atl,2024,0
KingKe01,Kevin King,atl,2024,0
KooxYo00,Younghoe Koo,atl,2024,0
LandNa01,Nathan Landman,atl,2024,0
LindCh00,Chris Lindstrom,atl,2024,0
LondDr00,Drake London,atl,2024,0
MaloDe00,DeAngelo Malone,atl,2024,0
MattJa00,Jake Matthews,atl,2024,0
McClJa05,Jase McClellan,atl,2024,0
McClRa00,Ray-Ray McCloud,atl,2024,0
McCuLi00,Liam McCullough,atl,2024,0
McGaKa00,Kaleb McGary,atl,2024,0
MoonDa00,Darnell Mooney,atl,2024,0
NeuzRy00,Ryan Neuzil,atl,2024,0
NortSt00,Storm Norton,atl,2024,0
OnyeDa00,David Onyemata,atl,2024,0
OrhoRu00,Ruke Orhorhoro,atl,2024,0
ParkBr01,Brandon Parker,atl,2024,0
PeniMi00,Michael Penix,atl,2024,0
PhilCl00,Clark Phillips,atl,2024,0
PiniBr00,Bradley Pinion,atl,2024,0
PittKy00,Kyle Pitts,atl,2024,0
RobiBi01,Bijan Robinson,atl,2024,0
SimmJu00,Justin Simmons,atl,2024,0
SmitJa08,James Smith-Williams,atl,2024,0
StreKe00,Kentavius Street,atl,2024,0
TerrAJ00,AJ Terrell,atl,2024,0
WashCa01,Casey Washington,atl,2024,0
WilkEl00,Elijah Wilkinson,atl,2024,0
WillAv02,Avery Williams,atl,2024,0
WoerCh00,Charlie Woerner,atl,2024,0
BurnRo01,Robert Burns (PUP),atl,2024,0
HellDe00,DeMarcco Hellams (IRD),atl,2024,0
AberMi00,Micah Abernathy (IR),atl,2024,0
CartLo01,Lorenzo Carter (IR),atl,2024,0
DalmDr00,Drew Dalman (IR),atl,2024,0
EiflMi00,Milo Eifler (IR),atl,2024,0
HandHa00,Harrison Hand (IR),atl,2024,0
MoorRo02,Rondale Moore (IR),atl,2024,0
TricBr00,Bralen Trice (IR),atl,2024,0
BakeJa00,Javon Baker,nwe,2024,0
BariBr00,Bryce Baringer,nwe,2024,0
BellJa00,Jaheim Bell,nwe,2024,0
BoldIs00,Isaiah Bolden,nwe,2024,0
BourKe00,Kendrick Bourne,nwe,2024,0
BoutKa00,Kayshon Boutte,nwe,2024,0
BrisJa00,Jacoby Brissett,nwe,2024,0
BrowBe01,Ben Brown,nwe,2024,0
CardJo00,Joe Cardona,nwe,2024,0
DialMa00,Marcellas Dial,nwe,2024,0
DougDe00,Demario Douglas,nwe,2024,0
DuggKy00,Kyle Dugger,nwe,2024,0
EkuaDa00,Daniel Ekuale,nwe,2024,0
ElliCh00,Christian Elliss,nwe,2024,0
GibsAn00,Antonio Gibson,nwe,2024,0
GodcDa00,Davon Godchaux,nwe,2024,0
GonzCh00,Christian Gonzalez,nwe,2024,0
HastJa02,Jamycal Hasty,nwe,2024,0
HawkJa00,Jaylinn Hawkins,nwe,2024,0
HenrHu00,Hunter Henry,nwe,2024,0
HoopAu00,Austin Hooper,nwe,2024,0
JacoCu00,Curtis Jacobs,nwe,2024,0
JacoDe00,Demontrey Jacobs,nwe,2024,0
JennAn00,Anfernee Jennings,nwe,2024,0
JohnEr01,Eric Johnson,nwe,2024,0
JoneJo03,Jonathan Jones,nwe,2024,0
JoneMa06,Marcus Jones,nwe,2024,0
JordMi01,Michael Jordan,nwe,2024,0
LoweVe00,Vederian Lowe,nwe,2024,0
MapuMa00,Marte Mapu,nwe,2024,0
MathOc00,Ochaun Mathis,nwe,2024,0
MayeDr00,Drake Maye,nwe,2024,0
McMiRa02,Raekwon McMillan,nwe,2024,0
MiltJo00,Joe Milton,nwe,2024,0
OnweMi00,Michael Onwenu,nwe,2024,0
OsboKJ00,K.J. Osborn,nwe,2024,0
PettDe00,Dell Pettus,nwe,2024,0
PharJe00,Jeremiah Pharms,nwe,2024,0
PolkJa00,Ja'Lynn Polk,nwe,2024,0
RobiLa02,Layden Robinson,nwe,2024,0
RoyxJa00,Jaquelin Roy,nwe,2024,0
SchoBr00,Brenden Schooler,nwe,2024,0
SlyeJo00,Joey Slye,nwe,2024,0
SmitLe01,Lecitus Smith,nwe,2024,0
SowxSi00,Sidy Sow,nwe,2024,0
StevRh00,Rhamondre Stevenson,nwe,2024,0
TakiSi00,Sione Takitaki,nwe,2024,0
TavaJa00,Jahlani Tavai,nwe,2024,0
ThomZa04,Zachary Thomas,nwe,2024,0
ThorTy00,Tyquan Thornton,nwe,2024,0
UcheJo00,Josh Uche,nwe,2024,0
WhitKe03,Keion White,nwe,2024,0
WilsMa04,Marco Wilson,nwe,2024,0
WiseDe00,Deatrich Wise Jr.,nwe,2024,0
StraCo01,Cole Strange (PUP),nwe,2024,0
BarmCh00,Christian Barmore (NON),nwe,2024,0
AndrDa00,David Andrews (IR),nwe,2024,0
AndrJa00,Jake Andrews (IR),nwe,2024,0
AustAl00,Alex Austin (IR),nwe,2024,0
BentJa00,Ja'Whaun Bentley (IR),nwe,2024,0
JackJa03,JaQuae Jackson (IR),nwe,2024,0
WallCa00,Caedan Wallace (IR),nwe,2024,0
XimiOs00,Oshane Ximines (IR),nwe,2024,0
OkorCh00,Chukwuma Okorafor (EXE),nwe,2024,0
PeppJa00,Jabrill Peppers (EXE),nwe,2024,0
AlleNi00,Nick Allegretti,was,2024,0
ArmsDo00,Dorance Armstrong Jr.,was,2024,0
BateJo00,John Bates,was,2024,0
BellNi01,Nick Bellore,was,2024,0
BiadTy00,Tyler Biadasz,was,2024,0
BrowDy00,Dyami Brown,was,2024,0
BrowNo00,Noah Brown,was,2024,0
ButlPe00,Percy Butler,was,2024,0
ChinJe00,Jeremy Chinn,was,2024,0
ColeBr02,Brandon Coleman,was,2024,0
CosmSa00,Samuel Cosmi,was,2024,0
DaniJa02,Jayden Daniels,was,2024,0
DaviJa11,Jamin Davis,was,2024,0
DaviMi03,Michael Davis,was,2024,0
DayxSh00,Sheldon Day,was,2024,0
DeitMi00,Michael Deiter,was,2024,0
DrisJe00,Jeff Driskel,was,2024,0
EkelAu00,Austin Ekeler,was,2024,0
ErtzZa00,Zach Ertz,was,2024,0
FerrCl00,Clelin Ferrell,was,2024,0
ForbEm00,Emmanuel Forbes,was,2024,0
ForrDa00,Darrick Forrest,was,2024,0
FowlDa00,Dante Fowler,was,2024,0
HampDo00,Dominique Hampton,was,2024,0
HolmJa01,Jalyn Holmes,was,2024,0
IgbiNo00,Noah Igbinoghene,was,2024,0
LucaCo01,Cornelius Lucas,was,2024,0
LuvuFr00,Frankie Luvu,was,2024,0
MariMa01,Marcus Mariota,was,2024,0
MartJa04,Quan Martin,was,2024,0
MathPh00,Phidarian Mathis,was,2024,0
McCaLu00,Luke McCaffrey,was,2024,0
McLaTe00,Terry McLaurin,was,2024,0
McNiJe00,Jeremy McNichols,was,2024,0
NewtJe00,Jer'Zhan Newton,was,2024,0
ObadEf00,Efe Obada,was,2024,0
OttxTy00,Tyler Ott,was,2024,0
OwenTy00,Tyler Owens,was,2024,0
PaulCh00,Chris Paul,was,2024,0
PaynDa00,Daron Payne,was,2024,0
ReavJe00,Jeremy Reaves,was,2024,0
RobiBr01,Brian Robinson Jr.,was,2024,0
SainMi00,Mike Sainristil,was,2024,0
ScotTr01,Trenton Scott,was,2024,0
SeibAu00,Austin Seibert,was,2024,0
SinnBe00,Ben Sinnott,was,2024,0
StJuBe00,Benjamin St-Juste,was,2024,0
WagnBo00,Bobby Wagner,was,2024,0
WalkMy00,Mykal Walker,was,2024,0
WayxTr00,Tress Way,was,2024,0
WyliAn00,Andrew Wylie,was,2024,0
YankCo00,Colson Yankoff,was,2024,0
ZaccOl01,Olamide Zaccheaus,was,2024,0
MageJo00,Jordan Magee (IRD),was,2024,0
AlleJo01,Jonathan Allen (IR),was,2024,0
CrowJa00,Jamison Crowder (IR),was,2024,0
JeanJa00,Javontae Jean-Baptiste (IR),was,2024,0
PollNo00,Norell Pollard (IR),was,2024,0
AdomCa00,Cal Adomitis,cin,2024,0
AllxEr00,Erick All,cin,2024,0
AndeTy00,Tycen Anderson,cin,2024,0
AnthDa00,Daijahn Anthony,cin,2024,0
BachJo01,Joe Bachie,cin,2024,0
BattJo00,Jordan Battle,cin,2024,0
BellVo00,Vonn Bell,cin,2024,0
BrowCh10,Chase Brown,cin,2024,0
BrowOr00,Orlando Brown Jr.,cin,2024,0
BrowJa08,Jake Browning,cin,2024,0
BurrJo01,Joe Burrow,cin,2024,0
BurtJe01,Jermaine Burton,cin,2024,0
CappAl00,Alex Cappa,cin,2024,0
ChasJa00,Ja'Marr Chase,cin,2024,0
DaviAk01,Akeem Davis-Gaither,cin,2024,0
FordCo00,Cody Ford,cin,2024,0
GesiMi00,Mike Gesicki,cin,2024,0
GuyxLa00,Lawrence Guy,cin,2024,0
HendTr00,Trey Hendrickson,cin,2024,0
HiggTe00,Tee Higgins,cin,2024,0
HillB.00,B.J. Hill,cin,2024,0
HillTr03,Trey Hill,cin,2024,0
HiltMi01,Mike Hilton,cin,2024,0
HubbSa00,Sam Hubbard,cin,2024,0
HudsTa00,Tanner Hudson,cin,2024,0
IosiAn00,Andrei Iosivas,cin,2024,0
IrwiTr00,Trenton Irwin,cin,2024,0
IveyDJ00,DJ Ivey,cin,2024,0
JackMc00,McKinnley Jackson,cin,2024,0
JenkKr01,Kris Jenkins,cin,2024,0
JohnCe01,Cedric Johnson,cin,2024,0
JoneCh11,Charlie Jones,cin,2024,0
KarrTe00,Ted Karras,cin,2024,0
LeexMa02,Matt Lee,cin,2024,0
McLaTa00,Tanner McLachlan,cin,2024,0
McPhEv00,Evan McPherson,cin,2024,0
MimsAm00,Amarius Mims,cin,2024,0
MossZa00,Zack Moss,cin,2024,0
MurpMy00,Myles Murphy,cin,2024,0
NewtJo00,Josh Newton,cin,2024,0
NjonMa00,Maema Njongmeta,cin,2024,0
OssaJo00,Joseph Ossai,cin,2024,0
PratGe00,Germaine Pratt,cin,2024,0
RankSh00,Sheldon Rankins,cin,2024,0
RehkRy00,Ryan Rehkow,cin,2024,0
SampDr00,Drew Sample,cin,2024,0
StonGe00,Geno Stone,cin,2024,0
StueAn00,Andrew Stueber,cin,2024,0
TaylCa01,Cam Taylor-Britt,cin,2024,0
TufeJa00,Jay Tufele,cin,2024,0
TurnDJ01,DJ Turner,cin,2024,0
VolsCo02,Cordell Volson,cin,2024,0
WillTr06,Trayveon Williams,cin,2024,0
WilsLo00,Logan Wilson,cin,2024,0
BrowTr02,Trent Brown (IR),cin,2024,0
EvanCh02,Chris Evans (IR),cin,2024,0
HillDa04,Daxton Hill (IR),cin,2024,0
KirkJa03,Jaxson Kirkland (IR),cin,2024,0
RobiLa03,Lance Robinson (IR),cin,2024,0
SampCa00,Cameron Sample (IR),cin,2024,0
SmitDA03,D'Ante Smith (IR),cin,2024,0
AdebPa00,Paulson Adebo,nor,2024,0
BoydKh00,Khristian Boyd,nor,2024,0
BresBr00,Bryan Bresee,nor,2024,0
CarrDe02,Derek Carr,nor,2024,0
DaviDe00,Demario Davis,nor,2024,0
FordJa02,Jaylan Ford,nor,2024,0
FoskIs00,Isaiah Foskey,nor,2024,0
FuagTa00,Taliese Fuaga,nor,2024,0
GayJWi00,Willie Gay Jr.,nor,2024,0
GranCa01,Carl Granderson,nor,2024,0
GrayJ.00,J.T. Gray,nor,2024,0
GrupBl00,Blake Grupe,nor,2024,0
HaenJa00,Jake Haener,nor,2024,0
HaybMa00,Matthew Hayball,nor,2024,0
HergKy00,Kyle Hergel,nor,2024,0
HillTa00,Taysom Hill,nor,2024,0
HolkDa00,Dallin Holker,nor,2024,0
HowdJo00,Jordan Howden,nor,2024,0
JackDM00,D'Marco Jackson,nor,2024,0
JackJe01,Jermaine Jackson,nor,2024,0
JohnJu02,Juwan Johnson,nor,2024,0
JordCa00,Cameron Jordan,nor,2024,0
KamaAl00,Alvin Kamara,nor,2024,0
LattMa01,Marshon Lattimore,nor,2024,0
MathTy00,Tyrann Mathieu,nor,2024,0
McGoCo00,Connor McGovern,nor,2024,0
McKiKo00,Kool-Aid McKinstry,nor,2024,0
MeanBu00,Bub Means,nor,2024,0
MillKe01,Kendre Miller,nor,2024,0
MimsJo00,Jordan Mims,nor,2024,0
MoreFo00,Foster Moreau,nor,2024,0
OlavCh00,Chris Olave,nor,2024,0
OrjiAn00,Anfernee Orji,nor,2024,0
PatrLu00,Lucas Patrick,nor,2024,0
PaytRi00,Rico Payton,nor,2024,0
PennTr00,Trevor Penning,nor,2024,0
PrenAd00,Adam Prentice,nor,2024,0
RattSp00,Spencer Rattler,nor,2024,0
RidgJo00,John Ridgeway,nor,2024,0
RuizCe00,Cesar Ruiz,nor,2024,0
SaldNi00,Nick Saldiveri,nor,2024,0
SaunKh00,Khalen Saunders,nor,2024,0
ShepNa00,Nathan Shepherd,nor,2024,0
TaylAl01,Alontae Taylor,nor,2024,0
TiptMa00,Mason Tipton,nor,2024,0
TurnPa02,Payton Turner,nor,2024,0
UdohOl01,Oli Udoh,nor,2024,0
WernPe00,Pete Werner,nor,2024,0
WillJa06,Jamaal Williams,nor,2024,0
WilsCe01,Cedrick Wilson Jr.,nor,2024,0
WoodZa00,Zach Wood,nor,2024,0
YounCh04,Chase Young,nor,2024,0
YounLa00,Landon Young,nor,2024,0
KpasTa00,Tanoh Kpassagnon (PUP),nor,2024,0
RamcRy00,Ryan Ramczyk (PUP),nor,2024,0
SeweNe00,Nephi Sewell (PUP),nor,2024,0
HarrWi02,Will Harris (IR),nor,2024,0
HerrJu00,Justin Herron (IR),nor,2024,0
LemiSh00,Shane Lemieux (IR),nor,2024,0
McCoEr01,Erik McCoy (IR),nor,2024,0
PeteCa01,Camron Peterson (IR),nor,2024,0
ShahRa00,Rashid Shaheed (IR),nor,2024,0
WrigRe00,Rejzohn Wright (IR),nor,2024,0
AiyuBr00,Brandon Aiyuk,sfo,2024,0
AlleBr00,Brandon Allen,sfo,2024,0
BankAa00,Aaron Banks,sfo,2024,0
BartBe00,Ben Bartch,sfo,2024,0
BealRo00,Robert Beal,sfo,2024,0
BellRo01,Ronnie Bell,sfo,2024,0
BethTa00,Tatum Bethune,sfo,2024,0
BosaNi00,Nick Bosa,sfo,2024,0
BrenJa01,Jake Brendel,sfo,2024,0
BrowJi01,Ji'Ayir Brown,sfo,2024,0
BurfSp00,Spencer Burford,sfo,2024,0
CampDe00,De'Vondre Campbell,sfo,2024,0
CarlAn00,Anders Carlson,sfo,2024,0
CollMa00,Maliek Collins,sfo,2024,0
ConlCh00,Chris Conley,sfo,2024,0
CowiJa00,Jacob Cowing,sfo,2024,0
DaviKa01,Kalia Davis,sfo,2024,0
DobbJo00,Joshua Dobbs,sfo,2024,0
ElliJo02,Jordan Elliott,sfo,2024,0
FlanDe00,Demetrius Flannigan-Fowles,sfo,2024,0
FloyLe00,Leonard Floyd,sfo,2024,0
GiveKe01,Kevin Givens,sfo,2024,0
GrahJa02,Jalen Graham,sfo,2024,0
GreeRe00,Renardo Green,sfo,2024,0
GuerIs00,Isaac Guerendo,sfo,2024,0
JennJa00,Jauan Jennings,sfo,2024,0
JuszKy00,Kyle Juszczyk,sfo,2024,0
KittGe00,George Kittle,sfo,2024,0
LenoDe00,Deommodore Lenoir,sfo,2024,0
LuteDa00,Darrell Luter,sfo,2024,0
MahoJa00,Jaylen Mahoney,sfo,2024,0
MasoJo00,Jordan Mason,sfo,2024,0
McKiCo00,Colton McKivitz,sfo,2024,0
MoodJa00,Jake Moody,sfo,2024,0
MoorJa04,Jaylon Moore,sfo,2024,0
MustMa00,Malik Mustapha,sfo,2024,0
OdumGe00,George Odum,sfo,2024,0
OkuaSa00,Sam Okuayinonu,sfo,2024,0
PearRi00,Ricky Pearsall,sfo,2024,0
PeppTa00,Taybor Pepper,sfo,2024,0
PuniDo00,Dominick Puni,sfo,2024,0
PurdBr00,Brock Purdy,sfo,2024,0
SamuDe00,Deebo Samuel,sfo,2024,0
SaubEr00,Eric Saubert,sfo,2024,0
TaylPa01,Patrick Taylor,sfo,2024,0
TongJa00,Jake Tonges,sfo,2024,0
WardCh01,Charvarius Ward,sfo,2024,0
WarnFr00,Fred Warner,sfo,2024,0
WillTr21,Trent Williams,sfo,2024,0
WillBr06,Brayden Willis,sfo,2024,0
WintDe00,Dee Winters,sfo,2024,0
WishMi00,Mitch Wishnowsky,sfo,2024,0
Ya-SRo00,Rock Ya-Sin,sfo,2024,0
YiadIs00,Isaac Yiadom,sfo,2024,0
ZakeNi00,Nick Zakelj,sfo,2024,0
GreeDr00,Dre Greenlaw (PUP),sfo,2024,0
JackDr01,Drake Jackson (PUP),sfo,2024,0
FeliJo00,Jon Feliciano (IR),sfo,2024,0
GrosYe00,Yetur Gross-Matos (IR),sfo,2024,0
HargJa00,Javon Hargrave (IR),sfo,2024,0
HufaTa00,Talanoa Hufanga (IR),sfo,2024,0
McCaCh01,Christian McCaffrey (IR),sfo,2024,0
MitcEl00,Elijah Mitchell (IR),sfo,2024,0
RobiCu00,Curtis Robinson (IR),sfo,2024,0
ThomAm00,Ambry Thomas (IR),sfo,2024,0
WrigMa00,Matthew Wright (IR),sfo,2024,0
AlleDa02,Davis Allen,ram,2024,0
AtweTu00,Tutu Atwell,ram,2024,0
BennSt00,Stetson Bennett,ram,2024,0
BrowBo04,Bobby Brown,ram,2024,0
BrusLo00,Logan Bruss,ram,2024,0
CoruBl00,Blake Corum,ram,2024,0
CurlKa00,Kamren Curl,ram,2024,0
DaviTy05,Tyler Davis,ram,2024,0
DediJu00,Justin Dedich,ram,2024,0
DotsKe00,Kevin Dotson,ram,2024,0
DuraDe01,Cobie Durant,ram,2024,0
EvanEt00,Ethan Evans,ram,2024,0
FiskBr00,Braden Fiske,ram,2024,0
GallNe00,Neville Gallimore,ram,2024,0
GaroJi00,Jimmy Garoppolo,ram,2024,0
HampNi00,Nick Hampton,ram,2024,0
HaveRo00,Rob Havenstein,ram,2024,0
HoecMi00,Michael Hoecht,ram,2024,0
HummJa00,Jake Hummel,ram,2024,0
JackAl01,Alaric Jackson,ram,2024,0
JackBr02,Brennan Jackson,ram,2024,0
JohnDe08,Desjuan Johnson,ram,2024,0
JohnTy00,Tyler Johnson,ram,2024,0
KartJo00,Joshua Karty,ram,2024,0
KincKa00,Kamren Kinchens,ram,2024,0
KuppCo00,Cooper Kupp,ram,2024,0
LakeQu00,Quentin Lake,ram,2024,0
LimmBe00,Beaux Limmer,ram,2024,0
LongHu00,Hunter Long,ram,2024,0
McClWa00,Warren McClendon,ram,2024,0
McCoJa02,Jaylen McCollough,ram,2024,0
McMaDy00,Dylan McMahon,ram,2024,0
NealEl00,Elias Neal,ram,2024,0
ParkCo02,Colby Parkinson,ram,2024,0
ReedTr01,Troy Reeder,ram,2024,0
RiveRo01,Ronnie Rivers,ram,2024,0
RobiDe01,Demarcus Robinson,ram,2024,0
RozeCh00,Christian Rozeboom,ram,2024,0
SchrCo00,Cody Schrader,ram,2024,0
SmitXa00,Xavier Smith,ram,2024,0
SpeiOm00,Omar Speights,ram,2024,0
StafMa00,Matthew Stafford,ram,2024,0
TurnKo00,Kobie Turner,ram,2024,0
VersJa00,Jared Verse,ram,2024,0
WallJo00,Josh Wallace,ram,2024,0
WardAl00,Alex Ward,ram,2024,0
WhitTr01,Tre'Davious White,ram,2024,0
WhitJo04,Jordan Whittington,ram,2024,0
WillDa09,Darious Williams,ram,2024,0
WillJo16,Jonah Williams,ram,2024,0
WillKy02,Kyren Williams,ram,2024,0
WithAh00,Ahkello Witherspoon,ram,2024,0
WoodCh01,Charles Woods,ram,2024,0
YounBy01,Byron Young,ram,2024,0
HigbTy00,Tyler Higbee (PUP),ram,2024,0
LeveKT00,KT Leveston (IRD),ram,2024,0
NoteJo00,Joseph Noteboom (IRD),ram,2024,0
AvilSt00,Steve Avila (IR),ram,2024,0
JackJo03,Jonah Jackson (IR),ram,2024,0
JohnJo10,John Johnson (IR),ram,2024,0
KendDe00,Derion Kendrick (IR),ram,2024,0
McDeCo00,Conor McDermott (IR),ram,2024,0
MurcLa00,Larrell Murchison (IR),ram,2024,0
NacuPu00,Puka Nacua (IR),ram,2024,0
HodgTr00,Tre'Vius Tomlinson (IR),ram,2024,0
AdamMa00,Matthew Adams,nyg,2024,0
BankDe00,Deonte Banks,nyg,2024,0
BashCa00,Boogie Basham,nyg,2024,0
BellDa00,Daniel Bellinger,nyg,2024,0
BeltDa00,Dane Belton,nyg,2024,0
BurnBr00,Brian Burns,nyg,2024,0
ChatEl00,Elijah Chatman,nyg,2024,0
DaviDJ00,D.J. Davidson,nyg,2024,0
DeViTo00,Tommy DeVito,nyg,2024,0
ElueJe00,Jermaine Eluemunor,nyg,2024,0
EzeuJo00,Joshua Ezeudu,nyg,2024,0
FlotCo00,Cordale Flott,nyg,2024,0
FordBr00,Bryce Ford-Wheaton,nyg,2024,0
FoxxTo00,Tomon Fox,nyg,2024,0
GillJa00,Jamie Gillan,nyg,2024,0
GrayEr01,Eric Gray,nyg,2024,0
HaacMa00,Matt Haack,nyg,2024,0
HawkTr00,Tre Hawkins,nyg,2024,0
HubbCh00,Chris Hubbard,nyg,2024,0
HyatJa00,Jalin Hyatt,nyg,2024,0
JackAd00,Adoree' Jackson,nyg,2024,0
JohnAn08,Anthony Johnson,nyg,2024,0
JohnPa02,Patrick Johnson,nyg,2024,0
JohnTh00,Theo Johnson,nyg,2024,0
JoneDa05,Daniel Jones,nyg,2024,0
JoseGr00,Greg Joseph,nyg,2024,0
KreiCa00,Casey Kreiter,nyg,2024,0
KubaJa00,Jake Kubas,nyg,2024,0
LawrDe03,Dexter Lawrence,nyg,2024,0
LockDr00,Drew Lock,nyg,2024,0
ManhCh00,Chris Manhertz,nyg,2024,0
McClNi00,Nick McCloud,nyg,2024,0
McFaMi01,Micah McFadden,nyg,2024,0
MuasDa00,Darius Muasau,nyg,2024,0
NabeMa00,Malik Nabers,nyg,2024,0
NealEv00,Evan Neal,nyg,2024,0
NubiTy00,Tyler Nubin,nyg,2024,0
NuneRa00,Rakeem Nunez-Roches,nyg,2024,0
OjulAz00,Azeez Ojulari,nyg,2024,0
OkerBo00,Bobby Okereke,nyg,2024,0
PhilAn02,Andru Phillips,nyg,2024,0
PinnJa01,Jason Pinnock,nyg,2024,0
RileJo00,Jordon Riley,nyg,2024,0
RobiWa01,Wan'Dale Robinson,nyg,2024,0
RunyJo00,Jon Runyan Jr.,nyg,2024,0
MichJo00,John Michael Schmitz,nyg,2024,0
SimmIs00,Isaiah Simmons,nyg,2024,0
SingDe00,Devin Singletary,nyg,2024,0
SlayDa01,Darius Slayton,nyg,2024,0
SmitIh00,Ihmir Smith-Marsette,nyg,2024,0
StinAa00,Aaron Stinnie,nyg,2024,0
SummTy00,Ty Summers,nyg,2024,0
TracTy00,Tyrone Tracy,nyg,2024,0
VanRGr00,Greg Van Roten,nyg,2024,0
CougCa00,Carter Coughlin (PRA_),nyg,2024,0
GanoGr44,Graham Gano (IR),nyg,2024,0
JohnDy00,Dyontae Johnson (IR),nyg,2024,0
OlszGu00,Gunner Olszewski (IR),nyg,2024,0
RileEl01,Elijah Riley (IR),nyg,2024,0
SchlAu00,Austin Schlottmann (IR),nyg,2024,0
ThibKa00,Kayvon Thibodeaux (IR),nyg,2024,0
ThomAn02,Andrew Thomas (IR),nyg,2024,0
AbraKr00,Kris Abrams-Draine,den,2024,0
AdkiNa00,Nate Adkins,den,2024,0
AlleZa01,Zach Allen,den,2024,0
BailLe00,Levelle Bailey,den,2024,0
BartCo00,Cody Barton,den,2024,0
BollGa00,Garett Bolles,den,2024,0
BoniNi00,Nik Bonitto,den,2024,0
BrowBa01,Baron Browning,den,2024,0
BurtMi00,Michael Burton,den,2024,0
CoopJo02,Jonathon Cooper,den,2024,0
CrumFr00,Frank Crum,den,2024,0
DixoRi00,Riley Dixon,den,2024,0
DulcGr00,Greg Dulcich,den,2024,0
ElliJo03,Jonah Elliss,den,2024,0
EstiAu00,Audric Estime,den,2024,0
ForsAl00,Alex Forsyth,den,2024,0
FrabMi00,Mitchell Fraboni,den,2024,0
FranTr00,Troy Franklin,den,2024,0
FranJo02,John Franklin-Myers,den,2024,0
HumpLi01,Lil'Jordan Humphrey,den,2024,0
JackJo06,Jordan Jackson,den,2024,0
JoneBr06,Brandon Jones,den,2024,0
JoneD.01,D.J. Jones,den,2024,0
KeyxDe00,Devon Key,den,2024,0
KrulLu00,Lucas Krull,den,2024,0
LockPJ00,P.J. Locke,den,2024,0
LutzWi00,Wil Lutz,den,2024,0
MathDa00,Damarri Mathis,den,2024,0
McGlMi00,Mike McGlinchey,den,2024,0
McLaJa00,Jaleel McLaughlin,den,2024,0
McMiJa00,Ja'Quan McMillian,den,2024,0
MeinQu02,Quinn Meinerz,den,2024,0
MimsMa00,Marvin Mims,den,2024,0
MossRi00,Riley Moss,den,2024,0
NixxBo00,Bo Nix,den,2024,0
PalcAl00,Alex Palczewski,den,2024,0
PearMa00,Matt Peart,den,2024,0
PoweBe00,Ben Powers,den,2024,0
RoacMa01,Malcolm Roach,den,2024,0
SkinJL00,JL Skinner,den,2024,0
SmitKe05,Keidron Smith,den,2024,0
SmitTr04,Tremon Smith,den,2024,0
StidJa00,Jarrett Stidham,den,2024,0
StrnJu00,Justin Strnad,den,2024,0
SurtPa01,Patrick Surtain II,den,2024,0
SuttCo00,Courtland Sutton,den,2024,0
TillDo00,Dondrea Tillman,den,2024,0
TrauAd00,Adam Trautman,den,2024,0
UwazEy00,Eyioma Uwazurike,den,2024,0
VeleDe00,Devaughn Vele,den,2024,0
WallLe00,Levi Wallace,den,2024,0
WillJa10,Javonte Williams,den,2024,0
WilsZa00,Zach Wilson,den,2024,0
SandDr00,Drew Sanders (PUP),den,2024,0
TurnDe02,Delarrin Turner-Yell (PUP),den,2024,0
BadiTy00,Tyler Badie (IR),den,2024,0
BailQu00,Quinn Bailey (IR),den,2024,0
ReynJo00,Josh Reynolds (IR),den,2024,0
SingAl00,Alex Singleton (IR),den,2024,0
WattLu00,Luke Wattenberg (IR),den,2024,0
AkinJo00,Jordan Akins,cle,2024,0
BellDA03,D'Anthony Bell,cle,2024,0
BitoJo00,Joel Bitonio,cle,2024,0
BojoCo00,Corey Bojorquez,cle,2024,0
BrowTo01,Tony Brown,cle,2024,0
BushDe01,Devin Bush Jr.,cle,2024,0
ChubNi00,Nick Chubb,cle,2024,0
ConkJa00,Jack Conklin,cle,2024,0
DardJa00,Jaelon Darden,cle,2024,0
DelpGr00,Grant Delpit,cle,2024,0
DiabMo00,Mohamoud Diabate,cle,2024,0
DunnMi01,Michael Dunn,cle,2024,0
EmerMa00,Martin Emerson,cle,2024,0
FordJe00,Jerome Ford,cle,2024,0
FordMi01,Mike Ford,cle,2024,0
ForeDO00,D'Onta Foreman,cle,2024,0
GarrMy00,Myles Garrett,cle,2024,0
HailKa00,Kahlef Hailassie,cle,2024,0
HallMi00,Michael Hall,cle,2024,0
HarrSh00,Shelby Harris,cle,2024,0
HickRo00,Ronnie Hickman,cle,2024,0
HickJo00,Jordan Hicks,cle,2024,0
HopkDu00,Dustin Hopkins,cle,2024,0
HudsKh00,Khaleke Hudson,cle,2024,0
HursMa00,Maurice Hurst Jr.,cle,2024,0
IfedGe00,Germain Ifedi,cle,2024,0
JeffQu00,Quinton Jefferson,cle,2024,0
JeudJe00,Jerry Jeudy,cle,2024,0
JoneDa07,Dawand Jones,cle,2024,0
McGuIs00,Isaiah McGuire,cle,2024,0
McLeRo00,Rodney McLeod,cle,2024,0
MitcCa01,Cameron Mitchell,cle,2024,0
MoorEl00,Elijah Moore,cle,2024,0
NewsGr00,Greg Newsome II,cle,2024,0
NjokDa00,David Njoku,cle,2024,0
OkorOg00,Ogbonnia Okoronkwo,cle,2024,0
OwusJe00,Jeremiah Owusu-Koramoah,cle,2024,0
PociEt00,Ethan Pocic,cle,2024,0
ReidWi01,Winston Reid,cle,2024,0
SmitZa00,Za'Darius Smith,cle,2024,0
StroPi00,Pierre Strong,cle,2024,0
SunaRe00,Rex Sunahara,cle,2024,0
SwaiGe00,Geoff Swaim,cle,2024,0
ThomDo02,Dorian Thompson-Robinson,cle,2024,0
ThorJu00,Juan Thornhill,cle,2024,0
ThraJa01,Jamari Thrash,cle,2024,0
TillCe01,Cedric Tillman,cle,2024,0
TomlDa00,Dalvin Tomlinson,cle,2024,0
WardDe02,Denzel Ward,cle,2024,0
WatsDe00,Deshaun Watson,cle,2024,0
WatsNa00,Nathaniel Watson,cle,2024,0
WillJe04,Jedrick Wills Jr.,cle,2024,0
WinsJa00,Jameis Winston,cle,2024,0
ZintZa00,Zak Zinter,cle,2024,0
HineNy00,Nyheim Hines (IRD),cle,2024,0
AdenHa00,Hakeem Adeniji (IR),cle,2024,0
BellDa02,David Bell (IR),cle,2024,0
BouyBr00,Brandon Bouyer-Randle (IR),cle,2024,0
FielTo00,Tony Fields (IR),cle,2024,0
HardMy00,Myles Harden (IR),cle,2024,0
HarrNi01,Nick Harris (IR),cle,2024,0
HudsJa00,James Hudson (IR),cle,2024,0
HughCh01,Charley Hughlett (IR),cle,2024,0
TellWy00,Wyatt Teller (IR),cle,2024,0
WrigAl01,Alex Wright (IR),cle,2024,0
WyplLu00,Luke Wypler (IR),cle,2024,0
AdebAd00,Adetomiwa Adebawore,clt,2024,0
AlieMo00,Mo Alie-Cox,clt,2024,0
AndeLi00,Liam Anderson,clt,2024,0
AverGe00,Genard Avery,clt,2024,0
BlacJu01,Julian Blackmon,clt,2024,0
BortTa00,Tanor Bortolini,clt,2024,0
BryaTa00,Taven Bryan,clt,2024,0
CarlJa01,Jaylon Carlies,clt,2024,0
CrosNi00,Nick Cross,clt,2024,0
DaviRa03,Raekwon Davis,clt,2024,0
DenbTr00,Trevor Denbow,clt,2024,0
DownJo00,Josh Downs,clt,2024,0
DuliAs00,Ashton Dulin,clt,2024,0
EhliSa00,Sam Ehlinger,clt,2024,0
FlacJo00,Joe Flacco,clt,2024,0
FranZa00,Zaire Franklin,clt,2024,0
FreeBl00,Blake Freeland,clt,2024,0
GayxMa00,Matt Gay,clt,2024,0
GoncMa00,Matt Goncalves,clt,2024,0
GoodTy00,Tyler Goodson,clt,2024,0
GotsAd00,Adam Gotsis,clt,2024,0
GoulAn00,Anthony Gould,clt,2024,0
GranKy00,Kylen Granson,clt,2024,0
HullEv00,Evan Hull,clt,2024,0
JoneJa13,Jaylon Jones,clt,2024,0
JoseKe02,Kelvin Joseph,clt,2024,0
KellRy00,Ryan Kelly,clt,2024,0
LammCh00,Chris Lammons,clt,2024,0
LandIs00,Isaiah Land,clt,2024,0
LatuLa00,Laiatu Latu,clt,2024,0
LongDa02,David Long,clt,2024,0
MallWi00,Will Mallory,clt,2024,0
MitcAd00,Adonai Mitchell,clt,2024,0
MoorKe03,Kenny Moore,clt,2024,0
NelsQu00,Quenton Nelson,clt,2024,0
OdeyDa00,Dayo Odeyingbo,clt,2024,0
OgleAn00,Andrew Ogletree,clt,2024,0
OlubSe00,Segun Olubi,clt,2024,0
PayeKw00,Kwity Paye,clt,2024,0
PierAl00,Alec Pierce,clt,2024,0
PintDa00,Danny Pinter,clt,2024,0
PittMi01,Michael Pittman Jr.,clt,2024,0
RaimBe00,Bernhard Raimann,clt,2024,0
RhodLu00,Luke Rhodes,clt,2024,0
RichAn03,Anthony Richardson,clt,2024,0
SancRi00,Rigoberto Sanchez,clt,2024,0
SermTr00,Trey Sermon,clt,2024,0
SmitBr06,Braden Smith,clt,2024,0
SpeeEJ00,E.J. Speed,clt,2024,0
StewGr00,Grover Stewart,clt,2024,0
StuaGr00,Grant Stuard,clt,2024,0
TaylJo02,Jonathan Taylor,clt,2024,0
ThomRo07,Rodney Thomas II,clt,2024,0
TuckDa00,Dalton Tucker,clt,2024,0
WomaSa00,Samuel Womack,clt,2024,0
BeanJa00,Jason Bean (PRA_),clt,2024,0
EbukSa00,Samson Ebukam (IRD),clt,2024,0
McGrCa00,Cameron McGrone (IRD),clt,2024,0
BrenJu00,Julius Brents (IR),clt,2024,0
BuckDe00,DeForest Buckner (IR),clt,2024,0
CollRy01,Ryan Coll (IR),clt,2024,0
FrenWe00,Wesley French (IR),clt,2024,0
FrieWi00,Will Fries (IR),clt,2024,0
LewiTy00,Tyquan Lewis (IR),clt,2024,0
ScotDa03,Daniel Scott (IR),clt,2024,0
WinfJu00,Juwann Winfree (IR),clt,2024,0
WoodJe01,Jelani Woods (IR),clt,2024,0
AndeAb00,Abdullah Anderson,oti,2024,0
AverTr01,Tre Avery,oti,2024,0
BakeDa02,Darrell Baker,oti,2024,0
BoydTy00,Tyler Boyd,oti,2024,0
BrowMi02,Mike Brown,oti,2024,0
BrowJa09,Jarvis Brownlee,oti,2024,0
BrunDa00,Daniel Brunskill,oti,2024,0
ChesJu00,Julius Chestnut,oti,2024,0
CobuKe00,Keondre Coburn,oti,2024,0
CoxxMo00,Morgan Cox,oti,2024,0
CushLl00,Lloyd Cushenberry III,oti,2024,0
DiggQu00,Quandre Diggs,oti,2024,0
DuncJa00,Jaelyn Duncan,oti,2024,0
FolkNi20,Nick Folk,oti,2024,0
GayeAl01,Ali Gaye,oti,2024,0
GibbJa00,Jack Gibbens,oti,2024,0
GiffLu00,Luke Gifford,oti,2024,0
HarrJa05,Jaylen Harrell,oti,2024,0
HookAm00,Amani Hooker,oti,2024,0
HopkDe00,DeAndre Hopkins,oti,2024,0
JackJh00,Jha'Quan Jackson,oti,2024,0
JeudGa00,Gabe Jeudy-Lally,oti,2024,0
JoneEr01,Ernest Jones,oti,2024,0
JoseSe00,Sebastian Joseph-Day,oti,2024,0
KeyxAr00,Arden Key,oti,2024,0
LandHa00,Harold Landry,oti,2024,0
LathJC00,JC Latham,oti,2024,0
LeviWi00,Will Levis,oti,2024,0
LyncJa00,James Lynch,oti,2024,0
MartDa01,David Martin-Robinson,oti,2024,0
McCrRo01,Roger McCreary,oti,2024,0
MurpCa00,Caleb Murphy,oti,2024,0
MurrKe00,Kenneth Murray,oti,2024,0
OdukTh00,Thomas Odukoya,oti,2024,0
OkonCh00,Chigoziem Okonkwo,oti,2024,0
PetiNi00,Nicholas Petit-Frere,oti,2024,0
PollTo00,Tony Pollard,oti,2024,0
RaduDi00,Dillon Radunz,oti,2024,0
ReesOt00,Otis Reese,oti,2024,0
RidlCa00,Calvin Ridley,oti,2024,0
RudoMa00,Mason Rudolph,oti,2024,0
RupcAn00,Andrew Rupcich,oti,2024,0
SiemTr00,Trevor Siemian,oti,2024,0
SimmJe01,Jeffery Simmons,oti,2024,0
SkorPe00,Peter Skoronski,oti,2024,0
SneeLJ00,L'Jarius Sneed,oti,2024,0
SpeaTy00,Tyjae Spears,oti,2024,0
StonRy00,Ryan Stonehouse,oti,2024,0
SweaTV01,T'Vondre Sweat,oti,2024,0
VannNi00,Nick Vannett,oti,2024,0
WatsLe00,Leroy Watson,oti,2024,0
WestNi00,Nick Westbrook-Ikhine,oti,2024,0
WhylJo01,Josh Whyle,oti,2024,0
WillJa15,James Williams,oti,2024,0
WoodJu00,Julius Wood,oti,2024,0
DoweCo00,Colton Dowell (PUP),oti,2024,0
GrayCe00,Cedric Gray (IRD),oti,2024,0
AwuzCh00,Chidobe Awuzie (IR),oti,2024,0
BurkTr00,Treylon Burks (IR),oti,2024,0
CampCh02,Chance Campbell (IR),oti,2024,0
DaviMa01,Marlon Davidson (IR),oti,2024,0
McLeTK00,TK McLendon (IR),oti,2024,0
WallGa00,Garret Wallow (IR),oti,2024,0
AbanIs00,Israel Abanikanda,nyj,2024,0
AdamDa01,Davante Adams,nyj,2024,0
AdamTo03,Tony Adams,nyj,2024,0
AlleBr05,Braelon Allen,nyj,2024,0
BernJa01,Jarrick Bernard-Converse,nyj,2024,0
CartMi02,Michael Carter II,nyj,2024,0
CharIr00,Irvin Charles,nyj,2024,0
ClemMi03,Micheal Clemons,nyj,2024,0
ConkTy00,Tyler Conklin,nyj,2024,0
CorlMa00,Malachi Corley,nyj,2024,0
DaviAs00,Ashtyn Davis,nyj,2024,0
DaviIs00,Isaiah Davis,nyj,2024,0
EchoBr00,Brandin Echols,nyj,2024,0
EguaSa00,Samuel Eguavoen,nyj,2024,0
FashOl00,Olumuyiwa Fashanu,nyj,2024,0
FirkAn00,Anthony Firkser,nyj,2024,0
FotuLe00,Leki Fotu,nyj,2024,0
GardSa00,Sauce Gardner,nyj,2024,0
GipsXa00,Xavier Gipson,nyj,2024,0
HallBr03,Breece Hall,nyj,2024,0
HansJa00,Jake Hanson,nyj,2024,0
HennTh00,Thomas Hennessy,nyj,2024,0
KinlJa00,Javon Kinlaw,nyj,2024,0
LazaAl00,Allen Lazard,nyj,2024,0
McDoWi00,Will McDonald,nyj,2024,0
McGrBr00,Braiden McGregor,nyj,2024,0
McKiTa00,Takkarist McKinley,nyj,2024,0
MillJa02,Jalen Mills,nyj,2024,0
MitcMa02,Max Mitchell,nyj,2024,0
MorsTh00,Thomas Morstead,nyj,2024,0
MoseMo00,Morgan Moses,nyj,2024,0
MoslC.00,C.J. Mosley,nyj,2024,0
NewmXa00,Xavier Newman-Johnson,nyj,2024,0
OlivIs00,Isaiah Oliver,nyj,2024,0
ReedD.00,D.J. Reed,nyj,2024,0
RodgAa00,Aaron Rodgers,nyj,2024,0
RuckJe00,Jeremy Ruckert,nyj,2024,0
ShefKe00,Kendall Sheffield,nyj,2024,0
SherJa00,Jamien Sherwood,nyj,2024,0
SimpJo00,John Simpson,nyj,2024,0
SmitTy00,Tyron Smith,nyj,2024,0
StigQw00,Qwan'tez Stiggers,nyj,2024,0
SurrCh00,Chazz Surratt,nyj,2024,0
TaylLe01,Leonard Taylor,nyj,2024,0
TaylTy00,Tyrod Taylor,nyj,2024,0
ThomSo00,Solomon Thomas,nyj,2024,0
TippJo00,Joe Tippmann,nyj,2024,0
VeraAl00,Alijah Vera-Tucker,nyj,2024,0
WarrCa00,Carter Warren,nyj,2024,0
WattEr00,Eric Watts,nyj,2024,0
WillMi07,Mike Williams,nyj,2024,0
WillQu01,Quincy Williams,nyj,2024,0
WillQu00,Quinnen Williams,nyj,2024,0
WilsGa00,Garrett Wilson,nyj,2024,0
ZuerGr00,Greg Zuerlein,nyj,2024,0
ReddHa00,Haason Reddick (NON),nyj,2024,0
TravJo00,Jordan Travis (NON),nyj,2024,0
BarnZa00,Zaire Barnes (IR),nyj,2024,0
CiarJi00,Jimmy Ciarlo (IR),nyj,2024,0
ClarCh00,Chuck Clark (IR),nyj,2024,0
JohnJe07,Jermaine Johnson II (IR),nyj,2024,0
SchwWe00,Wes Schweitzer (IR),nyj,2024,0
TaylMa01,Malik Taylor (IR),nyj,2024,0
YeboKe00,Kenny Yeboah (IR),nyj,2024,0
AlShAz00,Azeez Al-Shaair,htx,2024,0
AndeWi01,Will Anderson,htx,2024,0
AutrDe00,Denico Autry,htx,2024,0
BarnDe01,Derek Barnett,htx,2024,0
BoydKr00,Kris Boyd,htx,2024,0
BroeNi00,Nick Broeker,htx,2024,0
BryaMy01,Myles Bryant,htx,2024,0
BullCa00,Calen Bullock,htx,2024,0
DaviKh00,Khalil Davis,htx,2024,0
DellNa00,Tank Dell,htx,2024,0
DiggSt00,Stefon Diggs,htx,2024,0
FairKa01,Ka'imi Fairbairn,htx,2024,0
FatuFo00,Folorunso Fatukasi,htx,2024,0
FishBl00,Blake Fisher,htx,2024,0
GreeKe02,Kendrick Green,htx,2024,0
GreeKe03,Kenyon Green,htx,2024,0
HairTr00,Troy Hairston,htx,2024,0
HansJa01,Jake Hansen,htx,2024,0
HewiNe00,Neville Hewitt,htx,2024,0
HillJa02,Jamal Hill,htx,2024,0
HiniKu00,Kurt Hinish,htx,2024,0
HollKa00,Ka'dar Hollman,htx,2024,0
HortDy00,Dylan Horton,htx,2024,0
HowaTy00,Tytus Howard,htx,2024,0
HuntDa01,Danielle Hunter,htx,2024,0
HutcXa00,Xavier Hutchinson,htx,2024,0
KingDe01,Desmond King,htx,2024,0
LassKa00,Kamari Lassiter,htx,2024,0
MasoSh01,Shaq Mason,htx,2024,0
MetcJo00,John Metchie,htx,2024,0
MillDa02,Davis Mills,htx,2024,0
MixoJo00,Joe Mixon,htx,2024,0
MurrEr00,Eric Murray,htx,2024,0
OgunDa00,Dare Ogunbowale,htx,2024,0
PattJa03,Jarrett Patterson,htx,2024,0
PhilDe00,Del'Shawn Phillips,htx,2024,0
PierDa01,Dameon Pierce,htx,2024,0
PitrJa00,Jalen Pitre,htx,2024,0
QuitTe00,Teagan Quitoriano,htx,2024,0
RossDA03,D'Angelo Ross,htx,2024,0
SchuDa00,Dalton Schultz,htx,2024,0
ScruJu00,Juice Scruggs,htx,2024,0
SettTi00,Tim Settle,htx,2024,0
SimsSt00,Steven Sims,htx,2024,0
StewM.00,M.J. Stewart,htx,2024,0
StinDe00,Derek Stingley Jr.,htx,2024,0
StovCa00,Cade Stover,htx,2024,0
StroCJ00,C.J. Stroud,htx,2024,0
TooTHe00,Henry To'oTo'o,htx,2024,0
TownTo01,Tommy Townsend,htx,2024,0
TunsLa00,Laremy Tunsil,htx,2024,0
WardJi01,Jimmie Ward,htx,2024,0
WeavRa00,Rashad Weaver,htx,2024,0
WeekJo00,Jon Weeks,htx,2024,0
WoodRo02,Robert Woods,htx,2024,0
EdwaMa01,Mario Edwards (SUS),htx,2024,0
HendLa00,LaDarius Henderson (NON),htx,2024,0
HarrCh06,Christian Harris (IRD),htx,2024,0
BrooBr01,British Brooks (IR),htx,2024,0
CollNi00,Nico Collins (IR),htx,2024,0
HillBr03,Brandon Hill (IR),htx,2024,0
HughJe99,Jerry Hughes (IR),htx,2024,0
JordBr00,Brevin Jordan (IR),htx,2024,0
KeenDa00,Dalton Keene (IR),htx,2024,0
KeenCa00,Case Keenum (IR),htx,2024,0
OkudJe00,Jeff Okudah (IR),htx,2024,0
ThomJa05,Jaylon Thomas (IR),htx,2024,0
BartGr00,Graham Barton,tam,2024,0
BrasCh01,Chris Braswell,tam,2024,0
BredBe00,Ben Bredeson,tam,2024,0
BrewCJ00,C.J. Brewer,tam,2024,0
BritKJ00,K.J. Britt,tam,2024,0
CamaJa00,Jake Camarda,tam,2024,0
CulpDe00,Devin Culp,tam,2024,0
DaviLa00,Lavonte David,tam,2024,0
DeanJa00,Jamel Dean,tam,2024,0
DiabYa00,YaYa Diaby,tam,2024,0
DurhPa00,Payne Durham,tam,2024,0
EvanMi00,Mike Evans,tam,2024,0
FundTy00,Tyrek Funderburk,tam,2024,0
GainGr00,Greg Gaines,tam,2024,0
GholWi00,William Gholston,tam,2024,0
GodwCh00,Chris Godwin,tam,2024,0
GoedLu00,Luke Goedeke,tam,2024,0
GrieAn00,Antonio Grier,tam,2024,0
HainRo00,Robert Hainsey,tam,2024,0
HallLo00,Logan Hall,tam,2024,0
HayeJo01,Josh Hayes,tam,2024,0
IrviBu00,Bucky Irving,tam,2024,0
IsaaKe00,Keenan Isaac,tam,2024,0
IzieCh00,Christian Izien,tam,2024,0
JohnKa01,Kameron Johnson,tam,2024,0
KancCa00,Calijah Kancey,tam,2024,0
KiefKo00,Ko Kieft,tam,2024,0
KleiEl00,Elijah Klein,tam,2024,0
MaucCo00,Cody Mauch,tam,2024,0
MayfBa00,Baker Mayfield,tam,2024,0
McCoZy02,Zyon McCollum,tam,2024,0
McLaCh00,Chase McLaughlin,tam,2024,0
McMiJa01,Jalen McMillan,tam,2024,0
MerrKa00,Kaevon Merriweather,tam,2024,0
NelsAn01,Anthony Nelson,tam,2024,0
NewmRo00,Royce Newman,tam,2024,0
OttoCa00,Cade Otton,tam,2024,0
PalmTr00,Trey Palmer,tam,2024,0
RamiJo00,Jose Ramirez,tam,2024,0
RussJJ00,J.J. Russell,tam,2024,0
ShepSt00,Sterling Shepard,tam,2024,0
SkulJu00,Justin Skule,tam,2024,0
SmitTy05,Tykee Smith,tam,2024,0
ThomTa01,Tavierre Thomas,tam,2024,0
TrasKy00,Kyle Trask,tam,2024,0
TrinZa00,Zach Triner,tam,2024,0
TryoJo00,Joe Tryon-Shoyinka,tam,2024,0
TuckSe00,Sean Tucker,tam,2024,0
VeaxVi00,Vita Vea,tam,2024,0
WhitRa01,Rachaad White,tam,2024,0
WhitJo03,Jordan Whitehead,tam,2024,0
WinfAn00,Antoine Winfield Jr.,tam,2024,0
WirfTr00,Tristan Wirfs,tam,2024,0
ThomCo04,Cody Thompson (PRA_),tam,2024,0
BrowEa00,Earnest Brown IV (IRD),tam,2024,0
JarrRa00,Rakim Jarrett (IRD),tam,2024,0
DeckEv00,Evan Deckers (IR),tam,2024,0
DennSi00,SirVocea Dennis (IR),tam,2024,0
DzanSi00,Silas Dzansi (IR),tam,2024,0
EdmoCh00,Chase Edmonds (IR),tam,2024,0
HallBr02,Bryce Hall (IR),tam,2024,0
OpetIo00,Sua Opeta (IR),tam,2024,0
WattMa00,Markees Watts (IR),tam,2024,0
AchaDe00,De'Von Achane,mia,2024,0
ArmsTe00,Terron Armstead,mia,2024,0
BailJa00,Jake Bailey,mia,2024,0
BeckOd00,Odell Beckham Jr.,mia,2024,0
BellQu00,Quinton Bell,mia,2024,0
BerrBr00,Braxton Berrios,mia,2024,0
BonnEt00,Ethan Bonner,mia,2024,0
BowsTy00,Tyus Bowser,mia,2024,0
BoylTi00,Tim Boyle,mia,2024,0
BrewAa01,Aaron Brewer,mia,2024,0
BrooJo01,Jordyn Brooks,mia,2024,0
CampCa99,Calais Campbell,mia,2024,0
CampEl00,Elijah Campbell,mia,2024,0
ConnTa00,Tanner Conner,mia,2024,0
CottLe00,Lester Cotton,mia,2024,0
DuckSt00,Storm Duck,mia,2024,0
EichLi00,Liam Eichenberg,mia,2024,0
FullKe00,Kendall Fuller,mia,2024,0
HandDa00,Da'Shawn Hand,mia,2024,0
HillJu02,Julian Hill,mia,2024,0
HillTy00,Tyreek Hill,mia,2024,0
HollJe02,Jevon Holland,mia,2024,0
HuntTy01,Tyler Huntley,mia,2024,0
IngoAl01,Alec Ingold,mia,2024,0
JackAu00,Austin Jackson,mia,2024,0
JoneBe03,Benito Jones,mia,2024,0
JoneRo02,Robert Jones,mia,2024,0
KamaMo00,Mohamed Kamara,mia,2024,0
KohoKa00,Kader Kohou,mia,2024,0
LammKe00,Kendall Lamm,mia,2024,0
LongDa04,David Long,mia,2024,0
MayeMa00,Marcus Maye,mia,2024,0
MeyeAn00,Andrew Meyer,mia,2024,0
MostRa00,Raheem Mostert,mia,2024,0
NealSi00,Siran Neal,mia,2024,0
NeedNi00,Nik Needham,mia,2024,0
OgbaEm00,Emmanuel Ogbah,mia,2024,0
OverMa00,Matt Overton,mia,2024,0
PaulPa01,Patrick Paul,mia,2024,0
PiliBr00,Brandon Pili,mia,2024,0
PoyeJo00,Jordan Poyer,mia,2024,0
RamsJa00,Jalen Ramsey,mia,2024,0
RileDu00,Duke Riley,mia,2024,0
RobiCh00,Chop Robinson,mia,2024,0
SandJa00,Jason Sanders,mia,2024,0
SielZa00,Zach Sieler,mia,2024,0
SmitJo01,Jonnu Smith,mia,2024,0
SmytDu00,Durham Smythe,mia,2024,0
ThomSk00,Skylar Thompson,mia,2024,0
TindCh00,Channing Tindall,mia,2024,0
WaddJa00,Jaylen Waddle,mia,2024,0
WalkAn01,Anthony Walker,mia,2024,0
WashMa00,Malik Washington,mia,2024,0
WilsJe01,Jeff Wilson,mia,2024,0
WrigJa04,Jaylen Wright,mia,2024,0
ChubBr00,Bradley Chubb (PUP),mia,2024,0
GoodCa00,Cameron Goode (PUP),mia,2024,0
WynnIs00,Isaiah Wynn (PUP),mia,2024,0
FergBl00,Blake Ferguson (NON),mia,2024,0
CracRi00,River Cracraft (IRD),mia,2024,0
SmitCa02,Cam Smith (IRD),mia,2024,0
BrowCa01,Cam Brown (IR),mia,2024,0
DuboGr00,Grant Dubose (IR),mia,2024,0
HarlSe00,Sean Harlow (IR),mia,2024,0
McMoPa00,Patrick McMorris (IR),mia,2024,0
MurpGr00,Grayson Murphy (IR),mia,2024,0
PhilJa02,Jaelan Phillips (IR),mia,2024,0
SchwAn00,Anthony Schwartz (IR),mia,2024,0
SmitKi00,Kion Smith (IR),mia,2024,0
TagoTu00,Tua Tagovailoa (IR),mia,2024,0
WashTa00,Tahj Washington (IR),mia,2024,0
AdamMo00,Montravius Adams,pit,2024,0
AlleKy00,Kyle Allen,pit,2024,0
AndeCa00,Calvin Anderson,pit,2024,0
AndeSp00,Spencer Anderson,pit,2024,0
AustCa00,Calvin Austin,pit,2024,0
BentKe00,Keeanu Benton,pit,2024,0
BishBe00,Beanie Bishop,pit,2024,0
BoswCh00,Chris Boswell,pit,2024,0
EdmuTe00,Terrell Edmunds,pit,2024,0
ElliDe02,DeShon Elliott,pit,2024,0
FielJu00,Justin Fields,pit,2024,0
FitzMi00,Minkah Fitzpatrick,pit,2024,0
FrazZa00,Zach Frazier,pit,2024,0
FreiPa00,Pat Freiermuth,pit,2024,0
HarrNa00,Najee Harris,pit,2024,0
HerbNi00,Nick Herbig,pit,2024,0
HeywCa01,Cameron Heyward,pit,2024,0
HeywCo00,Connor Heyward,pit,2024,0
HighAl02,Alex Highsmith,pit,2024,0
JackDo02,Donte Jackson,pit,2024,0
JeffVa00,Van Jefferson,pit,2024,0
JohnBr23,Brandon Johnson,pit,2024,0
JoneBr09,Broderick Jones,pit,2024,0
KazeDa00,Damontae Kazee,pit,2024,0
KillMi00,Miles Killebrew,pit,2024,0
KuntCh02,Christian Kuntz,pit,2024,0
LoudIs00,Isaiahh Loudermilk,pit,2024,0
LowrDe00,Dean Lowry,pit,2024,0
McCoRy00,Ryan McCollum,pit,2024,0
McCoMa00,Mason McCormick,pit,2024,0
MillSc01,Scott Miller,pit,2024,0
MoonJe00,Jeremiah Moon,pit,2024,0
MoorDa05,Dan Moore,pit,2024,0
OgunAd01,Adetokunbo Ogundeji,pit,2024,0
OgunLa00,Larry Ogunjobi,pit,2024,0
PattCo00,Cordarrelle Patterson,pit,2024,0
PickGe00,George Pickens,pit,2024,0
PierJa01,James Pierre,pit,2024,0
PortJo02,Joey Porter Jr.,pit,2024,0
PruiMy00,MyCole Pruitt,pit,2024,0
QueePa00,Patrick Queen,pit,2024,0
RobeEl00,Elandon Roberts,pit,2024,0
RobiMa03,Mark Robinson,pit,2024,0
SchaMa01,Max Scharping,pit,2024,0
SeumIs00,Isaac Seumalo,pit,2024,0
ShamAa00,Aaron Shampklin,pit,2024,0
WaitCo00,Corliss Waitman,pit,2024,0
WardJo00,Jonathan Ward,pit,2024,0
WarrJa01,Jaylen Warren,pit,2024,0
WashDa03,Darnell Washington,pit,2024,0
WattT.00,T.J. Watt,pit,2024,0
WillRo08,Rodney Williams,pit,2024,0
WilsPa00,Payton Wilson,pit,2024,0
WilsRo02,Roman Wilson,pit,2024,0
WilsRu00,Russell Wilson,pit,2024,0
SuttCa00,Cameron Sutton (SUS),pit,2024,0
HolcCo00,Cole Holcomb (PUP),pit,2024,0
AverAn00,Anthony Averett (PRA_),pit,2024,0
CookDy00,Dylan Cook (IRD),pit,2024,0
DaniJa01,James Daniels (IR),pit,2024,0
FautTr00,Troy Fautanu (IR),pit,2024,0
HerbNa01,Nate Herbig (IR),pit,2024,0
JohnCa02,Cameron Johnston (IR),pit,2024,0
LealDe00,DeMarvin Leal (IR),pit,2024,0
LeexLo00,Logan Lee (IR),pit,2024,0
MataTy00,Tyler Matakevich (IR),pit,2024,0
PeraDa00,David Perales (IR),pit,2024,0
SkowBe00,Ben Skowronek (IR),pit,2024,0
TricCo00,Cory Trice (IR),pit,2024,0
WattRy00,Ryan Watts (IR),pit,2024,0
BarkSa00,Saquon Barkley,phi,2024,0
BaunZa00,Zack Baun,phi,2024,0
BectMe00,Mekhi Becton,phi,2024,0
BlanRe00,Reed Blankenship,phi,2024,0
BookTh00,Thomas Booker,phi,2024,0
BrowAJ00,A.J. Brown,phi,2024,0
BrowSy00,Sydney Brown,phi,2024,0
BurkOr00,Oren Burks,phi,2024,0
CalcGr00,Grant Calcaterra,phi,2024,0
CampPa00,Parris Campbell,phi,2024,0
CartJa05,Jalen Carter,phi,2024,0
DaviJo03,Jordan Davis,phi,2024,0
DeanNa00,Nakobe Dean,phi,2024,0
DeJeCo00,Cooper DeJean,phi,2024,0
DickLa00,Landon Dickerson,phi,2024,0
DotsJa00,Jahan Dotson,phi,2024,0
DrisJa00,Jack Driscoll,phi,2024,0
ElliJa03,Jake Elliott,phi,2024,0
GainKe00,Kenneth Gainwell,phi,2024,0
GardCh00,C.J. Gardner-Johnson,phi,2024,0
GateNi00,Nick Gates,phi,2024,0
GoedDa00,Dallas Goedert,phi,2024,0
GrahBr99,Brandon Graham,phi,2024,0
HuffBr00,Bryce Huff,phi,2024,0
HuntJa02,Jalyx Hunt,phi,2024,0
HurtJa00,Jalen Hurts,phi,2024,0
JohnFr01,Fred Johnson,phi,2024,0
JohnLa01,Lane Johnson,phi,2024,0
JurgCa01,Cam Jurgens,phi,2024,0
KeegTr00,Trevor Keegan,phi,2024,0
KinnDa00,Darian Kinnard,phi,2024,0
LovaRi00,Rick Lovato,phi,2024,0
MaddAv00,Avonte Maddox,phi,2024,0
MannBr01,Braden Mann,phi,2024,0
McCoTr00,Tristin McCollum,phi,2024,0
McKeTa01,Tanner McKee,phi,2024,0
MitcQu00,Quinyon Mitchell,phi,2024,0
OjomMo00,Moro Ojomo,phi,2024,0
PickKe00,Kenny Pickett,phi,2024,0
RickEl00,Eli Ricks,phi,2024,0
RingKe00,Kelee Ringo,phi,2024,0
RodgIs00,Isaiah Rodgers,phi,2024,0
ShipWi00,Will Shipley,phi,2024,0
SlayDa00,Darius Slay,phi,2024,0
SmitDe07,DeVonta Smith,phi,2024,0
SmitNo02,Nolan Smith,phi,2024,0
SteeTy00,Tyler Steen,phi,2024,0
StolJa00,Jack Stoll,phi,2024,0
SweaJo00,Josh Sweat,phi,2024,0
TrotJe01,Jeremiah Trotter Jr.,phi,2024,0
VanSBe00,Ben VanSumeren,phi,2024,0
WillMi08,Milton Williams,phi,2024,0
WilsJo03,Johnny Wilson,phi,2024,0
YounBy00,Byron Young,phi,2024,0
OkwuAl00,Albert Okwuegbunam (IRD),phi,2024,0
SmitAi00,Ainias Smith (IRD),phi,2024,0
BradJa00,James Bradberry (IR),phi,2024,0
ClarLe01,Le'Raven Clark (IR),phi,2024,0
CoveBr00,Britain Covey (IR),phi,2024,0
MailJo00,Jordan Mailata (IR),phi,2024,0
AlexJa00,Jaire Alexander,gnb,2024,0
AndeZa02,Zayne Anderson,gnb,2024,0
BallCo00,Corey Ballentine,gnb,2024,0
BeckAn01,Andrew Beck,gnb,2024,0
BrooCh00,Chris Brooks,gnb,2024,0
BrooKa00,Karl Brooks,gnb,2024,0
BullJa00,Javon Bullard,gnb,2024,0
ClarKe01,Kenny Clark,gnb,2024,0
CoopEd00,Edgerrin Cooper,gnb,2024,0
CoxxBr02,Brenton Cox,gnb,2024,0
DillAn00,Andre Dillard,gnb,2024,0
DoubRo00,Romeo Doubs,gnb,2024,0
EnagKi00,Kingsley Enagbare,gnb,2024,0
FitzJo00,John FitzPatrick,gnb,2024,0
GaryRa00,Rashan Gary,gnb,2024,0
GlovTr00,Travis Glover,gnb,2024,0
HeatMa00,Malik Heath,gnb,2024,0
HoppTy00,Ty'Ron Hopper,gnb,2024,0
JacoJo01,Josh Jacobs,gnb,2024,0
JenkEl00,Elgton Jenkins,gnb,2024,0
KrafTu00,Tucker Kraft,gnb,2024,0
LoveJo03,Jordan Love,gnb,2024,0
McDuIs00,Isaiah McDuffie,gnb,2024,0
McKiXa00,Xavier McKinney,gnb,2024,0
McMaBr01,Brandon McManus,gnb,2024,0
MeltBo00,Bo Melton,gnb,2024,0
MonkJa00,Jacob Monk,gnb,2024,0
MorgJo03,Jordan Morgan,gnb,2024,0
MosbAr00,Arron Mosby,gnb,2024,0
MyerJo00,Josh Myers,gnb,2024,0
NixoKe00,Keisean Nixon,gnb,2024,0
OladKi00,Kitan Oladapo,gnb,2024,0
OrzeMa00,Matthew Orzech,gnb,2024,0
ReedJa03,Jayden Reed,gnb,2024,0
RhyaSe00,Sean Rhyan,gnb,2024,0
SimsBe00,Ben Sims,gnb,2024,0
SlatTe00,Tedarrell Slaton,gnb,2024,0
SmitPr00,Preston Smith,gnb,2024,0
StokEr00,Eric Stokes,gnb,2024,0
TelfKa00,Kadeem Telfort,gnb,2024,0
TomxZa00,Zach Tom,gnb,2024,0
ValeCa00,Carrington Valentine,gnb,2024,0
VanNLu00,Lukas Van Ness,gnb,2024,0
WalkQu00,Quay Walker,gnb,2024,0
WalkRa00,Rasheed Walker,gnb,2024,0
WatsCh00,Christian Watson,gnb,2024,0
WhelDa00,Daniel Whelan,gnb,2024,0
WickDo00,Dontayvion Wicks,gnb,2024,0
WillEv00,Evan Williams,gnb,2024,0
WillMa12,Malik Willis,gnb,2024,0
WilsEm00,Emanuel Wilson,gnb,2024,0
WilsEr00,Eric Wilson,gnb,2024,0
WoodCo01,Colby Wooden,gnb,2024,0
WyatDe00,Devonte Wyatt,gnb,2024,0
FordJo00,Jonathan Ford (IRD),gnb,2024,0
DaviLJ00,LJ Davis (IR),gnb,2024,0
DaviTy02,Tyler Davis (IR),gnb,2024,0
DillAJ00,AJ Dillon (IR),gnb,2024,0
GofoRa01,Ralen Goforth (IR),gnb,2024,0
LloyMa00,MarShawn Lloyd (IR),gnb,2024,0
MusgLu00,Luke Musgrave (IR),gnb,2024,0
AlleKe00,Keenan Allen,chi,2024,0
AmegKi00,Kiran Amegadjie,chi,2024,0
BageTy00,Tyson Bagent,chi,2024,0
BillAn00,Andrew Billings,chi,2024,0
BlacJo00,Josh Blackwell,chi,2024,0
BlasKh00,Khari Blasingame,chi,2024,0
BookAu00,Austin Booker,chi,2024,0
BrisJa01,Jaquan Brisker,chi,2024,0
ByarKe01,Kevin Byard,chi,2024,0
CartDe02,DeAndre Carter,chi,2024,0
CowaBy00,Byron Cowart,chi,2024,0
DalySc01,Scott Daly,chi,2024,0
DaviNa01,Nate Davis,chi,2024,0
DextGe00,Gervon Dexter,chi,2024,0
EdmuTr01,Tremaine Edmunds,chi,2024,0
EdwaTJ02,T.J. Edwards,chi,2024,0
EverGe00,Gerald Everett,chi,2024,0
GordKy00,Kyler Gordon,chi,2024,0
HardDa01,Daniel Hardy,chi,2024,0
HerbKh00,Khalil Herbert,chi,2024,0
HickEl00,Elijah Hicks,chi,2024,0
JenkTe00,Teven Jenkins,chi,2024,0
JohnJa13,Jaylon Johnson,chi,2024,0
JohnRo07,Roschon Johnson,chi,2024,0
JoneBr08,Braxton Jones,chi,2024,0
JoneJa12,Jaylon Jones,chi,2024,0
JoneVe00,Velus Jones Jr.,chi,2024,0
KmetCo00,Cole Kmet,chi,2024,0
KramDo00,Doug Kramer,chi,2024,0
LewiMa00,Marcedes Lewis,chi,2024,0
MoorD.00,D.J. Moore,chi,2024,0
MurrBi00,Bill Murray,chi,2024,0
OdunRo00,Rome Odunze,chi,2024,0
OgboAm00,Amen Ogbongbemiga,chi,2024,0
OwenJo01,Jonathan Owens,chi,2024,0
PickZa00,Zacch Pickens,chi,2024,0
PryoMa00,Matt Pryor,chi,2024,0
RobiDo00,Dominique Robinson,chi,2024,0
SanbJa00,Jack Sanborn,chi,2024,0
SantCa01,Cairo Santos,chi,2024,0
ScotTy00,Tyler Scott,chi,2024,0
SeweNo00,Noah Sewell,chi,2024,0
ShelCo00,Coleman Shelton,chi,2024,0
SmitTe05,Terell Smith,chi,2024,0
StevTy01,Tyrique Stevenson,chi,2024,0
SweaMo00,Montez Sweat,chi,2024,0
SwifDA00,D'Andre Swift,chi,2024,0
TaylDa00,Darrell Taylor,chi,2024,0
TaylTo01,Tory Taylor,chi,2024,0
WalkDe03,DeMarcus Walker,chi,2024,0
WillCa03,Caleb Williams,chi,2024,0
WillCh08,Chris Williams,chi,2024,0
WrigDa00,Darnell Wright,chi,2024,0
BoroLa00,Larry Borom (IRD),chi,2024,0
MartJa02,Jacob Martin (IRD),chi,2024,0
BateRy02,Ryan Bates (IR),chi,2024,0
CarlSt00,Stephen Carlson (IR),chi,2024,0
HomeTr00,Travis Homer (IR),chi,2024,0
ScalPa00,Patrick Scales (IR),chi,2024,0
WebsNs00,Nsimba Webster (IR),chi,2024,0
WheeIa00,Ian Wheeler (IR),chi,2024,0
AngeBr00,Bryan Anger,dal,2024,0
AubrBr00,Brandon Aubrey,dal,2024,0
BassTJ00,T.J. Bass,dal,2024,0
BeebCo00,Cooper Beebe,dal,2024,0
BellMa01,Markquese Bell,dal,2024,0
BootAn00,Andrew Booth,dal,2024,0
BrooJa03,Jalen Brooks,dal,2024,0
CarsCa01,Caelen Carson,dal,2024,0
ClarDa02,Damone Clark,dal,2024,0
DiggTr00,Trevon Diggs,dal,2024,0
DowdRi01,Rico Dowdle,dal,2024,0
ElliEz00,Ezekiel Elliott,dal,2024,0
FergJa00,Jake Ferguson,dal,2024,0
FlouRy00,Ryan Flournoy,dal,2024,0
GolsCh00,Chauncey Golston,dal,2024,0
GoodC.00,C.J. Goodwin,dal,2024,0
GuytTy00,Tyler Guyton,dal,2024,0
HenrKJ00,K.J. Henry,dal,2024,0
HoffBr00,Brock Hoffman,dal,2024,0
HookMa00,Malik Hooker,dal,2024,0
JohnBu01,Buddy Johnson,dal,2024,0
JoseLi99,Linval Joseph,dal,2024,0
KendEr00,Eric Kendricks,dal,2024,0
LambCe00,CeeDee Lamb,dal,2024,0
LancTr00,Trey Lance,dal,2024,0
LawsCa00,Carl Lawson,dal,2024,0
LewiJo01,Jourdan Lewis,dal,2024,0
LiufMa00,Marist Liufau,dal,2024,0
LuepHu00,Hunter Luepke,dal,2024,0
MartZa00,Zack Martin,dal,2024,0
MukuIs00,Israel Mukuamu,dal,2024,0
OdigOs00,Osa Odighizuwa,dal,2024,0
OverDe00,DeMarvion Overshown,dal,2024,0
ParsMi00,Micah Parsons,dal,2024,0
PresDa01,Dak Prescott,dal,2024,0
RichAs00,Asim Richards,dal,2024,0
RushCo00,Cooper Rush,dal,2024,0
SchoLu00,Luke Schoonmaker,dal,2024,0
SiegTr00,Trent Sieg,dal,2024,0
SmitMa06,Mazi Smith,dal,2024,0
SmitTy02,Tyler Smith,dal,2024,0
SpanBr00,Brevyn Spann-Ford,dal,2024,0
SteeTe01,Terence Steele,dal,2024,0
StepJo02,John Stephens,dal,2024,0
ThomJu03,Juanyeh Thomas,dal,2024,0
TolbJa00,Jalen Tolbert,dal,2024,0
TurpKa00,KaVontae Turpin,dal,2024,0
VaugDe00,Deuce Vaughn,dal,2024,0
VigiNi00,Nick Vigil,dal,2024,0
WaleMa00,Matt Waletzko,dal,2024,0
WatkCa00,Carlos Watkins,dal,2024,0
WheaTy02,Tyrus Wheat,dal,2024,0
WilsDo01,Donovan Wilson,dal,2024,0
BlanDa00,DaRon Bland (IRD),dal,2024,0
BostEa00,Earl Bostick (IR),dal,2024,0
CookBr00,Brandin Cooks (IR),dal,2024,0
EdogCh00,Chuma Edoga (IR),dal,2024,0
KneeMa00,Marshawn Kneeland (IR),dal,2024,0
LawrDe00,DeMarcus Lawrence (IR),dal,2024,0
PhilJo01,Jordan Phillips (IR),dal,2024,0
ThomNa01,Nathan Thomas (IR),dal,2024,0
WillSa00,Sam Williams (IR),dal,2024,0
AdamIs01,Isaiah Adams,crd,2024,0
BakeBu00,Budda Baker,crd,2024,0
BarnKr00,Krys Barnes,crd,2024,0
BeacKe00,Kelvin Beachum,crd,2024,0
BensTr01,Trey Benson,crd,2024,0
BlouJo00,Joey Blount,crd,2024,0
BrewAa00,Aaron Brewer,crd,2024,0
BrowEv00,Evan Brown,crd,2024,0
ClarKe02,Kei'Trel Clark,crd,2024,0
CollLJ00,L.J. Collier,crd,2024,0
CollZa00,Zaven Collins,crd,2024,0
ColoTr01,Trystan Colon-Castillo,crd,2024,0
ConnJa00,James Conner,crd,2024,0
DallDe00,DeeJay Dallas,crd,2024,0
DemeEm00,Emari Demercado,crd,2024,0
DimuVi00,Victor Dimukeje,crd,2024,0
DortGr01,Greg Dortch,crd,2024,0
FrohHj00,Hjalte Froholdt,crd,2024,0
GainJo00,Jon Gaines,crd,2024,0
GardDe01,Dennis Gardeck,crd,2024,0
GillBl00,Blake Gillikin,crd,2024,0
HallDa03,Darren Hall,crd,2024,0
HarrMa09,Marvin Harrison Jr.,crd,2024,0
HeckCh00,Charlie Heck,crd,2024,0
HiggEl00,Elijah Higgins,crd,2024,0
JohnPa03,Paris Johnson,crd,2024,0
JoneNa01,Naquan Jones,crd,2024,0
JoneZa00,Zay Jones,crd,2024,0
LopeRo00,Roy Lopez,crd,2024,0
LukeJe00,Jesse Luketa,crd,2024,0
McBrTr01,Trey McBride,crd,2024,0
MeltMa00,Max Melton,crd,2024,0
BuntSe00,Sean Murphy-Bunting,crd,2024,0
MurrKy00,Kyler Murray,crd,2024,0
OkwaJu00,Julian Okwara,crd,2024,0
PappOw00,Owen Pappoe,crd,2024,0
PascZa00,Zach Pascal,crd,2024,0
ReimTi00,Tip Reiman,crd,2024,0
RylaCh00,Chad Ryland,crd,2024,0
StilDa01,Dante Stills,crd,2024,0
TaylDa02,Dadrion Taylor-Demerson,crd,2024,0
ThomSt01,Starling Thomas,crd,2024,0
ThomXa01,Xavier Thomas,crd,2024,0
ThomJa04,Jalen Thompson,crd,2024,0
TongKh00,Khyiris Tonga,crd,2024,0
TuneCl00,Clayton Tune,crd,2024,0
VokoTr00,Travis Vokolek,crd,2024,0
WeavXa00,Xavier Weaver,crd,2024,0
WhitKy00,Kyzir White,crd,2024,0
WillGa00,Garrett Williams,crd,2024,0
WilsMa03,Mack Wilson,crd,2024,0
WilsMi02,Michael Wilson,crd,2024,0
BartJa00,Jackson Barton (PRA_),crd,2024,0
BlacAn00,Angelo Blackson (PRA_),crd,2024,0
JoneCh12,Christian Jones (IRD),crd,2024,0
RobiDa01,Darius Robinson (IRD),crd,2024,0
HernWi00,Will Hernandez (IR),crd,2024,0
JoneEl00,Elijah Jones (IR),crd,2024,0
JoneJu03,Justin Jones (IR),crd,2024,0
NichBi00,Bilal Nichols (IR),crd,2024,0
ODonCa00,Carter O'Donnell (IR),crd,2024,0
OjulBJ00,BJ Ojulari (IR),crd,2024,0
PratMa20,Matt Prater (IR),crd,2024,0
WillJo10,Jonah Williams (IR),crd,2024,0
AltxJo01,Joe Alt,sdg,2024,0
BosaJo00,Joey Bosa,sdg,2024,0
BozeBr00,Bradley Bozeman,sdg,2024,0
ColsJu00,Junior Colson,sdg,2024,0
DaviDe02,Derius Davis,sdg,2024,0
DickCa00,Cameron Dicker,sdg,2024,0
DissWi00,Will Dissly,sdg,2024,0
DobbJK00,J.K. Dobbins,sdg,2024,0
DuprAl00,Bud Dupree,sdg,2024,0
DyexTr00,Troy Dye,sdg,2024,0
EboiJu00,Justin Eboigbe,sdg,2024,0
FehoSi00,Simi Fehoko,sdg,2024,0
FinlAJ00,AJ Finley,sdg,2024,0
FordPo00,Poona Ford,sdg,2024,0
FoxxMo00,Morgan Fox,sdg,2024,0
FultKr00,Kristian Fulton,sdg,2024,0
GilmAl00,Alohi Gilman,sdg,2024,0
HarrJo02,Josh Harris,sdg,2024,0
HartCa00,Cam Hart,sdg,2024,0
HaskHa00,Hassan Haskins,sdg,2024,0
HeinTa00,Taylor Heinicke,sdg,2024,0
HenlDa00,Daiyan Henley,sdg,2024,0
HerbJu00,Justin Herbert,sdg,2024,0
HursHa00,Hayden Hurst,sdg,2024,0
JaimBr00,Brenden Jaimes,sdg,2024,0
JameDe00,Derwin James,sdg,2024,0
JohnZi00,Zion Johnson,sdg,2024,0
JohnQu02,Quentin Johnston,sdg,2024,0
LeonDe00,Deane Leonard,sdg,2024,0
MackKh00,Khalil Mack,sdg,2024,0
MatlSc00,Scott Matlock,sdg,2024,0
McCoLa00,Ladd McConkey,sdg,2024,0
McFaJo00,Jordan McFadden,sdg,2024,0
MoldEl00,Elijah Molden,sdg,2024,0
NiemNi00,Nick Niemann,sdg,2024,0
OgboOt00,Otito Ogbonnia,sdg,2024,0
PalmJo00,Josh Palmer,sdg,2024,0
PerrDe00,Denzel Perryman,sdg,2024,0
PipkTr00,Trey Pipkins,sdg,2024,0
RiceBr00,Brenden Rice,sdg,2024,0
SalyJa00,Jamaree Salyer,sdg,2024,0
SareFo00,Foster Sarell,sdg,2024,0
ScotJK00,JK Scott,sdg,2024,0
SlatRa00,Rashawn Slater,sdg,2024,0
SmarSt00,Stone Smartt,sdg,2024,0
SticEa00,Easton Stick,sdg,2024,0
StilTa00,Tarheeb Still,sdg,2024,0
TartTe00,Teair Tart,sdg,2024,0
TaylJa04,Ja'Sir Taylor,sdg,2024,0
TomlEr01,Eric Tomlinson,sdg,2024,0
TuipTu00,Tuli Tuipulotu,sdg,2024,0
VidaKi00,Kimani Vidal,sdg,2024,0
CharDJ00,DJ Chark (IRD),sdg,2024,0
CollCh00,Chris Collins (IR),sdg,2024,0
EdwaGu00,Gus Edwards (IR),sdg,2024,0
McLeTy00,Tyler McLellan (IR),sdg,2024,0
RumpCh00,Chris Rumph (IR),sdg,2024,0
SamuAs00,Asante Samuel Jr. (IR),sdg,2024,0
WillBu00,Bucky Williams (IR),sdg,2024,0
AdamMy00,Myles Adams,sea,2024,0
BakeJe00,Jerome Baker,sea,2024,0
BarnAJ00,AJ Barner,sea,2024,0
BoboJa00,Jake Bobo,sea,2024,0
BradAn00,Anthony Bradford,sea,2024,0
BrowPh01,Pharaoh Brown,sea,2024,0
BrowTr03,Tre Brown,sea,2024,0
BryaCo01,Coby Bryant,sea,2024,0
CharZa00,Zach Charbonnet,sea,2024,0
CrosCh00,Charles Cross,sea,2024,0
DickMi00,Michael Dickson,sea,2024,0
DodsTy01,Tyrel Dodson,sea,2024,0
FantNo00,Noah Fant,sea,2024,0
ForsSt00,Stone Forsythe,sea,2024,0
GipsTr00,Trevis Gipson,sea,2024,0
HallDe04,Derick Hall,sea,2024,0
HankJo00,Johnathan Hankins,sea,2024,0
HaynCh00,Christian Haynes,sea,2024,0
HickFa00,Faion Hicks,sea,2024,0
HoweSa00,Sam Howell,sea,2024,0
JerrMi00,Michael Jerrell,sea,2024,0
JobeJo00,Josh Jobe,sea,2024,0
JoneDr00,Dre'Mont Jones,sea,2024,0
KnigTy00,Tyrice Knight,sea,2024,0
LaumSa00,Sataoa Laumea,sea,2024,0
LockTy00,Tyler Lockett,sea,2024,0
LoveJu00,Julian Love,sea,2024,0
MafeBo00,Boye Mafe,sea,2024,0
McInKe00,Kenny McIntosh,sea,2024,0
MetcDK00,D.K. Metcalf,sea,2024,0
MorrMi00,Mike Morris,sea,2024,0
MurpBy01,Byron Murphy,sea,2024,0
MyerJa00,Jason Myers,sea,2024,0
OkadTy00,Ty Okada,sea,2024,0
OluwOl00,Olusegun Oluwatimi,sea,2024,0
PritNe00,Nehemiah Pritchett,sea,2024,0
ReedJa02,Jarran Reed,sea,2024,0
RobeRo00,Roy Robertson-Harris,sea,2024,0
RussBr00,Brady Russell,sea,2024,0
ShenLa00,Laviska Shenault Jr.,sea,2024,0
SherJa01,Jamie Sheriff,sea,2024,0
SmitGe00,Geno Smith,sea,2024,0
SmitJa06,Jaxon Smith-Njigba,sea,2024,0
StolCh00,Chris Stoll,sea,2024,0
SundJa00,Jalen Sundell,sea,2024,0
ThomDr00,Drake Thomas,sea,2024,0
TomlLa01,Laken Tomlinson,sea,2024,0
WalkKe00,Kenneth Walker III,sea,2024,0
WallKV00,K'Von Wallace,sea,2024,0
WillCo00,Connor Williams,sea,2024,0
WillDe11,Dee Williams,sea,2024,0
WillLe02,Leonard Williams,sea,2024,0
WithDe00,Devon Witherspoon,sea,2024,0
WoolTa00,Riq Woolen,sea,2024,0
YounCa00,Cameron Young,sea,2024,0
YounDa02,Dareke Young,sea,2024,0
LucaAb00,Abraham Lucas (PUP),sea,2024,0
HolaGe00,George Holani (PRA_),sea,2024,0
ReedJe00,Jerrick Reed (IRD),sea,2024,0
BurnAr00,Artie Burns (IR),sea,2024,0
FantGe00,George Fant (IR),sea,2024,0
JenkRa00,Rayshawn Jenkins (IR),sea,2024,0
NwosUc00,Uchenna Nwosu (IR),sea,2024,0
OnujJo00,Josh Onujiogu (IR),sea,2024,0
SimmMa01,Marcus Simms (IR),sea,2024,0
AbduAm00,Ameer Abdullah,rai,2024,0
BachAl00,Alex Bachman,rai,2024,0
BennJa00,Jakorian Bennett,rai,2024,0
BobeJa00,Jacob Bobenmoyer,rai,2024,0
BoweBr01,Brock Bowers,rai,2024,0
BryaHa00,Harrison Bryant,rai,2024,0
BurnAm00,Amari Burney,rai,2024,0
ButlAd00,Adam Butler,rai,2024,0
ButlMa02,Matthew Butler,rai,2024,0
CarlDa00,Daniel Carlson,rai,2024,0
ChaiKL00,K'Lavon Chaisson,rai,2024,0
ColeAJ01,AJ Cole III,rai,2024,0
CrosMa00,Maxx Crosby,rai,2024,0
DeabDi00,Divine Deablo,rai,2024,0
EichTo00,Tommy Eichenberg,rai,2024,0
GainAm00,Amari Gainer,rai,2024,0
GlazDe00,Delmar Glaze,rai,2024,0
HarpTh00,Thomas Harper,rai,2024,0
HobbNa00,Nate Hobbs,rai,2024,0
HolmDa01,Darnay Holmes,rai,2024,0
JameAn01,Andre James,rai,2024,0
JenkJo00,John Jenkins,rai,2024,0
JoneJa10,Jack Jones,rai,2024,0
LaubDy00,Dylan Laube,rai,2024,0
LaulJo00,Jonah Laulu,rai,2024,0
MattAl01,Alexander Mattison,rai,2024,0
MaugKa00,Kana'i Mauga,rai,2024,0
McAlTy00,Tyreik McAllister,rai,2024,0
MereJo00,Jordan Meredith,rai,2024,0
MeyeJa01,Jakobi Meyers,rai,2024,0
MillKo00,Kolton Miller,rai,2024,0
MinsGa00,Gardner Minshew II,rai,2024,0
MoehTr00,Tre'von Moehrig,rai,2024,0
MunfTh00,Thayer Munford,rai,2024,0
OConAi00,Aidan O'Connell,rai,2024,0
ParhDy00,Dylan Parham,rai,2024,0
PeatAn00,Andrus Peat,rai,2024,0
PolaIs00,Isaiah Pola-Mao,rai,2024,0
PoweJa00,Jackson Powers-Johnson,rai,2024,0
RichDe01,Decamerion Richardson,rai,2024,0
RobiJa04,Janarius Robinson,rai,2024,0
ShenJo00,John Samuel Shenker,rai,2024,0
ShorJu00,Justin Shorter,rai,2024,0
JadeNe00,Nesta Jade Silvera,rai,2024,0
SmitCh04,Christopher Smith,rai,2024,0
SnowCh00,Charles Snowden,rai,2024,0
SpilRo00,Robert Spillane,rai,2024,0
TaylTr03,Trey Taylor,rai,2024,0
TuckTr00,Tre Tucker,rai,2024,0
TurnDJ00,DJ Turner,rai,2024,0
WebbSa00,Sam Webb,rai,2024,0
WhitZa01,Zamir White,rai,2024,0
WhitCo03,Cody Whitehair,rai,2024,0
WilkKr00,Kristian Wilkerson,rai,2024,0
WilsTy01,Tyree Wilson,rai,2024,0
MayeMi00,Michael Mayer (NON),rai,2024,0
EppsMa00,Marcus Epps (IR),rai,2024,0
ForeJe00,Jeff Foreman (IR),rai,2024,0
FoxxTo01,Tomari Fox (IR),rai,2024,0
JohaJa00,Jake Johanning (IR),rai,2024,0
KoonMa00,Malcolm Koonce (IR),rai,2024,0
MastLu00,Luke Masterson (IR),rai,2024,0
WebbMa02,Marcus Webb (IR),rai,2024,0
WilkCh00,Christian Wilkins (IR),rai,2024,0
