player_id,name,team,season,approximate_value
AnudFe00,Felix Anudike-Uzomah,kan,2025,0
AraiMa00,Matt Araiza,kan,2025,0
BadgEl00,Elijhah Badger,kan,2025,0
BassJe00,Jeffrey Bassa,kan,2025,0
BoltNi00,Nick Bolton,kan,2025,0
BrinJa00,Jake Briningstool,kan,2025,0
BrowMa04,Marquise Brown,kan,2025,0
BrowJa07,Jason Brownlee,kan,2025,0
BushDe00,Deon Bush,kan,2025,0
ButkHa00,Harrison Butker,kan,2025,0
CaliMi00,Mike Caliendo,kan,2025,0
,Ajani Carter,kan,2025,0
ChenLe00,Leo Chenal,kan,2025,0
ChriCo00,Cole Christiansen,kan,2025,0
CochJa00,Jack Cochrane,kan,2025,0
ConnCh01,Chamarri Conner,kan,2025,0
CookBr02,Bryan Cook,kan,2025,0
CoopDa00,Dalton Cooper,kan,2025,0
CoviJa00,Jacobe Covington,kan,2025,0
,Mac Dalena,kan,2025,0
DannMi00,Michael Danna,kan,2025,0
DrisEt00,Ethan Driskell,kan,2025,0
EdwaMi01,Mike Edwards,kan,2025,0
FultKr00,Kristian Fulton,kan,2025,0
,Brandon George,kan,2025,0
GillAs00,Ashton Gillotte,kan,2025,0
GodrJa00,Jason Godrick,kan,2025,0
GrayNo00,Noah Gray,kan,2025,0
HansCJ00,C.J. Hanson,kan,2025,0
HearAz00,Azizi Hearn,kan,2025,0
HerrMa02,Malik Herring,kan,2025,0
HickJa01,Jaden Hicks,kan,2025,0
,Jimmy Holiday,kan,2025,0
HumpCr00,Creed Humphrey,kan,2025,0
HuntKa00,Kareem Hunt,kan,2025,0
,Coziah Izzard,kan,2025,0
JohnNa01,Nazeeh Johnson,kan,2025,0
JoneCa04,Cam Jones,kan,2025,0
JoneCh09,Chris Jones,kan,2025,0
KarlGe00,George Karlaftis III,kan,2025,0
KelcTr00,Travis Kelce,kan,2025,0
,Kevin Knowles,kan,2025,0
,Joey Lombard,kan,2025,0
LoveFa00,Fabien Lovett,kan,2025,0
MahoPa00,Patrick Mahomes,kan,2025,0
,Cooper McDonald,kan,2025,0
McDuTr00,Trent McDuffie,kan,2025,0
MillGl00,Glendon Miller,kan,2025,0
MinsGa00,Gardner Minshew II,kan,2025,0
MitcEl00,Elijah Mitchell,kan,2025,0
MoorJa04,Jaylon Moore,kan,2025,0
MoorSk01,Skyy Moore,kan,2025,0
MorrWa01,Wanya Morris,kan,2025,0
NormOm00,Omarr Norman-Lott,kan,2025,0
NourHu00,Hunter Nourzad,kan,2025,0
OladCh00,Chris Oladokun,kan,2025,0
OmenCh00,Charles Omenihu,kan,2025,0
PachIs00,Isiah Pacheco,kan,2025,0
PennMi00,Mike Pennel,kan,2025,0
PoleEs00,Esa Pole,kan,2025,0
,Hal Presley,kan,2025,0
RemiNi00,Nikko Remigio,kan,2025,0
RiceRa01,Rashee Rice,kan,2025,0
RobiJa04,Janarius Robinson,kan,2025,0
RolaCh00,Christian Roland-Wallace,kan,2025,0
RoyaJa00,Jalen Royals,kan,2025,0
SimmJo01,Josh Simmons,kan,2025,0
SmitBr09,Brashard Smith,kan,2025,0
,Key'Shawn Smith,kan,2025,0
,Melvin Smith,kan,2025,0
SmitTr05,Trey Smith,kan,2025,0
SmitJu00,JuJu Smith-Schuster,kan,2025,0
,Geor'Quarius Spivey,kan,2025,0
SteeCa00,Carson Steele,kan,2025,0
SuamKi00,Kingsley Suamataia,kan,2025,0
TaylJa02,Jawaan Taylor,kan,2025,0
ThorTy00,Tyquan Thornton,kan,2025,0
TillJe00,Jerry Tillery,kan,2025,0
TonyRo00,Robert Tonyan,kan,2025,0
TranDr00,Drue Tranquill,kan,2025,0
TuipMa00,Marlon Tuipulotu,kan,2025,0
WatsJa02,Jaylen Watson,kan,2025,0
WatsTr00,Tre Watson,kan,2025,0
WileJa00,Jared Wiley,kan,2025,0
WillJo03,Joshua Williams,kan,2025,0
,Major Williams,kan,2025,0
WillNo01,Nohl Williams,kan,2025,0
WincJa00,James Winchester,kan,2025,0
WortXa00,Xavier Worthy,kan,2025,0
,Elijah Young,kan,2025,0
ZappBa00,Bailey Zappe,kan,2025,0
ThomBJ00,BJ Thompson (NON),kan,2025,0
IngrKe01,Keaontay Ingram (IR),kan,2025,0
RushDa00,Darius Rush (IR),kan,2025,0
ScotEr00,Eric Scott (IR),kan,2025,0
AbduYa00,Yasir Abdullah,jax,2025,0
AlleLe01,LeQuint Allen,jax,2025,0
ArmsAr01,Arik Armstead,jax,2025,0
BigsTa00,Tank Bigsby,jax,2025,0
BowmSh00,Shawn Bowman,jax,2025,0
BrasCh00,Christian Braswell,jax,2025,0
,Chandler Brayboy,jax,2025,0
BrowDy00,Dyami Brown,jax,2025,0
BrowMo00,Montaric Brown,jax,2025,0
CampTy01,Tyson Campbell,jax,2025,0
,Cam Camper,jax,2025,0
,James Carpenter,jax,2025,0
CephJo00,Joshua Cephus,jax,2025,0
ClevEz00,Ezra Cleveland,jax,2025,0
ColeMy00,Myles Cole,jax,2025,0
,Branson Combs,jax,2025,0
CookLo00,Logan Cooke,jax,2025,0
,John Copenhaver,jax,2025,0
DaleDe00,Dennis Daley,jax,2025,0
DownEt00,Ethan Downs,jax,2025,0
EdogCh00,Chuma Edoga,jax,2025,0
EtieTr00,Travis Etienne,jax,2025,0
FortLu01,Luke Fortner,jax,2025,0
FostJa01,Javon Foster,jax,2025,0
GardDe01,Dennis Gardeck,jax,2025,0
,B.J. Green,jax,2025,0
HainRo00,Robert Hainsey,jax,2025,0
HamiDa02,DaVon Hamilton,jax,2025,0
HarrAn00,Anton Harrison,jax,2025,0
HeniSe00,Seth Henigan,jax,2025,0
,Patrick Herbert,jax,2025,0
AlleJo03,Josh Hines-Allen,jax,2025,0
HuntTr00,Travis Hunter,jax,2025,0
IrwiTr00,Trenton Irwin,jax,2025,0
JackJa05,Ja'Quinden Jackson,jax,2025,0
JeffJo01,Jordan Jefferson,jax,2025,0
JohnAn07,Antonio Johnson,jax,2025,0
JohnFr01,Fred Johnson,jax,2025,0
,J.J. Jones,jax,2025,0
JoneJa14,Jarrian Jones,jax,2025,0
KiseJa00,Jack Kiser,jax,2025,0
LacyTy00,Tyler Lacy,jax,2025,0
LaneRa00,Rayuan Lane,jax,2025,0
,Darius Lassiter,jax,2025,0
LawrTr00,Trevor Lawrence,jax,2025,0
LeexRi00,Ricky Lee,jax,2025,0
LewiJo01,Jourdan Lewis,jax,2025,0
LittCa00,Cam Little,jax,2025,0
LittWa00,Walker Little,jax,2025,0
LloyDe00,Devin Lloyd,jax,2025,0
LongHu00,Hunter Long,jax,2025,0
MatiRo00,Ross Matiscik,jax,2025,0
McLeJa00,Jalen McLeod,jax,2025,0
McPhZe00,Zech McPhearson,jax,2025,0
MekaPa00,Patrick Mekari,jax,2025,0
MillVe00,Ventrell Miller,jax,2025,0
MiluWy00,Wyatt Milum,jax,2025,0
MonhJo00,Jonah Monheim,jax,2025,0
MorrQu00,Quintin Morris,jax,2025,0
,Eli Mostaert,jax,2025,0
MuhaJa00,Jabbar Muhammad,jax,2025,0
MullNi00,Nick Mullens,jax,2025,0
MumaCh00,Chad Muma,jax,2025,0
MundJo00,Johnny Mundt,jax,2025,0
MurrEr00,Eric Murray,jax,2025,0
OgbaEm00,Emmanuel Ogbah,jax,2025,0
OluoFo00,Foyesade Oluokun,jax,2025,0
,Eli Pancol,jax,2025,0
PrinDe01,Deantre Prince,jax,2025,0
RansCa00,Caleb Ransaw,jax,2025,0
,Keivie Rose,jax,2025,0
SavaDa00,Darnell Savage Jr.,jax,2025,0
SilmCa00,Cam'Ron Silmon-Craig,jax,2025,0
SingDo00,Dorian Singer,jax,2025,0
,Doneiko Slaughter,jax,2025,0
SmooDa00,Dawuane Smoot,jax,2025,0
StraBr00,Brenton Strange,jax,2025,0
,Danny Striggow,jax,2025,0
ThomBr06,Brian Thomas,jax,2025,0
ThomDa07,Daniel Thomas,jax,2025,0
TramAu00,Austin Trammell,jax,2025,0
TuteBh00,Bhayshul Tuten,jax,2025,0
VanxCo00,Cole Van Lanen,jax,2025,0
WalkTr03,Travon Walker,jax,2025,0
WallLe00,Levi Wallace,jax,2025,0
WashPa01,Parker Washington,jax,2025,0
WingAn01,Andrew Wingard,jax,2025,0
WolfJo00,John Wolford,jax,2025,0
,Sal Wormley,jax,2025,0
HodgCo00,Cooper Hodges (PUP),jax,2025,0
SmitMa07,Maason Smith (PUP),jax,2025,0
BailEm00,Emani Bailey,car,2025,0
BartSh00,Shemar Bartholomew,car,2025,0
BashCa00,Boogie Basham,car,2025,0
BlacRa00,Raheem Blackshear,car,2025,0
,JaTravis Broughton,car,2025,0
BrowBo04,Bobby Brown,car,2025,0
BrowDe05,Derrick Brown,car,2025,0
CartJa04,Ja'Tyre Carter,car,2025,0
CherCl00,Claudin Cherelus,car,2025,0
ChriBr00,Brady Christensen,car,2025,0
CokeJa01,Jalen Coker,car,2025,0
CorbAu00,Austin Corbett,car,2025,0
CrumJa00,Jaden Crumedy,car,2025,0
DafnDo00,Dominique Dafney,car,2025,0
DaltAn00,Andy Dalton,car,2025,0
DotsMe00,Mello Dotson,car,2025,0
DowdRi01,Rico Dowdle,car,2025,0
EkwoIk00,Ikem Ekwonu,car,2025,0
EtieTr01,Trevor Etienne,car,2025,0
EvanAk00,Akayleb Evans,car,2025,0
EvanMi01,Mitchell Evans,car,2025,0
FitzRy01,Ryan Fitzgerald,car,2025,0
GeorJa00,Jacolby George,car,2025,0
,Isaac Gifford,car,2025,0
HarrJa06,Jared Harrison-Hunte,car,2025,0
,Jack Henderson,car,2025,0
HornJa00,Jaycee Horn,car,2025,0
HornJi00,Jimmy Horn,car,2025,0
HubbCh01,Chuba Hubbard,car,2025,0
HudsKo00,Kobe Hudson,car,2025,0
HuntRo01,Robert Hunt,car,2025,0
IncoTh00,Thomas Incoom,car,2025,0
JackCa01,Cam Jackson,car,2025,0
JackMi01,Michael Jackson,car,2025,0
JansJ.00,J.J. Jansen,car,2025,0
JohnDJ00,DJ Johnson,car,2025,0
JonePa00,Patrick Jones II,car,2025,0
KandLu00,Luke Kandra,car,2025,0
KingJa02,Jarrett Kingston,car,2025,0
LegeXa00,Xavier Legette,car,2025,0
LewiDa05,Damien Lewis,car,2025,0
,Steven Losoya,car,2025,0
LuthTJ00,T.J. Luther,car,2025,0
,Kayron Lynch-Adams,car,2025,0
MabrTy00,Tyler Mabry,car,2025,0
MartSa01,Sam Martin,car,2025,0
,Bam Martin-Scott,car,2025,0
MaysCa00,Cade Mays,car,2025,0
McMiTe00,Tetairoa McMillan,car,2025,0
MitcJa00,James Mitchell,car,2025,0
MoehTr00,Tre'von Moehrig,car,2025,0
MoorDa03,David Moore,car,2025,0
MotoTa00,Taylor Moton,car,2025,0
,Mapalo Mwansa,car,2025,0
NijmYo01,Yosh Nijman,car,2025,0
,Tuasivi Nomura,car,2025,0
,Bryce Pierre,car,2025,0
PlumJa01,Jack Plummer,car,2025,0
RansLa00,Lathan Ransom,car,2025,0
RayxLa02,LaBryan Ray,car,2025,0
,Ja'seem Reed,car,2025,0
,Mike Reid,car,2025,0
RenfHu00,Hunter Renfrow,car,2025,0
RhatJo00,Jon Rhattigan,car,2025,0
RichDe03,Demani Richardson,car,2025,0
RobeSa00,Sam Roberts,car,2025,0
RobiAS00,A'Shawn Robinson,car,2025,0
RozeCh00,Christian Rozeboom,car,2025,0
SandJa01,Ja'Tavion Sanders,car,2025,0
ScotNi01,Nick Scott,car,2025,0
ScouNi00,Nic Scourton,car,2025,0
SmitCh05,Chau Smith-Wade,car,2025,0
SullSt00,Stephen Sullivan,car,2025,0
SwilTr00,Tre Swilling,car,2025,0
,Michael Tarquin,car,2025,0
ThieAd00,Adam Thielen,car,2025,0
,Trevian Thomas,car,2025,0
ThorCo00,Corey Thornton,car,2025,0
TremBr00,Brycen Tremayne,car,2025,0
TuttSh00,Shy Tuttle,car,2025,0
UmanPr00,Princely Umanmielen,car,2025,0
WallTr00,Trevin Wallace,car,2025,0
WaltBr01,Brandon Walton,car,2025,0
WeavJJ00,J.J. Weaver,car,2025,0
WharTe00,Tershawn Wharton,car,2025,0
WindJa00,Jacoby Windmon,car,2025,0
WonnDJ00,D.J. Wonnum,car,2025,0
WrigMa00,Matthew Wright,car,2025,0
YounBr01,Bryce Young,car,2025,0
ZavaCh00,Chandler Zavala,car,2025,0
BrooJo02,Jonathon Brooks (PUP),car,2025,0
TremTo00,Tommy Tremble (PUP),car,2025,0
AumaPo00,Popo Aumavae (IR),car,2025,0
AlexJa00,Jaire Alexander,rav,2025,0
AlixRa00,Rasheen Ali,rav,2025,0
AndrMa00,Mark Andrews,rav,2025,0
ArmoJa00,Jalyn Armour-Davis,rav,2025,0
AwuzCh00,Chidobe Awuzie,rav,2025,0
BankJa01,Jahmal Banks,rav,2025,0
BateRa00,Rashod Bateman,rav,2025,0
BradBe01,Beau Brade,rav,2025,0
BuchTe00,Teddye Buchanan,rav,2025,0
BullCo00,Corey Bullock,rav,2025,0
ChriGe02,Gerad Christian-Lichtenhan,rav,2025,0
ClevBe00,Ben Cleveland,rav,2025,0
CunnMa00,Malik Cunningham,rav,2025,0
CuppBa00,Baylor Cupp,rav,2025,0
DalcDa00,Darrian Dalcourt,rav,2025,0
DellGa00,Garrett Dellinger,rav,2025,0
FaalDa00,Daniel Faalele,rav,2025,0
FlowZa00,Zay Flowers,rav,2025,0
GreeMi02,Mike Green,rav,2025,0
,Xavier Guillory,rav,2025,0
HamiKy00,Kyle Hamilton,rav,2025,0
HammMa01,Malik Hamm,rav,2025,0
HenrDe00,Derrick Henry,rav,2025,0
HiggJa01,Jay Higgins,rav,2025,0
HillJu00,Justice Hill,rav,2025,0
,Reid Holskey,rav,2025,0
HopkDe00,DeAndre Hopkins,rav,2025,0
HummJa00,Jake Hummel,rav,2025,0
HumpMa00,Marlon Humphrey,rav,2025,0
,Ozzie Hutchinson,rav,2025,0
,Desmond Igbinosun,rav,2025,0
IsaaAd00,Adisa Isaac,rav,2025,0
,Keondre Jackson,rav,2025,0
JackLa00,Lamar Jackson,rav,2025,0
JenkJo00,John Jenkins,rav,2025,0
JohnDE04,D'Ernest Johnson,rav,2025,0
,Jayson Jones,rav,2025,0
JoneTr00,Travis Jones,rav,2025,0
KaneSa00,Sanoussi Kane,rav,2025,0
KirkKe00,Keith Kirkwood,rav,2025,0
KolaCh00,Charlie Kolar,rav,2025,0
KoneBi00,Bilhal Kone,rav,2025,0
KwenWi00,William Kwenkeu,rav,2025,0
LearDe00,Devin Leary,rav,2025,0
LikeIs00,Isaiah Likely,rav,2025,0
LindTy00,Tyler Linderbaum,rav,2025,0
LongRo00,Robert Longerbeam,rav,2025,0
LoopTy00,Tyler Loop,rav,2025,0
,Reuben Lowery,rav,2025,0
MaduJu00,Nnamdi Madubuike,rav,2025,0
MajoMa00,Marcus Major,rav,2025,0
MartCh02,Chandler Martin,rav,2025,0
,Keyon Martin,rav,2025,0
MillAn02,Anthony Miller,rav,2025,0
MitcKe01,Keaton Mitchell,rav,2025,0
MitcZa00,Zaire Mitchell-Paden,rav,2025,0
MoorNi00,Nick Moore,rav,2025,0
NoteJo00,Joseph Noteboom,rav,2025,0
OdelAd00,Adedayo Odeleye,rav,2025,0
OjabDa00,David Ojabo,rav,2025,0
OkoyCJ00,CJ Okoye,rav,2025,0
OwehJa00,Odafe Oweh,rav,2025,0
PeebAe00,Aeneas Peebles,rav,2025,0
,Jared Penning,rav,2025,0
RaveCJ00,C.J. Ravenell,rav,2025,0
RicaPa00,Patrick Ricard,rav,2025,0
,Marquise Robinson,rav,2025,0
RobiTa00,Tavius Robinson,rav,2025,0
RoseRo01,Roger Rosengarten,rav,2025,0
RuckKa00,Kaimon Rucker,rav,2025,0
RushCo00,Cooper Rush,rav,2025,0
SamaNi00,Nick Samac,rav,2025,0
,Lucas Scott,rav,2025,0
SimpTr00,Trenton Simpson,rav,2025,0
SmitRo07,Roquan Smith,rav,2025,0
StanRo00,Ronnie Stanley,rav,2025,0
StarMa00,Malaki Starks,rav,2025,0
StouJo00,Jordan Stout,rav,2025,0
TampTJ00,T.J. Tampa,rav,2025,0
UrbaBr00,Brent Urban,rav,2025,0
VanNKy00,Kyle Van Noy,rav,2025,0
VinsCa00,Carson Vinson,rav,2025,0
VorhAn00,Andrew Vorhees,rav,2025,0
WadeDa00,Dayton Wade,rav,2025,0
WalkDe01,Devontez Walker,rav,2025,0
WallTy00,Tylan Wallace,rav,2025,0
WashBr01,Broderick Washington Jr.,rav,2025,0
WashSc00,Scotty Washington,rav,2025,0
WestLa01,LaJohntay Wester,rav,2025,0
WiggNa00,Nate Wiggins,rav,2025,0
WashAr00,Ar'Darius Washington (PUP),rav,2025,0
JoneEm02,Emery Jones (NON),rav,2025,0
,Kelly Akharaiyi,buf,2025,0
AlleJo02,Josh Allen,buf,2025,0
AndeAl01,Alec Anderson,buf,2025,0
AndrJo02,Joe Andreessen,buf,2025,0
BassTy00,Tyler Bass,buf,2025,0
,Jacob Bayer,buf,2025,0
BenfCh00,Christian Benford,buf,2025,0
BernTe00,Terrel Bernard,buf,2025,0
BishCo00,Cole Bishop,buf,2025,0
BosaJo00,Joey Bosa,buf,2025,0
BrowSp00,Spencer Brown,buf,2025,0
BuecSh00,Shane Buechele,buf,2025,0
CainDe00,Deon Cain,buf,2025,0
CartDe03,DeWayne Carter,buf,2025,0
ClayTr00,Travis Clayton,buf,2025,0
ClinKa00,Kameron Cline,buf,2025,0
CodrBr00,Brandon Codrington,buf,2025,0
ColeKe02,Keon Coleman,buf,2025,0
CookJa01,James Cook,buf,2025,0
CoucTe00,Te'Cory Couch,buf,2025,0
DaviZa00,Zach Davidson,buf,2025,0
DaviRa04,Ray Davis,buf,2025,0
DawkDi00,Dion Dawkins,buf,2025,0
EdwaDa01,David Edwards,buf,2025,0
EdwaMi02,Mike Edwards,buf,2025,0
EpenAJ00,A.J. Epenesa,buf,2025,0
EvanDa02,Darrynton Evans,buf,2025,0
FergRe00,Reid Ferguson,buf,2025,0
ForrDa00,Darrick Forrest,buf,2025,0
GillRe00,Reggie Gilliam,buf,2025,0
GoreFr01,Frank Gore,buf,2025,0
,Stephen Gosnell,buf,2025,0
GourRi00,Richard Gouraige,buf,2025,0
GrabTy00,Tylan Grable,buf,2025,0
GreeKe02,Kendrick Green,buf,2025,0
HairMa00,Maxwell Hairston,buf,2025,0
HamlKJ00,KJ Hamler,buf,2025,0
HamlDa00,Damar Hamlin,buf,2025,0
HancJo00,Jordan Hancock,buf,2025,0
HardDa02,Daequan Hardy,buf,2025,0
HarrMa10,Marcus Harris,buf,2025,0
HaweJa00,Jackson Hawes,buf,2025,0
IngrJa00,Ja'Marcus Ingram,buf,2025,0
JackDa02,Dane Jackson,buf,2025,0
JackLa03,Landon Jackson,buf,2025,0
,Keonta Jenkins,buf,2025,0
JohnTa01,Taron Johnson,buf,2025,0
JohnTy02,Ty Johnson,buf,2025,0
JoneDa04,DaQuan Jones,buf,2025,0
KincDa00,Dalton Kincaid,buf,2025,0
KnoxDa00,Dawson Knox,buf,2025,0
,Keleki Latu,buf,2025,0
LewiCa00,Cameron Lewis,buf,2025,0
LoguZi00,Zion Logue,buf,2025,0
LundCh00,Chase Lundt,buf,2025,0
McGoCo01,Connor McGovern,buf,2025,0
MilaMa00,Matt Milano,buf,2025,0
MoorEl00,Elijah Moore,buf,2025,0
OlivEd00,Ed Oliver,buf,2025,0
,Wande Owens,buf,2025,0
PalmJo00,Josh Palmer,buf,2025,0
PratKa00,Kaden Prather,buf,2025,0
RappTa00,Taylor Rapp,buf,2025,0
,Rush Reimer,buf,2025,0
RobbBr00,Brad Robbins,buf,2025,0
RogeCa00,Casey Rogers,buf,2025,0
RousGr00,Gregory Rousseau,buf,2025,0
SamuCu00,Curtis Samuel,buf,2025,0
SandTJ00,T.J. Sanders,buf,2025,0
ShakKh00,Khalil Shakir,buf,2025,0
,Paris Shand,buf,2025,0
ShavTy00,Tyrell Shavers,buf,2025,0
ShenLa00,Laviska Shenault Jr.,buf,2025,0
SokoMa00,Matt Sokol,buf,2025,0
SoloJa00,Javon Solomon,buf,2025,0
SpecBa00,Baylon Spector,buf,2025,0
StroDo01,Dorian Strong,buf,2025,0
ThomSh01,Shaq Thompson,buf,2025,0
TorrOC00,O'Cyrus Torrence,buf,2025,0
TrubMi00,Mitchell Trubisky,buf,2025,0
UlofEd00,Edefuan Ulofoshio,buf,2025,0
VanDRy00,Ryan Van Demark,buf,2025,0
VirgJa00,Jalen Virgil,buf,2025,0
WalkDe04,Deone Walker,buf,2025,0
WhitMi01,Mike White,buf,2025,0
WhitTr01,Tre'Davious White,buf,2025,0
WilkKr00,Kristian Wilkerson,buf,2025,0
WillDo04,Dorian Williams,buf,2025,0
WilsTa01,TaMuarion Wilson,buf,2025,0
HoecMi00,Michael Hoecht (SUS),buf,2025,0
OgunLa00,Larry Ogunjobi (SUS),buf,2025,0
VanPSe00,Sedrick Van Pran-Granger (PUP),buf,2025,0
AddiJo00,Jordan Addison,min,2025,0
AlleJo01,Jonathan Allen,min,2025,0
AsamBr00,Brian Asamoah,min,2025,0
BattTy00,Tyler Batty,min,2025,0
BellTr01,Travis Bell,min,2025,0
BlacMe00,Mekhi Blackmon,min,2025,0
,Silas Bolden,min,2025,0
BranBl00,Blake Brandel,min,2025,0
BrosMa00,Max Brosmer,min,2025,0
BrowLo01,Logan Brown,min,2025,0
ByrdHe00,Henry Byrd,min,2025,0
CashBl00,Blake Cashman,min,2025,0
,Chaz Chambliss,min,2025,0
ChanTy01,Ty Chandler,min,2025,0
,Oscar Chapman,min,2025,0
CorrZe00,Zeke Correll,min,2025,0
DarrCh00,Christian Darrisaw,min,2025,0
DePaAn00,Andrew DePaola,min,2025,0
FeltTa00,Tai Felton,min,2025,0
,Dontae Fleming,min,2025,0
FrieWi00,Will Fries,min,2025,0
,Keenan Garber,min,2025,0
GreeJo04,Jonathan Greenard,min,2025,0
HailKa00,Kahlef Hailassie,min,2025,0
HamxC.00,C.J. Ham,min,2025,0
HargJa00,Javon Hargrave,min,2025,0
HarrJo05,Jonathan Harris,min,2025,0
HockTJ00,T.J. Hockenson,min,2025,0
HoweSa00,Sam Howell,min,2025,0
HubeJo00,Joe Huber,min,2025,0
IngrTy00,Tyrion Ingram-Dawkins,min,2025,0
JackDo03,Donovan Jackson,min,2025,0
JackLu00,Lucky Jackson,min,2025,0
JackTh00,Theo Jackson,min,2025,0
JeffJu00,Justin Jefferson,min,2025,0
JohnMa09,Marcellus Johnson,min,2025,0
JoneAa00,Aaron Jones,min,2025,0
JoneJe01,Jeshaun Jones,min,2025,0
JoneTi00,Tim Jones,min,2025,0
JurgMi02,Michael Jurgens,min,2025,0
KellRy00,Ryan Kelly,min,2025,0
,Austin Keys,min,2025,0
KingKo00,Kobe King,min,2025,0
,Vershon Lee,min,2025,0
,Robert Lewis,min,2025,0
MasoJo00,Jordan Mason,min,2025,0
,Dorian Mausi,min,2025,0
McCaJJ00,J.J. McCarthy,min,2025,0
McGlDw00,Dwight McGlothern,min,2025,0
MeteJo00,Josh Metellus,min,2025,0
MoorRo02,Rondale Moore,min,2025,0
MurpBy00,Byron Murphy,min,2025,0
MurpGa00,Gabriel Murphy,min,2025,0
NailJa00,Jalen Nailor,min,2025,0
NelsMa00,Matt Nelson,min,2025,0
NesbBr00,Bryson Nesbit,min,2025,0
ONeiBr00,Brian O'Neill,min,2025,0
OkudJe00,Jeff Okudah,min,2025,0
OlivJo00,Josh Oliver,min,2025,0
OwenGe00,Gervarrius Owens,min,2025,0
PaceIv00,Ivan Pace,min,2025,0
PhilHa00,Harrison Phillips,min,2025,0
,Mishael Powell,min,2025,0
,Myles Price,min,2025,0
RedmJa01,Jalen Redmond,min,2025,0
ReicWi00,Will Reichard,min,2025,0
RiccGi00,Giovanni Ricci,min,2025,0
RichBo01,Bo Richter,min,2025,0
RodgIs00,Isaiah Rodgers,min,2025,0
RodrLe00,Levi Drake Rodriguez,min,2025,0
RousWa00,Walter Rouse,min,2025,0
RypiBr00,Brett Rypien,min,2025,0
ScotZa00,Zavier Scott,min,2025,0
SkulJu00,Justin Skule,min,2025,0
SmitHa00,Harrison Smith,min,2025,0
StewRe00,Reddy Steward,min,2025,0
,Tre Stewart,min,2025,0
TaimTa00,Taki Taimani,min,2025,0
ThomAm00,Ambry Thomas,min,2025,0
ThomTa01,Tavierre Thomas,min,2025,0
ThomTh01,Thayer Thomas,min,2025,0
TurnDa01,Dallas Turner,min,2025,0
VanGAn00,Andrew Van Ginkel,min,2025,0
,Zemaiah Vaughn,min,2025,0
WardJa00,Jay Ward,min,2025,0
WatsLe00,Leroy Watson,min,2025,0
,Elijah Williams,min,2025,0
WilsEr00,Eric Wilson,min,2025,0
WrigRy00,Ryan Wright,min,2025,0
YuroBe00,Ben Yurosek,min,2025,0
BartGa00,Gavin Bartholomew (PUP),min,2025,0
AdamMy00,Myles Adams,det,2025,0
AgudMi01,Mitchell Agude,det,2025,0
AlleKy00,Kyle Allen,det,2025,0
AnzaAl00,Alex Anzalone,det,2025,0
ArnoTe00,Terrion Arnold,det,2025,0
AwosKa00,Kayode Awosika,det,2025,0
BarnDe02,Derrick Barnes,det,2025,0
BateJa00,Jake Bates,det,2025,0
BellRo01,Ronnie Bell,det,2025,0
BootDi00,Dicaprio Bootle,det,2025,0
BranBr00,Brian Branch,det,2025,0
CampJa04,Jack Campbell,det,2025,0
ColoTr01,Trystan Colon-Castillo,det,2025,0
,Keith Cooper,det,2025,0
CunnZa00,Zach Cunningham,det,2025,0
DaveMa00,Marcus Davenport,det,2025,0
EguaKi00,Kingsley Eguakun,det,2025,0
FoxxJa01,Jack Fox,det,2025,0
GibbJa01,Jahmyr Gibbs,det,2025,0
GilbDa00,DaRon Gilbert,det,2025,0
GlasGr00,Graham Glasgow,det,2025,0
GoffJa00,Jared Goff,det,2025,0
HallEr00,Erick Hallett,det,2025,0
HassAh00,Ahmed Hassanein,det,2025,0
HattHo00,Hogan Hatten,det,2025,0
HerrJu00,Justin Herron,det,2025,0
HookHe00,Hendon Hooker,det,2025,0
,Zach Horton,det,2025,0
HutcAi00,Aidan Hutchinson,det,2025,0
JackDa04,Dan Jackson,det,2025,0
JoneJa08,Jamarco Jones,det,2025,0
JoseKe03,Kerby Joseph,det,2025,0
,Jakobie Keeney-James,det,2025,0
KennTo01,Tom Kennedy,det,2025,0
,Ian Kennelly,det,2025,0
LaPoSa01,Sam LaPorta,det,2025,0
LopeRo00,Roy Lopez,det,2025,0
LoveDo00,Dominic Lovett,det,2025,0
LynnNa00,Nate Lynn,det,2025,0
MaddAv00,Avonte Maddox,det,2025,0
MahoCh00,Christian Mahogany,det,2025,0
ManuGi00,Giovanni Manu,det,2025,0
MartBr00,Brodric Martin,det,2025,0
MeekJa00,Jackson Meeks,det,2025,0
,Mason Miller,det,2025,0
MontDa01,David Montgomery,det,2025,0
MuhaAl00,Al-Quadin Muhammad,det,2025,0
MutiNe00,Netane Muti,det,2025,0
NiesMi00,Michael Niese,det,2025,0
NorrMo01,Morice Norris,det,2025,0
NowaTr00,Trevor Nowaske,det,2025,0
OConPa00,Pat O'Connor,det,2025,0
PatrTi00,Tim Patrick,det,2025,0
PittAn01,Anthony Pittman,det,2025,0
RakeEn00,Ennis Rakestraw,det,2025,0
RatlTa00,Tate Ratledge,det,2025,0
RaymKa00,Kalif Raymond,det,2025,0
ReadD.00,D.J. Reader,det,2025,0
ReedD.00,D.J. Reed,det,2025,0
ReynCr00,Craig Reynolds,det,2025,0
RobeAm00,Amik Robertson,det,2025,0
,Kye Robichaux,det,2025,0
,Tyson Russell,det,2025,0
SaylJa00,Jacob Saylors,det,2025,0
SewePe00,Penei Sewell,det,2025,0
SkipDa00,Dan Skipper,det,2025,0
SmalJa00,Jabari Small,det,2025,0
SmitCh06,Chris Smith,det,2025,0
SorsCo00,Colby Sorsdal,det,2025,0
StxxAm00,Amon-Ra St. Brown,det,2025,0
StriLo00,Loren Strickland,det,2025,0
StuaGr00,Grant Stuard,det,2025,0
TaylMa01,Malik Taylor,det,2025,0
TeSlIs00,Isaac TeSlaa,det,2025,0
TurnZe00,Zeke Turner,det,2025,0
UkwuIs00,Isaac Ukwu,det,2025,0
VakiSi00,Sione Vaki,det,2025,0
WhitNi02,Nick Whiteside,det,2025,0
WillJa11,Jameson Williams,det,2025,0
WillTy02,Tyleik Williams,det,2025,0
WrigBr01,Brock Wright,det,2025,0
Ya-SRo00,Rock Ya-Sin,det,2025,0
YeboKe00,Kenny Yeboah,det,2025,0
ZylsSh00,Shane Zylstra,det,2025,0
DeckTa00,Taylor Decker (PUP),det,2025,0
DorsKh00,Khalil Dorsey (PUP),det,2025,0
FrazMi00,Miles Frazier (PUP),det,2025,0
McNeAl00,Alim McNeill (PUP),det,2025,0
OnwuLe00,Levi Onwuzurike (PUP),det,2025,0
RodrMa00,Malcolm Rodriguez (PUP),det,2025,0
WingMe00,Mekhi Wingo (PUP),det,2025,0
PascJo00,Josh Paschal (NON),det,2025,0
AgneJa00,Jamal Agnew,atl,2025,0
AlfoDe00,DeAundre Alford,atl,2025,0
AllgTy00,Tyler Allgeier,atl,2025,0
ArnoGr01,Grayland Arnold,atl,2025,0
BarrSi00,Simeon Barrow,atl,2025,0
BateJe00,Jessie Bates III,atl,2025,0
BergMa00,Matthew Bergeron,atl,2025,0
BertJD00,JD Bertrand,atl,2025,0
BlacHe00,Henry Black,atl,2025,0
BlaiCh00,Chris Blair,atl,2025,0
BowmBi01,Billy Bowman,atl,2025,0
BrooNa01,Natrone Brooks,atl,2025,0
BryaCo02,Cobee Bryant,atl,2025,0
,Nathan Carter,atl,2025,0
CharDJ00,DJ Chark,atl,2025,0
CindMa00,Matt Cindric,atl,2025,0
CorbJa01,Jashaun Corbin,atl,2025,0
CousKi00,Kirk Cousins,atl,2025,0
DeabDi00,Divine Deablo,atl,2025,0
DorlBr00,Brandon Dorlus,atl,2025,0
DotsEl00,Elijah Dotson,atl,2025,0
DrumDy00,Dylan Drummond,atl,2025,0
EbikAr00,Arnold Ebiketie,atl,2025,0
ElliKa00,Kaden Elliss,atl,2025,0
FloyLe00,Leonard Floyd,atl,2025,0
FordMi01,Mike Ford,atl,2025,0
FoxxMo00,Morgan Fox,atl,2025,0
FranFe00,Feleipe Franks,atl,2025,0
FullJo01,Jordan Fuller,atl,2025,0
,Michael Gonzalez,atl,2025,0
GrahTa00,Ta'Quon Graham,atl,2025,0
GrayJo01,Joshua Gray,atl,2025,0
GwynJo00,Jovaughn Gwyn,atl,2025,0
HarrZa00,Zach Harrison,atl,2025,0
HellDe00,DeMarcco Hellams,atl,2025,0
HintKy00,Kyle Hinton,atl,2025,0
HodgKh00,KhaDarel Hodge,atl,2025,0
HughMi00,Mike Hughes,atl,2025,0
JackLa02,Lamar Jackson,atl,2025,0
JohnCa04,Caleb Johnson,atl,2025,0
JoneEm01,Emory Jones,atl,2025,0
KaliNi00,Nikola Kalinic,atl,2025,0
KareKh00,Khalid Kareem,atl,2025,0
KooxYo00,Younghoe Koo,atl,2025,0
,Lenny Krieg,atl,2025,0
,Nick Kubitz,atl,2025,0
LindCh00,Chris Lindstrom,atl,2025,0
LondDr00,Drake London,atl,2025,0
LondLa00,LaCale London,atl,2025,0
MaloDe00,DeAngelo Malone,atl,2025,0
MannDo00,Dontae Manning,atl,2025,0
MattJa00,Jake Matthews,atl,2025,0
MattJe00,Jesse Matthews,atl,2025,0
McClRa00,Ray-Ray McCloud,atl,2025,0
McCuLi00,Liam McCullough,atl,2025,0
McGaKa00,Kaleb McGary,atl,2025,0
MoonDa00,Darnell Mooney,atl,2025,0
NashNi00,Nick Nash,atl,2025,0
NelsJa01,Jack Nelson,atl,2025,0
NeuzRy00,Ryan Neuzil,atl,2025,0
NortSt00,Storm Norton,atl,2025,0
OnyeDa00,David Onyemata,atl,2025,0
OrhoRu00,Ruke Orhorhoro,atl,2025,0
ParkBr01,Brandon Parker,atl,2025,0
PearJa00,James Pearce,atl,2025,0
PeniMi00,Michael Penix,atl,2025,0
PhilCl00,Clark Phillips,atl,2025,0
PiniBr00,Bradley Pinion,atl,2025,0
PittKy00,Kyle Pitts,atl,2025,0
QuitTe00,Teagan Quitoriano,atl,2025,0
RobiBi01,Bijan Robinson,atl,2025,0
SillDa01,David Sills,atl,2025,0
,Joshua Simon,atl,2025,0
,Quincy Skinner,atl,2025,0
SticEa00,Easton Stick,atl,2025,0
StreKe00,Kentavius Street,atl,2025,0
TaylKe03,Keith Taylor,atl,2025,0
TerrAJ00,AJ Terrell,atl,2025,0
TricBr00,Bralen Trice,atl,2025,0
WalkJa02,Jalon Walker,atl,2025,0
WashCa00,Carlos Washington,atl,2025,0
WashCa01,Casey Washington,atl,2025,0
WattXa00,Xavier Watts,atl,2025,0
WheaTy01,Tyrone Wheatley Jr.,atl,2025,0
WilkEl00,Elijah Wilkinson,atl,2025,0
WillJo06,Jordan Williams,atl,2025,0
WoerCh00,Charlie Woerner,atl,2025,0
WoodJo02,Josh Woods,atl,2025,0
AndeTr00,Troy Andersen (PUP),atl,2025,0
VerdMa00,Malik Verdon (NON),atl,2025,0
ThomJo07,Josh Thompson (IR),atl,2025,0
AshbJu00,Julian Ashby,nwe,2025,0
AustAl00,Alex Austin,nwe,2025,0
BakeJa00,Javon Baker,nwe,2025,0
BariBr00,Bryce Baringer,nwe,2025,0
BarmCh00,Christian Barmore,nwe,2025,0
BattMi00,Miles Battle,nwe,2025,0
BellJa00,Jaheim Bell,nwe,2025,0
BoldIs00,Isaiah Bolden,nwe,2025,0
BorrAn00,Andres Borregales,nwe,2025,0
BourKe00,Kendrick Bourne,nwe,2025,0
BoutKa00,Kayshon Boutte,nwe,2025,0
BradGa00,Garrett Bradbury,nwe,2025,0
BrowBe01,Ben Brown,nwe,2025,0
BryaMa02,Marcus Bryant,nwe,2025,0
,Mehki Butler,nwe,2025,0
CampWi01,Will Campbell,nwe,2025,0
ChaiKL00,K'Lavon Chaisson,nwe,2025,0
ChisEf00,Efton Chism,nwe,2025,0
ConlJa00,Jack Conley,nwe,2025,0
,Brandon Crossley,nwe,2025,0
DaviCa02,Carlton Davis,nwe,2025,0
DaviTy02,Tyler Davis,nwe,2025,0
DialMa00,Marcellas Dial,nwe,2025,0
DiggSt00,Stefon Diggs,nwe,2025,0
DippCJ00,CJ Dippre,nwe,2025,0
DobbJo00,Joshua Dobbs,nwe,2025,0
DougDe00,Demario Douglas,nwe,2025,0
DuggKy00,Kyle Dugger,nwe,2025,0
ElliCh00,Christian Elliss,nwe,2025,0
EppsMa00,Marcus Epps,nwe,2025,0
FarmJo00,Joshua Farmer,nwe,2025,0
FothCo00,Cole Fotheringham,nwe,2025,0
GibbJa00,Jack Gibbens,nwe,2025,0
GibsAn00,Antonio Gibson,nwe,2025,0
GonzCh00,Christian Gonzalez,nwe,2025,0
HawkJa00,Jaylinn Hawkins,nwe,2025,0
HendTr02,TreVeyon Henderson,nwe,2025,0
HenrHu00,Hunter Henry,nwe,2025,0
HollMa00,Mack Hollins,nwe,2025,0
HoopAu00,Austin Hooper,nwe,2025,0
ItonIs00,Isaiah Iton,nwe,2025,0
JacoDe00,Demontrey Jacobs,nwe,2025,0
JameDJ00,D.J. James,nwe,2025,0
JennAn00,Anfernee Jennings,nwe,2025,0
JennTe00,Terrell Jennings,nwe,2025,0
JileJo00,John Jiles,nwe,2025,0
JoneMa06,Marcus Jones,nwe,2025,0
JoneTr01,Truman Jones,nwe,2025,0
LandHa00,Harold Landry,nwe,2025,0
,Lan Larison,nwe,2025,0
LindAl00,Alec Lindstrom,nwe,2025,0
MapuMa00,Marte Mapu,nwe,2025,0
MayeDr00,Drake Maye,nwe,2025,0
,Josh Minkins,nwe,2025,0
MinoKo00,Kobee Minor,nwe,2025,0
MoseMo00,Morgan Moses,nwe,2025,0
MoteRJ00,R.J. Moten,nwe,2025,0
OlajDa00,David Olajiga,nwe,2025,0
OnweMi00,Michael Onwenu,nwe,2025,0
PeppJa00,Jabrill Peppers,nwe,2025,0
PettDe00,Dell Pettus,nwe,2025,0
PharJe00,Jeremiah Pharms,nwe,2025,0
PolkJa00,Ja'Lynn Polk,nwe,2025,0
,Jordan Polk,nwe,2025,0
,Elijah Ponder,nwe,2025,0
RiceMo00,Monty Rice,nwe,2025,0
,Cam Riley,nwe,2025,0
RitzJa00,Jahvaree Ritzie,nwe,2025,0
RobiLa02,Layden Robinson,nwe,2025,0
RobiTy01,Tyrese Robinson,nwe,2025,0
RomoJo00,John Parker Romo,nwe,2025,0
RoyxJa00,Jaquelin Roy,nwe,2025,0
SchoBr00,Brenden Schooler,nwe,2025,0
,Gee Scott,nwe,2025,0
SowxSi00,Sidy Sow,nwe,2025,0
SpilRo00,Robert Spillane,nwe,2025,0
StevRh00,Rhamondre Stevenson,nwe,2025,0
StraCo01,Cole Strange,nwe,2025,0
SwinBr01,Bradyn Swinson,nwe,2025,0
TavaJa00,Jahlani Tavai,nwe,2025,0
TongKh00,Khyiris Tonga,nwe,2025,0
WallCa00,Caedan Wallace,nwe,2025,0
,Jeremiah Webb,nwe,2025,0
WestJa01,Jack Westover,nwe,2025,0
WhitKe03,Keion White,nwe,2025,0
WillKy03,Kyle Williams,nwe,2025,0
WillMi08,Milton Williams,nwe,2025,0
WilsJa02,Jared Wilson,nwe,2025,0
WoodCr00,Craig Woodson,nwe,2025,0
,Ben Wooldridge,nwe,2025,0
LoweVe00,Vederian Lowe (PUP),nwe,2025,0
DuraYa01,Yasir Durant (IR),nwe,2025,0
AlleNi00,Nick Allegretti,was,2025,0
AlleKa00,Kazmeir Allen,was,2025,0
AmosTr00,Trey Amos,was,2025,0
ArmsDo00,Dorance Armstrong Jr.,was,2025,0
,Kam Arnold,was,2025,0
,Ricky Barber,was,2025,0
BateJo00,John Bates,was,2025,0
BellNi01,Nick Bellore,was,2025,0
BiadTy00,Tyler Biadasz,was,2025,0
BrooJa04,Ja'Corey Brooks,was,2025,0
BrowNo00,Noah Brown,was,2025,0
ButlPe00,Percy Butler,was,2025,0
CageLa01,Lawrence Cager,was,2025,0
ColeBr02,Brandon Coleman,was,2025,0
ConeJo00,Josh Conerly,was,2025,0
CrosJa00,Jacory Croskey-Merritt,was,2025,0
DaniJa02,Jayden Daniels,was,2025,0
DaviCa01,Carl Davis,was,2025,0
DayxSh00,Sheldon Day,was,2025,0
DeitMi00,Michael Deiter,was,2025,0
EkelAu00,Austin Ekeler,was,2025,0
ErtzZa00,Zach Ertz,was,2025,0
FehoVi00,Viliami Fehoko,was,2025,0
FeltDe00,Demetric Felton,was,2025,0
FerrCl00,Clelin Ferrell,was,2025,0
GallMi00,Michael Gallup,was,2025,0
GayxMa00,Matt Gay,was,2025,0
GeorAl00,Allan George,was,2025,0
GoldEd00,Eddie Goldman,was,2025,0
GoodJu00,Julian Good-Jones,was,2025,0
HampDo00,Dominique Hampton,was,2025,0
HarrWi02,Will Harris,was,2025,0
HartBo00,Bobby Hart,was,2025,0
HartSa00,Sam Hartman,was,2025,0
HolmJa01,Jalyn Holmes,was,2025,0
IgbiNo00,Noah Igbinoghene,was,2025,0
JeanJa00,Javontae Jean-Baptiste,was,2025,0
JohnJo05,Josh Johnson,was,2025,0
JoneAn02,Andre Jones,was,2025,0
,Jacoby Jones,was,2025,0
JoneJo03,Jonathan Jones,was,2025,0
,Ale Kaho,was,2025,0
KinlJa00,Javon Kinlaw,was,2025,0
LaneJa00,Jaylin Lane,was,2025,0
LattMa01,Marshon Lattimore,was,2025,0
LuvuFr00,Frankie Luvu,was,2025,0
MageJo00,Jordan Magee,was,2025,0
,TJ Maguranyanga,was,2025,0
MariMa01,Marcus Mariota,was,2025,0
MartJa02,Jacob Martin,was,2025,0
MartJa04,Quan Martin,was,2025,0
MartTa00,Tay Martin,was,2025,0
McCaLu00,Luke McCaffrey,was,2025,0
McDaRo00,Robert McDaniel,was,2025,0
McKaTi00,Timothy McKay,was,2025,0
McNiJe00,Jeremy McNichols,was,2025,0
MedrKa00,Kain Medrano,was,2025,0
MillVo00,Von Miller,was,2025,0
MoorCh00,Chris Moore,was,2025,0
NewtJe00,Jer'Zhan Newton,was,2025,0
NianLu00,Lucas Niang,was,2025,0
NikkBe00,Ben Nikkel,was,2025,0
OsboKJ00,K.J. Osborn,was,2025,0
OttxTy00,Tyler Ott,was,2025,0
OwenTy00,Tyler Owens,was,2025,0
PaulCh00,Chris Paul,was,2025,0
PaynDa00,Daron Payne,was,2025,0
PhilTy00,Tyre Phillips,was,2025,0
PollNo00,Norell Pollard,was,2025,0
PricBo00,Bobby Price,was,2025,0
ReavJe00,Jeremy Reaves,was,2025,0
RobiBr01,Brian Robinson Jr.,was,2025,0
RodrCh00,Chris Rodriguez,was,2025,0
SainMi00,Mike Sainristil,was,2025,0
SamuDe00,Deebo Samuel,was,2025,0
SandBr00,Braylon Sanders,was,2025,0
SareFo00,Foster Sarell,was,2025,0
ScotTr01,Trenton Scott,was,2025,0
SeymKe00,Kevon Seymour,was,2025,0
SinnBe00,Ben Sinnott,was,2025,0
StraMi03,Mike Strachan,was,2025,0
TunsLa00,Laremy Tunsil,was,2025,0
TurnCo00,Cole Turner,was,2025,0
,Car'lin Vigers,was,2025,0
WagnBo00,Bobby Wagner,was,2025,0
WayxTr00,Tress Way,was,2025,0
WiseDe00,Deatrich Wise Jr.,was,2025,0
WyliAn00,Andrew Wylie,was,2025,0
YankCo00,Colson Yankoff,was,2025,0
CosmSa00,Samuel Cosmi (PUP),was,2025,0
McLaTe00,Terry McLaurin (PUP),was,2025,0
CyprFe00,Fentrell Cypress (IR),was,2025,0
JackTy01,Tyree Jackson (IR),was,2025,0
AdomCa00,Cal Adomitis,cin,2025,0
AgimMc00,McTelvin Agim,cin,2025,0
AndeTy00,Tycen Anderson,cin,2025,0
AnthDa00,Daijahn Anthony,cin,2025,0
BattJo00,Jordan Battle,cin,2025,0
BrigGa00,Gary Brightwell,cin,2025,0
BrooNa00,Nate Brooks,cin,2025,0
BrooTa00,Tahj Brooks,cin,2025,0
BrowCh10,Chase Brown,cin,2025,0
BrowOr00,Orlando Brown Jr.,cin,2025,0
BrowJa08,Jake Browning,cin,2025,0
BryaTa00,Taven Bryan,cin,2025,0
BurgCo00,Cole Burgess,cin,2025,0
BurkOr00,Oren Burks,cin,2025,0
BurrJo01,Joe Burrow,cin,2025,0
BurtJe01,Jermaine Burton,cin,2025,0
CartBa00,Barrett Carter,cin,2025,0
ChasJa00,Ja'Marr Chase,cin,2025,0
CochDe00,Devin Cochran,cin,2025,0
CokeAn00,Andrew Coker,cin,2025,0
,Quali Conley,cin,2025,0
CrosHo01,Howard Cross,cin,2025,0
DaviJa06,Jalen Davis,cin,2025,0
,Caleb Etienne,cin,2025,0
FairDy00,Dylan Fairchild,cin,2025,0
FantNo00,Noah Fant,cin,2025,0
FordCo00,Cody Ford,cin,2025,0
GesiMi00,Mike Gesicki,cin,2025,0
GileJo01,Joe Giles-Harris,cin,2025,0
GranCa00,Cam Grandy,cin,2025,0
GregEr00,Eric Gregory,cin,2025,0
HendTr00,Trey Hendrickson,cin,2025,0
HeywSh00,Shaka Heyward,cin,2025,0
HiggTe00,Tee Higgins,cin,2025,0
HillB.00,B.J. Hill,cin,2025,0
HillDa04,Daxton Hill,cin,2025,0
HudsTa00,Tanner Hudson,cin,2025,0
IosiAn00,Andrei Iosivas,cin,2025,0
IveyDJ00,DJ Ivey,cin,2025,0
JackMc00,McKinnley Jackson,cin,2025,0
JenkKr01,Kris Jenkins,cin,2025,0
JohnCe01,Cedric Johnson,cin,2025,0
JohnRa02,Raymond Johnson,cin,2025,0
JoneCh11,Charlie Jones,cin,2025,0
JulePJ00,PJ Jules,cin,2025,0
KarrTe00,Ted Karras,cin,2025,0
KeyxJa00,Jaylen Key,cin,2025,0
KirkJa03,Jaxson Kirkland,cin,2025,0
KnigDe00,Demetrius Knight,cin,2025,0
LeexMa02,Matt Lee,cin,2025,0
,Shaquan Loyal,cin,2025,0
,Bralyn Lux,cin,2025,0
,Jamoi Mayes,cin,2025,0
McLaTa00,Tanner McLachlan,cin,2025,0
McLaSe00,Seth McLaughlin,cin,2025,0
McPhEv00,Evan McPherson,cin,2025,0
MiltKe01,Kendall Milton,cin,2025,0
MimsAm00,Amarius Mims,cin,2025,0
MoorJo01,Jordan Moore,cin,2025,0
MurpMy00,Myles Murphy,cin,2025,0
NewtJo00,Josh Newton,cin,2025,0
NjonMa00,Maema Njongmeta,cin,2025,0
OssaJo00,Joseph Ossai,cin,2025,0
OwenRa00,Rashod Owens,cin,2025,0
PatrLu00,Lucas Patrick,cin,2025,0
PeriSa00,Samaje Perine,cin,2025,0
PryoKe00,Kendric Pryor,cin,2025,0
RaymAn00,Andrew Raym,cin,2025,0
RehkRy00,Ryan Rehkow,cin,2025,0
RiddDe00,Desmond Ridder,cin,2025,0
RiveJa00,Jalen Rivers,cin,2025,0
RobiLa03,Lance Robinson,cin,2025,0
SampCa00,Cameron Sample,cin,2025,0
SampDr00,Drew Sample,cin,2025,0
SlatTe00,Tedarrell Slaton,cin,2025,0
StewSh00,Shemar Stewart,cin,2025,0
StonGe00,Geno Stone,cin,2025,0
StueAn00,Andrew Stueber,cin,2025,0
TaylCa01,Cam Taylor-Britt,cin,2025,0
ThomIs01,Isaiah Thomas,cin,2025,0
,Payton Thorne,cin,2025,0
TinsMi00,Mitchell Tinsley,cin,2025,0
TurnDJ01,DJ Turner,cin,2025,0
VolsCo02,Cordell Volson,cin,2025,0
WagnWi00,William Wagner,cin,2025,0
WillIs03,Isaiah Williams,cin,2025,0
WilsLo00,Logan Wilson,cin,2025,0
WilsMa04,Marco Wilson,cin,2025,0
YounCr00,Craig Young,cin,2025,0
AllxEr00,Erick All (PUP),cin,2025,0
AkerCa00,Cam Akers,nor,2025,0
AmadUg00,Ugo Amadi,nor,2025,0
AustKe00,Kevin Austin,nor,2025,0
BankKe01,Kelvin Banks,nor,2025,0
,Dalys Beanum,nor,2025,0
BlacJu01,Julian Blackmon,nor,2025,0
BoydKh00,Khristian Boyd,nor,2025,0
BresBr00,Bryan Bresee,nor,2025,0
BrouVe00,Vernon Broughton,nor,2025,0
BullJo00,Jonathan Bullard,nor,2025,0
BurgTe00,Terrell Burgess,nor,2025,0
BurnJa00,James Burnip,nor,2025,0
ClapWi00,Will Clapp,nor,2025,0
CookBr00,Brandin Cooks,nor,2025,0
DaviDe00,Demario Davis,nor,2025,0
DaviJa12,Jasheen Davis,nor,2025,0
,Elliott Davison,nor,2025,0
DiggFa00,Fadil Diggs,nor,2025,0
,Moochie Dixon,nor,2025,0
EdwaCl00,Clyde Edwards-Helaire,nor,2025,0
EzirJo00,Josiah Ezirim,nor,2025,0
FordJa02,Jaylan Ford,nor,2025,0
FoskIs00,Isaiah Foskey,nor,2025,0
FuagTa00,Taliese Fuaga,nor,2025,0
GodcDa00,Davon Godchaux,nor,2025,0
GranCa01,Carl Granderson,nor,2025,0
GrayJ.00,J.T. Gray,nor,2025,0
GreeSe00,Seth Green,nor,2025,0
GrupBl00,Blake Grupe,nor,2025,0
HaenJa00,Jake Haener,nor,2025,0
HaybMa00,Matthew Hayball,nor,2025,0
HergKy00,Kyle Hergel,nor,2025,0
HowdJo00,Jordan Howden,nor,2025,0
JackDM00,D'Marco Jackson,nor,2025,0
JacoMi01,Michael Jacobson,nor,2025,0
JohnJu02,Juwan Johnson,nor,2025,0
JoneVe00,Velus Jones Jr.,nor,2025,0
JordCa00,Cameron Jordan,nor,2025,0
KamaAl00,Alvin Kamara,nor,2025,0
,Easton Kilty,nor,2025,0
KroeKa00,Kai Kroeger,nor,2025,0
LemiSh00,Shane Lemieux,nor,2025,0
MataMo00,Moliki Matavao,nor,2025,0
McCoEr01,Erik McCoy,nor,2025,0
McKiKo00,Kool-Aid McKinstry,nor,2025,0
MeanBu00,Bub Means,nor,2025,0
MendJo00,Jonathan Mendoza,nor,2025,0
MillKe01,Kendre Miller,nor,2025,0
NealDe00,Devin Neal,nor,2025,0
OlavCh00,Chris Olave,nor,2025,0
PaytRi00,Rico Payton,nor,2025,0
PennTr00,Trevor Penning,nor,2025,0
PeopDo00,Donovan Peoples-Jones,nor,2025,0
PettDa00,Dante Pettis,nor,2025,0
PoweTy02,Tyreem Powell,nor,2025,0
,Jayden Price,nor,2025,0
RaduDi00,Dillon Radunz,nor,2025,0
RattSp00,Spencer Rattler,nor,2025,0
ReidJu00,Justin Reid,nor,2025,0
RidgJo00,John Ridgeway,nor,2025,0
RileQu00,Quincy Riley,nor,2025,0
RuizCe00,Cesar Ruiz,nor,2025,0
RumpCh00,Chris Rumph,nor,2025,0
SankJo00,Jonas Sanker,nor,2025,0
SaunKh00,Khalen Saunders,nor,2025,0
SeweNe00,Nephi Sewell,nor,2025,0
ShahRa00,Rashid Shaheed,nor,2025,0
ShepNa00,Nathan Shepherd,nor,2025,0
ShouTy00,Tyler Shough,nor,2025,0
,Torricelli Simpkins,nor,2025,0
SmytCh00,Charlie Smyth,nor,2025,0
StalIs00,Isaiah Stalbird,nor,2025,0
StolJa00,Jack Stoll,nor,2025,0
StutDa00,Danny Stutsman,nor,2025,0
TaylAl01,Alontae Taylor,nor,2025,0
ThomOm00,Omari Thomas,nor,2025,0
TiptMa00,Mason Tipton,nor,2025,0
,Chris Tyree,nor,2025,0
WelcTr00,Treyton Welch,nor,2025,0
WernPe00,Pete Werner,nor,2025,0
WeslBa00,Barry Wesley,nor,2025,0
WillJo16,Jonah Williams,nor,2025,0
WilsCe01,Cedrick Wilson Jr.,nor,2025,0
WoodZa00,Zach Wood,nor,2025,0
WrigRe00,Rejzohn Wright,nor,2025,0
YarnMa00,Marcus Yarns,nor,2025,0
YiadIs00,Isaac Yiadom,nor,2025,0
YounCh04,Chase Young,nor,2025,0
YounLa00,Landon Young,nor,2025,0
HillTa00,Taysom Hill (PUP),nor,2025,0
MoreFo00,Foster Moreau (PUP),nor,2025,0
SaldNi00,Nick Saldiveri (IR),nor,2025,0
AbduAm00,Ameer Abdullah,sfo,2025,0
,Jaylon Allen,sfo,2025,0
AndeEv00,Evan Anderson,sfo,2025,0
ApplEl00,Eli Apple,sfo,2025,0
AverTr01,Tre Avery,sfo,2025,0
BartBe00,Ben Bartch,sfo,2025,0
BealRo00,Robert Beal,sfo,2025,0
BergJu00,Junior Bergen,sfo,2025,0
BethTa00,Tatum Bethune,sfo,2025,0
,Stone Blanton,sfo,2025,0
BosaNi00,Nick Bosa,sfo,2025,0
BradCa02,Carter Bradley,sfo,2025,0
BrenJa01,Jake Brendel,sfo,2025,0
BrowJi01,Ji'Ayir Brown,sfo,2025,0
BrowTr03,Tre Brown,sfo,2025,0
BurfSp00,Spencer Burford,sfo,2025,0
CallMa01,Marquez Callaway,sfo,2025,0
,Derrick Canteen,sfo,2025,0
ColbCo00,Connor Colby,sfo,2025,0
CollAl01,Alfred Collins,sfo,2025,0
CowiJa00,Jacob Cowing,sfo,2025,0
DaviKa01,Kalia Davis,sfo,2025,0
DwelRo00,Ross Dwelley,sfo,2025,0
ElliJo02,Jordan Elliott,sfo,2025,0
FarrLu00,Luke Farrell,sfo,2025,0
FlowDa00,Dallis Flowers,sfo,2025,0
GageRu00,Russell Gage,sfo,2025,0
GarvJo00,Jonathan Garvin,sfo,2025,0
GiffLu00,Luke Gifford,sfo,2025,0
GiveKe01,Kevin Givens,sfo,2025,0
GrahJa02,Jalen Graham,sfo,2025,0
GranRi00,Richie Grant,sfo,2025,0
GreeRe00,Renardo Green,sfo,2025,0
GuerIs00,Isaac Guerendo,sfo,2025,0
HennMa00,Matt Hennessy,sfo,2025,0
HodgIs00,Isaiah Hodgins,sfo,2025,0
HuffBr00,Bryce Huff,sfo,2025,0
IsabAn00,Andy Isabella,sfo,2025,0
JameJo01,Jordan James,sfo,2025,0
JennJa00,Jauan Jennings,sfo,2025,0
JohnZa00,Zack Johnson,sfo,2025,0
JoneMa05,Mac Jones,sfo,2025,0
JoseGr00,Greg Joseph,sfo,2025,0
JuszKy00,Kyle Juszczyk,sfo,2025,0
KineCo00,Corey Kiner,sfo,2025,0
KittGe00,George Kittle,sfo,2025,0
LenoDe00,Deommodore Lenoir,sfo,2025,0
LucaCh01,Chase Lucas,sfo,2025,0
LuteDa00,Darrell Luter,sfo,2025,0
MartNi01,Nick Martin,sfo,2025,0
McCaCh01,Christian McCaffrey,sfo,2025,0
McKiCo00,Colton McKivitz,sfo,2025,0
MoodJa00,Jake Moody,sfo,2025,0
MordTa00,Tanner Mordecai,sfo,2025,0
MorsTh00,Thomas Morstead,sfo,2025,0
,Drew Moss,sfo,2025,0
NealSi00,Siran Neal,sfo,2025,0
,Isaiah Neyor,sfo,2025,0
NugeDr00,Drake Nugent,sfo,2025,0
OkuaSa00,Sam Okuayinonu,sfo,2025,0
OwenTe01,Terique Owens,sfo,2025,0
PearRi00,Ricky Pearsall,sfo,2025,0
PinnJa01,Jason Pinnock,sfo,2025,0
PleaAu00,Austen Pleasants,sfo,2025,0
PlinMa00,Mason Pline,sfo,2025,0
PuniDo00,Dominick Puni,sfo,2025,0
PurdBr00,Brock Purdy,sfo,2025,0
RobiCu00,Curtis Robinson,sfo,2025,0
RobiDe01,Demarcus Robinson,sfo,2025,0
,Jakob Robinson,sfo,2025,0
RourKu01,Kurtis Rourke,sfo,2025,0
SiglMa00,Marques Sigle,sfo,2025,0
StouUp00,Upton Stout,sfo,2025,0
SurrCh00,Chazz Surratt,sfo,2025,0
TaylPa01,Patrick Taylor,sfo,2025,0
TongJa00,Jake Tonges,sfo,2025,0
,Sebastian Valdez,sfo,2025,0
WarnFr00,Fred Warner,sfo,2025,0
WatkJo00,Jordan Watkins,sfo,2025,0
WeekJo00,Jon Weeks,sfo,2025,0
WestCJ00,CJ West,sfo,2025,0
WillMy00,Mykel Williams,sfo,2025,0
WillTr21,Trent Williams,sfo,2025,0
WillBr06,Brayden Willis,sfo,2025,0
WintDe00,Dee Winters,sfo,2025,0
ZakeNi00,Nick Zakelj,sfo,2025,0
AlarIs00,Isaac Alarcon (SUS),sfo,2025,0
AiyuBr00,Brandon Aiyuk (PUP),sfo,2025,0
DillAn00,Andre Dillard (PUP),sfo,2025,0
GrosYe00,Yetur Gross-Matos (PUP),sfo,2025,0
MustMa00,Malik Mustapha (PUP),sfo,2025,0
JackTa02,Tarron Jackson (IR),sfo,2025,0
TaylTr02,Trent Taylor (IR),sfo,2025,0
HodgTr00,Tre'Vius Tomlinson (IR),sfo,2025,0
AdamDa01,Davante Adams,ram,2025,0
AlleDa02,Davis Allen,ram,2025,0
ArcuAJ00,AJ Arcuri,ram,2025,0
AtweTu00,Tutu Atwell,ram,2025,0
AvilSt00,Steve Avila,ram,2025,0
BennSt00,Stetson Bennett,ram,2025,0
,Wyatt Bowles,ram,2025,0
CoruBl00,Blake Corum,ram,2025,0
CoveBr00,Britain Covey,ram,2025,0
CurlKa00,Kamren Curl,ram,2025,0
DaviTy05,Tyler Davis,ram,2025,0
DediJu00,Justin Dedich,ram,2025,0
,Malik Dixon-Williams,ram,2025,0
DolaSh00,Shaun Dolac,ram,2025,0
,Ben Dooley,ram,2025,0
DotsKe00,Kevin Dotson,ram,2025,0
DuraDe01,Cobie Durant,ram,2025,0
EvanEt00,Ethan Evans,ram,2025,0
FergTe00,Terrance Ferguson,ram,2025,0
FielTo00,Tony Fields,ram,2025,0
FiskBr00,Braden Fiske,ram,2025,0
ForbEm00,Emmanuel Forbes,ram,2025,0
FordPo00,Poona Ford,ram,2025,0
GaroJi00,Jimmy Garoppolo,ram,2025,0
GreeAJ00,A.J. Green,ram,2025,0
HamiTy00,Ty Hamilton,ram,2025,0
HampNi00,Nick Hampton,ram,2025,0
HaveRo00,Rob Havenstein,ram,2025,0
,Decarius Hawthorne,ram,2025,0
HeflJa00,Jack Heflin,ram,2025,0
HigbTy00,Tyler Higbee,ram,2025,0
HumpD.00,D.J. Humphries,ram,2025,0
HuntJa03,Jarquez Hunter,ram,2025,0
InglTa00,Tanner Ingle,ram,2025,0
JackAl01,Alaric Jackson,ram,2025,0
JackBr02,Brennan Jackson,ram,2025,0
JohnDe08,Desjuan Johnson,ram,2025,0
JollSh00,Shaun Jolly,ram,2025,0
KartJo00,Joshua Karty,ram,2025,0
KendDe00,Derion Kendrick,ram,2025,0
KincKa00,Kamren Kinchens,ram,2025,0
LakeQu00,Quentin Lake,ram,2025,0
LampCa00,Cam Lampkin,ram,2025,0
LampWi00,Willie Lampkin,ram,2025,0
LandNa01,Nathan Landman,ram,2025,0
LeveKT00,KT Leveston,ram,2025,0
LimmBe00,Beaux Limmer,ram,2025,0
McClWa00,Warren McClendon,ram,2025,0
McCoJa02,Jaylen McCollough,ram,2025,0
McMaDy00,Dylan McMahon,ram,2025,0
,Jamil Muhammad,ram,2025,0
MumpKo00,Konata Mumpfield,ram,2025,0
MurcLa00,Larrell Murchison,ram,2025,0
NacuPu00,Puka Nacua,ram,2025,0
NealEl00,Elias Neal,ram,2025,0
,Bill Norton,ram,2025,0
ParkCo02,Colby Parkinson,ram,2025,0
PaulCh01,Chris Paul,ram,2025,0
,Josh Pearcy,ram,2025,0
,Brennan Presley,ram,2025,0
QuesDa00,David Quessenberry,ram,2025,0
ReedTr01,Troy Reeder,ram,2025,0
RiveRo01,Ronnie Rivers,ram,2025,0
SchrCo00,Cody Schrader,ram,2025,0
ShelCo00,Coleman Shelton,ram,2025,0
SmitXa00,Xavier Smith,ram,2025,0
SpeiOm00,Omar Speights,ram,2025,0
StafMa00,Matthew Stafford,ram,2025,0
StewJo03,Josaiah Stewart,ram,2025,0
,Da'Jon Terry,ram,2025,0
ThomKe04,Keir Thomas,ram,2025,0
,Anthony Torres,ram,2025,0
TurnKo00,Kobie Turner,ram,2025,0
,Nate Valcarcel,ram,2025,0
VersJa00,Jared Verse,ram,2025,0
WallJo00,Josh Wallace,ram,2025,0
WardAl00,Alex Ward,ram,2025,0
,Jordan Waters,ram,2025,0
WediTr00,Trey Wedig,ram,2025,0
WhitJo04,Jordan Whittington,ram,2025,0
WillDa09,Darious Williams,ram,2025,0
WillKy02,Kyren Williams,ram,2025,0
WillMa13,Mario Williams,ram,2025,0
WinnDr00,Dresser Winn,ram,2025,0
WithAh00,Ahkello Witherspoon,ram,2025,0
WoodCh01,Charles Woods,ram,2025,0
YounBy01,Byron Young,ram,2025,0
StooDr00,Drake Stoops (SUS),ram,2025,0
AdebPa00,Paulson Adebo,nyg,2025,0
AlexDa01,Darius Alexander,nyg,2025,0
,Rushawn Baker,nyg,2025,0
BankDe00,Deonte Banks,nyg,2025,0
BellDa00,Daniel Bellinger,nyg,2025,0
BeltDa00,Dane Belton,nyg,2025,0
BlacKo00,Korie Black,nyg,2025,0
,Jordan Bly,nyg,2025,0
BoarCh00,Chris Board,nyg,2025,0
BurnBr00,Brian Burns,nyg,2025,0
,Dalen Cambre,nyg,2025,0
CartAb00,Abdul Carter,nyg,2025,0
ChatEl00,Elijah Chatman,nyg,2025,0
CollBe00,Beaux Collins,nyg,2025,0
DartJa00,Jaxson Dart,nyg,2025,0
DaviDJ00,D.J. Davidson,nyg,2025,0
DeViTo00,Tommy DeVito,nyg,2025,0
DulcGr00,Greg Dulcich,nyg,2025,0
DurdCo00,Cory Durden,nyg,2025,0
ElueJe00,Jermaine Eluemunor,nyg,2025,0
EzeuJo00,Joshua Ezeudu,nyg,2025,0
FeltDa00,Da'Quan Felton,nyg,2025,0
FidoTh00,Thomas Fidone,nyg,2025,0
FlanDe00,Demetrius Flannigan-Fowles,nyg,2025,0
FlotCo00,Cordale Flott,nyg,2025,0
,Trace Ford,nyg,2025,0
ForsSt00,Stone Forsythe,nyg,2025,0
FortOD00,O'Donnell Fortune,nyg,2025,0
FoxxTo00,Tomon Fox,nyg,2025,0
GanoGr44,Graham Gano,nyg,2025,0
GarcEl00,Elijah Garcia,nyg,2025,0
GillJa00,Jamie Gillan,nyg,2025,0
GolsCh00,Chauncey Golston,nyg,2025,0
GreeAr01,Art Green,nyg,2025,0
HawkTr00,Tre Hawkins,nyg,2025,0
HollJe02,Jevon Holland,nyg,2025,0
HudsBr00,Bryan Hudson,nyg,2025,0
HudsJa00,James Hudson,nyg,2025,0
HumpLi01,Lil'Jordan Humphrey,nyg,2025,0
HyatJa00,Jalin Hyatt,nyg,2025,0
JohnDy00,Dyontae Johnson,nyg,2025,0
JohnTh00,Theo Johnson,nyg,2025,0
JoneNi00,Nic Jones,nyg,2025,0
KreiCa00,Casey Kreiter,nyg,2025,0
KubaJa00,Jake Kubas,nyg,2025,0
LawrDe03,Dexter Lawrence,nyg,2025,0
LaynRa00,Raheem Layne,nyg,2025,0
LedbJe00,Jeremiah Ledbetter,nyg,2025,0
ManhCh00,Chris Manhertz,nyg,2025,0
MbowMa00,Marcus Mbow,nyg,2025,0
McAtJu00,Jude McAtamney,nyg,2025,0
McFaMi01,Micah McFadden,nyg,2025,0
MillDa04,Dante Miller,nyg,2025,0
,TJ Moore,nyg,2025,0
MorrJi00,Jimmy Morrissey,nyg,2025,0
MuasDa00,Darius Muasau,nyg,2025,0
NabeMa00,Malik Nabers,nyg,2025,0
NealEv00,Evan Neal,nyg,2025,0
NubiTy00,Tyler Nubin,nyg,2025,0
NuneRa00,Rakeem Nunez-Roches,nyg,2025,0
OkerBo00,Bobby Okereke,nyg,2025,0
OlszGu00,Gunner Olszewski,nyg,2025,0
PaigMa00,Makari Paige,nyg,2025,0
PascZa00,Zach Pascal,nyg,2025,0
PhilAn02,Andru Phillips,nyg,2025,0
RileJo00,Jordon Riley,nyg,2025,0
RobeRo00,Roy Robertson-Harris,nyg,2025,0
RobiWa01,Wan'Dale Robinson,nyg,2025,0
RunyJo00,Jon Runyan Jr.,nyg,2025,0
SchlAu00,Austin Schlottmann,nyg,2025,0
MichJo00,John Michael Schmitz,nyg,2025,0
SingDe00,Devin Singletary,nyg,2025,0
SkatCa00,Cam Skattebo,nyg,2025,0
SlayDa01,Darius Slayton,nyg,2025,0
SmitIh00,Ihmir Smith-Marsette,nyg,2025,0
StinAa00,Aaron Stinnie,nyg,2025,0
SummTy00,Ty Summers,nyg,2025,0
,Jermaine Terry,nyg,2025,0
ThibKa00,Kayvon Thibodeaux,nyg,2025,0
TracTy00,Tyrone Tracy Jr.,nyg,2025,0
VanRGr00,Greg Van Roten,nyg,2025,0
WallKV00,K'Von Wallace,nyg,2025,0
WashMo00,Montrell Washington,nyg,2025,0
WellAn00,Antwane Wells,nyg,2025,0
WillDe11,Dee Williams,nyg,2025,0
,Jaison Williams,nyg,2025,0
WilsRu00,Russell Wilson,nyg,2025,0
WinsJa00,Jameis Winston,nyg,2025,0
DimuVi00,Victor Dimukeje (PUP),nyg,2025,0
GrayEr01,Eric Gray (PUP),nyg,2025,0
JohnAn08,Anthony Johnson (PUP),nyg,2025,0
ThomAn02,Andrew Thomas (PUP),nyg,2025,0
FordBr00,Bryce Ford-Wheaton (IR),nyg,2025,0
AbraKr00,Kris Abrams-Draine,den,2025,0
AdkiNa00,Nate Adkins,den,2025,0
AlleZa01,Zach Allen,den,2025,0
BadiTy00,Tyler Badie,den,2025,0
BailLe00,Levelle Bailey,den,2025,0
BandMi00,Michael Bandy,den,2025,0
BarrJa01,Jahdae Barron,den,2025,0
BollGa00,Garett Bolles,den,2025,0
BoniNi00,Nik Bonitto,den,2025,0
,JB Brown,den,2025,0
BryaPa00,Pat Bryant,den,2025,0
BurtMi00,Michael Burton,den,2025,0
CoopJo02,Jonathon Cooper,den,2025,0
CoxxMa01,Marques Cox,den,2025,0
CrawJe00,Jeremy Crawshaw,den,2025,0
CrumFr00,Frank Crum,den,2025,0
,Joaquin Davis,den,2025,0
DobbJK00,J.K. Dobbins,den,2025,0
EhliSa00,Sam Ehlinger,den,2025,0
ElliJo03,Jonah Elliss,den,2025,0
EngrEv00,Evan Engram,den,2025,0
EstiAu00,Audric Estime,den,2025,0
FarmAn00,Andrew Farmer,den,2025,0
ForsAl00,Alex Forsyth,den,2025,0
FrabMi00,Mitchell Fraboni,den,2025,0
FranSa00,Sam Franklin,den,2025,0
FranTr00,Troy Franklin,den,2025,0
FranJo02,John Franklin-Myers,den,2025,0
GargNi00,Nick Gargiulo,den,2025,0
GreeDr00,Dre Greenlaw,den,2025,0
HarvRJ00,RJ Harvey,den,2025,0
HennMa01,Matt Henningsen,den,2025,0
HufaTa00,Talanoa Hufanga,den,2025,0
,Courtney Jackson,den,2025,0
JackJo06,Jordan Jackson,den,2025,0
JoneBr06,Brandon Jones,den,2025,0
JoneD.01,D.J. Jones,den,2025,0
JoneSa01,Sai'vion Jones,den,2025,0
KeyxDe00,Devon Key,den,2025,0
KrulLu00,Lucas Krull,den,2025,0
LockPJ00,P.J. Locke,den,2025,0
LohnCa00,Caleb Lohner,den,2025,0
LutzWi00,Wil Lutz,den,2025,0
MathDa00,Damarri Mathis,den,2025,0
McGlMi00,Mike McGlinchey,den,2025,0
McLaJa00,Jaleel McLaughlin,den,2025,0
McMiJa00,Ja'Quan McMillian,den,2025,0
MeinQu02,Quinn Meinerz,den,2025,0
,Joe Michalski,den,2025,0
MillJo06,Jordan Miller,den,2025,0
MimsMa00,Marvin Mims,den,2025,0
MossRi00,Riley Moss,den,2025,0
NelsGa00,Garrett Nelson,den,2025,0
NewsQu00,Quinton Newsome,den,2025,0
,Jerjuan Newton,den,2025,0
NixxBo00,Bo Nix,den,2025,0
PalcAl00,Alex Palczewski,den,2025,0
PearMa00,Matt Peart,den,2025,0
PerrAT00,A.T. Perry,den,2025,0
,Joshua Pickett,den,2025,0
PoweBe00,Ben Powers,den,2025,0
PrieCa00,Caden Prieskorn,den,2025,0
ReidKa00,Karene Reid,den,2025,0
RoacMa01,Malcolm Roach,den,2025,0
,Jaden Robinson,den,2025,0
RobiQu00,Quandarrius Robinson,den,2025,0
SandDr00,Drew Sanders,den,2025,0
SherTr00,Trent Sherfield,den,2025,0
SherWi01,William Sherman,den,2025,0
SingAl00,Alex Singleton,den,2025,0
SkinJL00,JL Skinner,den,2025,0
SmitKe05,Keidron Smith,den,2025,0
StidJa00,Jarrett Stidham,den,2025,0
StrnJu00,Justin Strnad,den,2025,0
SurtPa01,Patrick Surtain II,den,2025,0
SuttCo00,Courtland Sutton,den,2025,0
TaylRe01,Reese Taylor,den,2025,0
ThroCa01,Calvin Throckmorton,den,2025,0
TillDo00,Dondrea Tillman,den,2025,0
TrauAd00,Adam Trautman,den,2025,0
TrusXa00,Xavier Truss,den,2025,0
,Jordan Turner,den,2025,0
TurnDe02,Delarrin Turner-Yell,den,2025,0
UwazEy00,Eyioma Uwazurike,den,2025,0
VeleDe00,Devaughn Vele,den,2025,0
WallGa00,Garret Wallow,den,2025,0
WatsBl00,Blake Watson,den,2025,0
WattLu00,Luke Wattenberg,den,2025,0
WebbCl00,Clay Webb,den,2025,0
,Kyrese White,den,2025,0
,Kristian Williams,den,2025,0
WalkJo02,Johnny Walker (IR),den,2025,0
AnusCh00,Chigozie Anusiem,cle,2025,0
BakeJe00,Jerome Baker,cle,2025,0
BartJa00,Jackson Barton,cle,2025,0
BateBr00,Brenden Bates,cle,2025,0
BitoJo00,Joel Bitonio,cle,2025,0
BojoCo00,Corey Bojorquez,cle,2025,0
BrigJo00,Jowon Briggs,cle,2025,0
BrowTo01,Tony Brown,cle,2025,0
BushDe01,Devin Bush Jr.,cle,2025,0
,Sal Cannella,cle,2025,0
CartDe02,DeAndre Carter,cle,2025,0
CoheJa00,Javion Cohen,cle,2025,0
CollMa00,Maliek Collins,cle,2025,0
ConkJa00,Jack Conklin,cle,2025,0
CotaCh00,Chase Cota,cle,2025,0
DaviKa02,Kaden Davis,cle,2025,0
DelpGr00,Grant Delpit,cle,2025,0
DiabMo00,Mohamoud Diabate,cle,2025,0
EdmoCh01,Chris Edmonds,cle,2025,0
FannHa00,Harold Fannin,cle,2025,0
FlacJo00,Joe Flacco,cle,2025,0
,Luke Floriea,cle,2025,0
FordJe00,Jerome Ford,cle,2025,0
GabrDi00,Dillon Gabriel,cle,2025,0
GarrMy00,Myles Garrett,cle,2025,0
GrahMa00,Mason Graham,cle,2025,0
GutiSe00,Sebastian Gutierrez,cle,2025,0
HairTr00,Troy Hairston,cle,2025,0
HardMy00,Myles Harden,cle,2025,0
HarrSh00,Shelby Harris,cle,2025,0
HenrKJ00,K.J. Henry,cle,2025,0
HickRo00,Ronnie Hickman,cle,2025,0
HollRa00,Ralph Holley,cle,2025,0
HopkDu00,Dustin Hopkins,cle,2025,0
,Adin Huntington,cle,2025,0
IsaaKe00,Keenan Isaac,cle,2025,0
,Jason Ivey,cle,2025,0
,LaMareon James,cle,2025,0
JenkRa00,Rayshawn Jenkins,cle,2025,0
JenkTe00,Teven Jenkins,cle,2025,0
JeudJe00,Jerry Jeudy,cle,2025,0
JohnDi01,Diontae Johnson,cle,2025,0
,Kisean Johnson,cle,2025,0
JoneDa07,Dawand Jones,cle,2025,0
,Dom Jones,cle,2025,0
KamaSa00,Sam Kamara,cle,2025,0
KazeDa00,Damontae Kazee,cle,2025,0
KendAn00,Anthony Kendall,cle,2025,0
,Gage Larvadain,cle,2025,0
LucaCo01,Cornelius Lucas,cle,2025,0
,Ahmani Marshall,cle,2025,0
,Easton Mascarenas-Arnold,cle,2025,0
,Brent Matiscik,cle,2025,0
MbaeRo00,Roy Mbaeteka,cle,2025,0
,Cade McDonald,cle,2025,0
McGuIs00,Isaiah McGuire,cle,2025,0
McMiDo00,Donovan McMillon,cle,2025,0
MitcCa01,Cameron Mitchell,cle,2025,0
NeedNi00,Nik Needham,cle,2025,0
NewsGr00,Greg Newsome II,cle,2025,0
NjokDa00,David Njoku,cle,2025,0
OkwaJu00,Julian Okwara,cle,2025,0
PearJu00,Julian Pearl,cle,2025,0
PickKe00,Kenny Pickett,cle,2025,0
PociEt00,Ethan Pocic,cle,2025,0
ReidWi01,Winston Reid,cle,2025,0
SampDy00,Dylan Sampson,cle,2025,0
SandSh00,Shedeur Sanders,cle,2025,0
SchwCa00,Carson Schwesinger,cle,2025,0
StroPi00,Pierre Strong,cle,2025,0
SunaRe00,Rex Sunahara,cle,2025,0
SzmyAn00,Andre Szmyt,cle,2025,0
,Toa Taua,cle,2025,0
TellWy00,Wyatt Teller,cle,2025,0
ThomCa03,Cameron Thomas,cle,2025,0
ThomLo01,Lorenzo Thompson,cle,2025,0
ThraJa01,Jamari Thrash,cle,2025,0
TillCe01,Cedric Tillman,cle,2025,0
,Dartanyan Tinsley,cle,2025,0
TryoJo00,Joe Tryon-Shoyinka,cle,2025,0
WardDe02,Denzel Ward,cle,2025,0
WatsNa00,Nathaniel Watson,cle,2025,0
WhitBl01,Blake Whiteheart,cle,2025,0
WillBu00,Bucky Williams,cle,2025,0
WrigAl01,Alex Wright,cle,2025,0
,Winston Wright,cle,2025,0
WyplLu00,Luke Wypler,cle,2025,0
ZintZa00,Zak Zinter,cle,2025,0
HallMi00,Michael Hall (PUP),cle,2025,0
OwusJe00,Jeremiah Owusu-Koramoah (PUP),cle,2025,0
WatsDe00,Deshaun Watson (PUP),cle,2025,0
BellDa02,David Bell (NON),cle,2025,0
EmerMa00,Martin Emerson (IR),cle,2025,0
WoodMi00,Michael Woods II (IR),cle,2025,0
AdebAd00,Adetomiwa Adebawore,clt,2025,0
AhmeSa01,Salvon Ahmed,clt,2025,0
AjiaAu00,Austin Ajiake,clt,2025,0
AjouAj00,Ajou Ajou,clt,2025,0
AlieMo00,Mo Alie-Cox,clt,2025,0
AndeLi00,Liam Anderson,clt,2025,0
BachJo01,Joe Bachie,clt,2025,0
BeanJa00,Jason Bean,clt,2025,0
BentUl00,Ulysses Bentley,clt,2025,0
BortTa00,Tanor Bortolini,clt,2025,0
BrenJu00,Julius Brents,clt,2025,0
BuckDe00,DeForest Buckner,clt,2025,0
BynuCa00,Camryn Bynum,clt,2025,0
CarlJa01,Jaylon Carlies,clt,2025,0
CrosNi00,Nick Cross,clt,2025,0
,Devonta Davis,clt,2025,0
,Solomon DeShields,clt,2025,0
DownJo00,Josh Downs,clt,2025,0
DuliAs00,Ashton Dulin,clt,2025,0
EbukSa00,Samson Ebukam,clt,2025,0
,Johnathan Edwards,clt,2025,0
,Marshall Foerner,clt,2025,0
FranZa00,Zaire Franklin,clt,2025,0
FreeBl00,Blake Freeland,clt,2025,0
FrenWe00,Wesley French,clt,2025,0
GallNe00,Neville Gallimore,clt,2025,0
GiddDJ00,DJ Giddens,clt,2025,0
GoncMa00,Matt Goncalves,clt,2025,0
GoodTy00,Tyler Goodson,clt,2025,0
GoulAn00,Anthony Gould,clt,2025,0
HerbKh00,Khalil Herbert,clt,2025,0
HernTr00,Tre Herndon,clt,2025,0
JohnAl02,Alex Johnson,clt,2025,0
JohnEr01,Eric Johnson,clt,2025,0
JoneDa05,Daniel Jones,clt,2025,0
JoneJa13,Jaylon Jones,clt,2025,0
,Tyler Kahmann,clt,2025,0
LammCh00,Chris Lammons,clt,2025,0
LandIs00,Isaiah Land,clt,2025,0
LatuLa00,Laiatu Latu,clt,2025,0
LeonRi02,Riley Leonard,clt,2025,0
LewiTy00,Tyquan Lewis,clt,2025,0
,Desmond Little,clt,2025,0
MallWi00,Will Mallory,clt,2025,0
,Max Mang,clt,2025,0
McGrCa00,Cameron McGrone,clt,2025,0
McKeSe01,Sean McKeon,clt,2025,0
MitcAd00,Adonai Mitchell,clt,2025,0
MontDJ01,D.J. Montgomery,clt,2025,0
MoorKe03,Kenny Moore,clt,2025,0
NchaDu00,Durell Nchami,clt,2025,0
NelsQu00,Quenton Nelson,clt,2025,0
OgleAn00,Andrew Ogletree,clt,2025,0
OlubSe00,Segun Olubi,clt,2025,0
,Coleman Owen,clt,2025,0
,Landon Parker,clt,2025,0
PayeKw00,Kwity Paye,clt,2025,0
PhilJa01,Jacob Phillips,clt,2025,0
PierAl00,Alec Pierce,clt,2025,0
PintDa00,Danny Pinter,clt,2025,0
PittMi01,Michael Pittman Jr.,clt,2025,0
RaimBe00,Bernhard Raimann,clt,2025,0
RhodLu00,Luke Rhodes,clt,2025,0
RichAn03,Anthony Richardson,clt,2025,0
SancRi00,Rigoberto Sanchez,clt,2025,0
ScotDa03,Daniel Scott,clt,2025,0
ShelDu00,Duke Shelley,clt,2025,0
ShraSp00,Spencer Shrader,clt,2025,0
SillJo00,Josh Sills,clt,2025,0
SmitBr06,Braden Smith,clt,2025,0
SmitTi02,Tim Smith,clt,2025,0
StewGr00,Grover Stewart,clt,2025,0
,Blayne Taylor,clt,2025,0
TaylJo02,Jonathan Taylor,clt,2025,0
,Ladarius Tennison,clt,2025,0
TenuLu00,Luke Tenuta,clt,2025,0
ThomRo07,Rodney Thomas II,clt,2025,0
TravJa00,Jalen Travis,clt,2025,0
TreaLa00,Laquon Treadwell,clt,2025,0
,Maddux Trujillo,clt,2025,0
TuckDa00,Dalton Tucker,clt,2025,0
TuimJT00,JT Tuimoloau,clt,2025,0
TupoJo00,Josh Tupou,clt,2025,0
VavaMo00,Mose Vavao,clt,2025,0
WallJu00,Justin Walley,clt,2025,0
WardCh01,Charvarius Ward,clt,2025,0
WarrTy00,Tyler Warren,clt,2025,0
,Trey Washington,clt,2025,0
WohlHu00,Hunter Wohler,clt,2025,0
WomaSa00,Samuel Womack,clt,2025,0
WoodJe01,Jelani Woods,clt,2025,0
LongDa02,David Long (IR),clt,2025,0
WilsJa01,Jack Wilson (IR),clt,2025,0
AlleBr00,Brandon Allen,oti,2025,0
AyomEl00,Elic Ayomanor,oti,2025,0
BakeDa02,Darrell Baker,oti,2025,0
BartCo00,Cody Barton,oti,2025,0
,Philip Blidi,oti,2025,0
BoylTi00,Tim Boyle,oti,2025,0
BrewCh01,Chandler Brewer,oti,2025,0
BrooKe02,Kendell Brooks,oti,2025,0
BrowMi02,Mike Brown,oti,2025,0
BrowJa09,Jarvis Brownlee,oti,2025,0
BurnAm00,Amari Burney,oti,2025,0
ChesJu00,Julius Chestnut,oti,2025,0
CoxxMo00,Morgan Cox,oti,2025,0
CrenBr00,Brandon Crenshaw-Dickson,oti,2025,0
,Drake Dabney,oti,2025,0
DikeCh00,Chimere Dike,oti,2025,0
DuncJa00,Jaelyn Duncan,oti,2025,0
EvanDe01,Desmond Evans,oti,2025,0
GayeAl01,Ali Gaye,oti,2025,0
GbenDa00,David Gbenda,oti,2025,0
GrayCe00,Cedric Gray,oti,2025,0
HancBl00,Blake Hance,oti,2025,0
HarrJa05,Jaylen Harrell,oti,2025,0
HarrJe03,Jermari Harris,oti,2025,0
HarrMa10,Marcus Harris,oti,2025,0
HekkJo00,Johnny Hekker,oti,2025,0
HelmGu00,Gunnar Helm,oti,2025,0
HookAm00,Amani Hooker,oti,2025,0
HornTi00,Timmy Horne,oti,2025,0
HorsCa00,Cam Horsley,oti,2025,0
JackJh00,Jha'Quan Jackson,oti,2025,0
JacoCu00,Curtis Jacobs,oti,2025,0
JaimBr00,Brenden Jaimes,oti,2025,0
JeffJe00,Jermar Jefferson,oti,2025,0
JeffVa00,Van Jefferson,oti,2025,0
JeudGa00,Gabe Jeudy-Lally,oti,2025,0
JoneDr00,Dre'Mont Jones,oti,2025,0
JoseSe00,Sebastian Joseph-Day,oti,2025,0
KeyxAr00,Arden Key,oti,2025,0
KeytRa00,Ramel Keyton,oti,2025,0
KimbJa00,Jalen Kimber,oti,2025,0
KinsMa00,Mason Kinsey,oti,2025,0
LandMa00,Matt Landers,oti,2025,0
LathJC00,JC Latham,oti,2025,0
LeoxTi00,Titus Leo,oti,2025,0
LeviCo00,Corey Levin,oti,2025,0
LewiCl00,Clarence Lewis,oti,2025,0
LockTy00,Tyler Lockett,oti,2025,0
LyncJa00,James Lynch,oti,2025,0
MartDa01,David Martin-Robinson,oti,2025,0
McCrRo01,Roger McCreary,oti,2025,0
MimsJo00,Jordan Mims,oti,2025,0
MoorDa05,Dan Moore,oti,2025,0
MullKa00,Kalel Mullings,oti,2025,0
MustSa01,Sam Mustipher,oti,2025,0
,Devonte O'Malley,oti,2025,0
OdukTh00,Thomas Odukoya,oti,2025,0
OjukJo00,John Ojukwu,oti,2025,0
OkonCh00,Chigoziem Okonkwo,oti,2025,0
OladOl00,Oluwafemi Oladejo,oti,2025,0
OlivBr02,Bryce Oliver,oti,2025,0
OrjiAn00,Anfernee Orji,oti,2025,0
OruwAm00,Amani Oruwariye,oti,2025,0
PerrMa01,Mark Perry,oti,2025,0
PollTo00,Tony Pollard,oti,2025,0
ProcJa00,James Proche,oti,2025,0
,Isaiah Raikes,oti,2025,0
ReesOt00,Otis Reese,oti,2025,0
RestXa00,Xavier Restrepo,oti,2025,0
RidlCa00,Calvin Ridley,oti,2025,0
,Davion Ross,oti,2025,0
RupcAn00,Andrew Rupcich,oti,2025,0
,TJ Sheffield,oti,2025,0
SimmJe01,Jeffery Simmons,oti,2025,0
SkorPe00,Peter Skoronski,oti,2025,0
SlatJa01,Jackson Slater,oti,2025,0
SlyeJo00,Joey Slye,oti,2025,0
SpeaTy00,Tyjae Spears,oti,2025,0
SweaTV01,T'Vondre Sweat,oti,2025,0
UdohOl01,Oli Udoh,oti,2025,0
WardCa00,Cam Ward,oti,2025,0
WardJi02,Jihad Ward,oti,2025,0
WatkCa00,Carlos Watkins,oti,2025,0
WhylJo01,Josh Whyle,oti,2025,0
WillJa15,James Williams,oti,2025,0
WinsKe02,Kevin Winston,oti,2025,0
WoodJu00,Julius Wood,oti,2025,0
WoodXa00,Xavier Woods,oti,2025,0
ZeitKe00,Kevin Zeitler,oti,2025,0
CushLl00,Lloyd Cushenberry III (PUP),oti,2025,0
SneeLJ00,L'Jarius Sneed (PUP),oti,2025,0
BurkTr00,Treylon Burks (IR),oti,2025,0
LeviWi00,Will Levis (IR),oti,2025,0
AdamTo03,Tony Adams,nyj,2025,0
AlleBr05,Braelon Allen,nyj,2025,0
BarnZa00,Zaire Barnes,nyj,2025,0
BaroTy00,Tyler Baron,nyj,2025,0
BeckAn01,Andrew Beck,nyj,2025,0
BernJa01,Jarrick Bernard-Converse,nyj,2025,0
BoydKr00,Kris Boyd,nyj,2025,0
CartMi02,Michael Carter II,nyj,2025,0
CiscAn00,Andre Cisco,nyj,2025,0
,Dean Clark,nyj,2025,0
,Jordan Clark,nyj,2025,0
ClemMi03,Micheal Clemons,nyj,2025,0
CookBr03,Brady Cook,nyj,2025,0
CoopBu00,Bump Cooper,nyj,2025,0
CorlMa00,Malachi Corley,nyj,2025,0
CowaBy00,Byron Cowart,nyj,2025,0
DaviIs00,Isaiah Davis,nyj,2025,0
DaviJa11,Jamin Davis,nyj,2025,0
EdwaDo01,Donovan Edwards,nyj,2025,0
FashOl00,Olumuyiwa Fashanu,nyj,2025,0
FielJu00,Justin Fields,nyj,2025,0
,Michael Fletcher,nyj,2025,0
FolkNi20,Nick Folk,nyj,2025,0
FornLi00,Liam Fornadel,nyj,2025,0
GardSa00,Sauce Gardner,nyj,2025,0
GipsXa00,Xavier Gipson,nyj,2025,0
GoodMa02,Mario Goodrich,nyj,2025,0
HallBr03,Breece Hall,nyj,2025,0
HayeMa00,Marquis Hayes,nyj,2025,0
HectBr00,Bruce Hector,nyj,2025,0
HennTh00,Thomas Hennessy,nyj,2025,0
,Samuel Jackson,nyj,2025,0
JohnNe00,Neal Johnson,nyj,2025,0
JohnTy00,Tyler Johnson,nyj,2025,0
JonaKi00,Kingsley Jonathan,nyj,2025,0
KnigZo00,Zonovan Knight,nyj,2025,0
KuntZa00,Zack Kuntz,nyj,2025,0
LazaAl00,Allen Lazard,nyj,2025,0
LevaKo00,Kohl Levao,nyj,2025,0
MartAd00,Adrian Martinez,nyj,2025,0
MathPh00,Phidarian Mathis,nyj,2025,0
MauiFr00,Francisco Mauigoa,nyj,2025,0
McCaTa00,Tanner McCalister,nyj,2025,0
McCrMa01,Marcelino McCrary-Ball,nyj,2025,0
McDoWi00,Will McDonald,nyj,2025,0
McGrBr00,Braiden McGregor,nyj,2025,0
McNaAu00,Austin McNamara,nyj,2025,0
MembAr00,Armand Membou,nyj,2025,0
MeviHa00,Harrison Mevis,nyj,2025,0
MillDy00,Dymere Miller,nyj,2025,0
MitcMa02,Max Mitchell,nyj,2025,0
MonrJa00,Jarius Monroe,nyj,2025,0
MoorMa04,Malachi Moore,nyj,2025,0
,Fatorma Mulbah,nyj,2025,0
MyerJo00,Josh Myers,nyj,2025,0
NewmXa00,Xavier Newman-Johnson,nyj,2025,0
NnadDe00,Derrick Nnadi,nyj,2025,0
NwanKe00,Kene Nwangwu,nyj,2025,0
OkorCh00,Chukwuma Okorafor,nyj,2025,0
OlivIs00,Isaiah Oliver,nyj,2025,0
,Payton Page,nyj,2025,0
PritJa00,Jamaal Pritchett,nyj,2025,0
ReynJo00,Josh Reynolds,nyj,2025,0
RuckJe00,Jeremy Ruckert,nyj,2025,0
SherJa00,Jamien Sherwood,nyj,2025,0
SimpJo00,John Simpson,nyj,2025,0
SirmJa00,Jackson Sirmon,nyj,2025,0
SkinQu00,Quentin Skinner,nyj,2025,0
SmarSt00,Stone Smartt,nyj,2025,0
SmitAa00,Aaron Smith,nyj,2025,0
SmitAr01,Arian Smith,nyj,2025,0
SmitBr07,Brandon Smith,nyj,2025,0
StepBr01,Brandon Stephens,nyj,2025,0
StigQw00,Qwan'tez Stiggers,nyj,2025,0
TaylLe01,Leonard Taylor,nyj,2025,0
TaylMa02,Mason Taylor,nyj,2025,0
TaylTy00,Tyrod Taylor,nyj,2025,0
ThomAz00,Azareye'h Thomas,nyj,2025,0
TippJo00,Joe Tippmann,nyj,2025,0
,Lawrance Toafili,nyj,2025,0
TufeJa00,Jay Tufele,nyj,2025,0
VeraAl00,Alijah Vera-Tucker,nyj,2025,0
WarrCa00,Carter Warren,nyj,2025,0
WattEr00,Eric Watts,nyj,2025,0
WeavRa00,Rashad Weaver,nyj,2025,0
,Ja'Markis Weston,nyj,2025,0
,Leander Wiegand,nyj,2025,0
WillQu01,Quincy Williams,nyj,2025,0
WillQu00,Quinnen Williams,nyj,2025,0
WilsGa00,Garrett Wilson,nyj,2025,0
WilsPo00,Pokey Wilson,nyj,2025,0
CharIr00,Irvin Charles (PUP),nyj,2025,0
JohnJe07,Jermaine Johnson II (PUP),nyj,2025,0
HartGu00,Gus Hartwig (IR),nyj,2025,0
AlShAz00,Azeez Al-Shaair,htx,2025,0
AndeWi01,Will Anderson,htx,2025,0
AndrJa00,Jake Andrews,htx,2025,0
ArneDa00,Damon Arnette,htx,2025,0
BerrBr00,Braxton Berrios,htx,2025,0
BrinAu00,Austin Brinkman,htx,2025,0
BrooBr01,British Brooks,htx,2025,0
BryaMy01,Myles Bryant,htx,2025,0
BullCa00,Calen Bullock,htx,2025,0
ByrdSo00,Solomon Byrd,htx,2025,0
ChubNi00,Nick Chubb,htx,2025,0
CollNi00,Nico Collins,htx,2025,0
CoxxEl00,Eli Cox,htx,2025,0
DaviMa01,Marlon Davidson,htx,2025,0
DecuAu00,Austin Deculus,htx,2025,0
EdwaMa01,Mario Edwards,htx,2025,0
ErseAi00,Aireontae Ersery,htx,2025,0
FairKa01,Ka'imi Fairbairn,htx,2025,0
FishBl00,Blake Fisher,htx,2025,0
GardCh00,C.J. Gardner-Johnson,htx,2025,0
HansJa01,Jake Hansen,htx,2025,0
HarrCh06,Christian Harris,htx,2025,0
HendLa00,LaDarius Henderson,htx,2025,0
HiggJa00,Jayden Higgins,htx,2025,0
HillJa02,Jamal Hill,htx,2025,0
HortDy00,Dylan Horton,htx,2025,0
HowaTy00,Tytus Howard,htx,2025,0
HuntDa01,Danielle Hunter,htx,2025,0
HutcXa00,Xavier Hutchinson,htx,2025,0
IngrEd00,Ed Ingram,htx,2025,0
JackDa03,Daniel Jackson,htx,2025,0
JohnJa12,Jakob Johnson,htx,2025,0
JohnJo12,Johnny Johnson,htx,2025,0
JohnXa00,Xavier Johnson,htx,2025,0
JordBr00,Brevin Jordan,htx,2025,0
JordJa00,Jawhar Jordan,htx,2025,0
KirkCh01,Christian Kirk,htx,2025,0
LachLu00,Luke Lachey,htx,2025,0
LassKa00,Kamari Lassiter,htx,2025,0
MarkWo00,Woody Marks,htx,2025,0
MaulAr00,Arthur Maulet,htx,2025,0
MertGr00,Graham Mertz,htx,2025,0
MetcJo00,John Metchie,htx,2025,0
MillDa02,Davis Mills,htx,2025,0
NiemNi00,Nick Niemann,htx,2025,0
NoelJa00,Jaylin Noel,htx,2025,0
OgunDa00,Dare Ogunbowale,htx,2025,0
,K.C. Ossai,htx,2025,0
PattJa03,Jarrett Patterson,htx,2025,0
PitrJa00,Jalen Pitre,htx,2025,0
RankSh00,Sheldon Rankins,htx,2025,0
ReedJa04,Jaylen Reed,htx,2025,0
RobiCa00,Cam Robinson,htx,2025,0
RossDA03,D'Angelo Ross,htx,2025,0
SchuDa00,Dalton Schultz,htx,2025,0
ScruJu00,Juice Scruggs,htx,2025,0
SettTi00,Tim Settle,htx,2025,0
SlovKe00,Kedon Slovis,htx,2025,0
SmitIr01,Irv Smith Jr.,htx,2025,0
SmitJa11,Jaylin Smith,htx,2025,0
SmitTr04,Tremon Smith,htx,2025,0
SpeeEJ00,E.J. Speed,htx,2025,0
StewM.00,M.J. Stewart,htx,2025,0
StinDe00,Derek Stingley Jr.,htx,2025,0
StovCa00,Cade Stover,htx,2025,0
StroCJ00,C.J. Stroud,htx,2025,0
,Junior Tafuna,htx,2025,0
TaylDa00,Darrell Taylor,htx,2025,0
TaylJJ01,J.J. Taylor,htx,2025,0
ThomJa05,Jaylon Thomas,htx,2025,0
ThomZa04,Zachary Thomas,htx,2025,0
TooTHe00,Henry To'oTo'o,htx,2025,0
TogiTo00,Tommy Togiai,htx,2025,0
TomlLa01,Laken Tomlinson,htx,2025,0
ToohCa00,Casey Toohill,htx,2025,0
TownTo01,Tommy Townsend,htx,2025,0
WatsJu01,Justin Watson,htx,2025,0
WaynJa01,Jared Wayne,htx,2025,0
,Jackson Woodard,htx,2025,0
YeasRu00,Russ Yeast,htx,2025,0
AutrDe00,Denico Autry (PUP),htx,2025,0
BarnDe01,Derek Barnett (PUP),htx,2025,0
BrowTr02,Trent Brown (PUP),htx,2025,0
DellNa00,Tank Dell (PUP),htx,2025,0
FatuFo00,Folorunso Fatukasi (PUP),htx,2025,0
HiniKu00,Kurt Hinish (PUP),htx,2025,0
PierDa01,Dameon Pierce (PUP),htx,2025,0
WardJi01,Jimmie Ward (PUP),htx,2025,0
MixoJo00,Joe Mixon (NON),htx,2025,0
HamiKy01,Kyonte Hamilton (IR),htx,2025,0
BankEr00,Eric Banks,tam,2025,0
BartGr00,Graham Barton,tam,2025,0
,Connor Bazelak,tam,2025,0
BrasCh01,Chris Braswell,tam,2025,0
BredBe00,Ben Bredeson,tam,2025,0
BrewCJ00,C.J. Brewer,tam,2025,0
,John Bullock,tam,2025,0
,Benjamin Chukwuma,tam,2025,0
,Ryan Coe,tam,2025,0
CulpDe00,Devin Culp,tam,2025,0
DaviLa00,Lavonte David,tam,2025,0
DeanJa00,Jamel Dean,tam,2025,0
DeckEv00,Evan Deckers,tam,2025,0
DennSi00,SirVocea Dennis,tam,2025,0
DiabYa00,YaYa Diaby,tam,2025,0
DixoRi00,Riley Dixon,tam,2025,0
DurhPa00,Payne Durham,tam,2025,0
EgbuEm01,Emeka Egbuka,tam,2025,0
EvanMi00,Mike Evans,tam,2025,0
FundTy00,Tyrek Funderburk,tam,2025,0
GainGr00,Greg Gaines,tam,2025,0
GoedLu00,Luke Goedeke,tam,2025,0
GotsAd00,Adam Gotsis,tam,2025,0
GreeGa03,Garrett Greene,tam,2025,0
GreeMi01,Mike Greene,tam,2025,0
GrieAn00,Antonio Grier,tam,2025,0
HaggLu00,Luke Haggard,tam,2025,0
HallBr02,Bryce Hall,tam,2025,0
HallLo00,Logan Hall,tam,2025,0
HarrJa03,Jacob Harris,tam,2025,0
HayeJo01,Josh Hayes,tam,2025,0
HeckCh00,Charlie Heck,tam,2025,0
HousDe01,Dennis Houston,tam,2025,0
HutmNa00,Nash Hutmacher,tam,2025,0
IrviBu00,Bucky Irving,tam,2025,0
IzieCh00,Christian Izien,tam,2025,0
,Dvon J-Thomas,tam,2025,0
JackNi00,Nick Jackson,tam,2025,0
JarrRa00,Rakim Jarrett,tam,2025,0
JohnKa01,Kameron Johnson,tam,2025,0
JohnTe03,Tez Johnson,tam,2025,0
JoneDe01,Deion Jones,tam,2025,0
JordMi01,Michael Jordan,tam,2025,0
JuliJa01,Jake Julien,tam,2025,0
KancCa00,Calijah Kancey,tam,2025,0
KiefKo00,Ko Kieft,tam,2025,0
KleiEl00,Elijah Klein,tam,2025,0
MajoJa00,Jake Majors,tam,2025,0
MaucCo00,Cody Mauch,tam,2025,0
MayfBa00,Baker Mayfield,tam,2025,0
McCoZy02,Zyon McCollum,tam,2025,0
McLaCh00,Chase McLaughlin,tam,2025,0
McLeTy00,Tyler McLellan,tam,2025,0
McMiJa01,Jalen McMillan,tam,2025,0
MerrKa00,Kaevon Merriweather,tam,2025,0
MillRy01,Ryan Miller,tam,2025,0
MorrBe00,Benjamin Morrison,tam,2025,0
NelsAn01,Anthony Nelson,tam,2025,0
ONeaRa00,Raiqwon O'Neal,tam,2025,0
OttoCa00,Cade Otton,tam,2025,0
PalmTr00,Trey Palmer,tam,2025,0
,Roman Parodie,tam,2025,0
ParrJa01,Jacob Parrish,tam,2025,0
,Warren Peeples,tam,2025,0
RamiJo00,Jose Ramirez,tam,2025,0
ReddHa00,Haason Reddick,tam,2025,0
RobeEl01,Elijah Roberts,tam,2025,0
,JJ Roberts,tam,2025,0
SandSh01,Shilo Sanders,tam,2025,0
,Ben Scott,tam,2025,0
ShepSt00,Sterling Shepard,tam,2025,0
,Jaden Smith,tam,2025,0
SmitTy05,Tykee Smith,tam,2025,0
TaulTa00,Tanner Taula,tam,2025,0
TrasKy00,Kyle Trask,tam,2025,0
TuckSe00,Sean Tucker,tam,2025,0
VeaxVi00,Vita Vea,tam,2025,0
VildKi00,Kindle Vildor,tam,2025,0
WattMa00,Markees Watts,tam,2025,0
WhitRa01,Rachaad White,tam,2025,0
WillJo011,Josh Williams,tam,2025,0
WinfAn00,Antoine Winfield Jr.,tam,2025,0
WisdRa00,Rashad Wisdom,tam,2025,0
WrigOw00,Owen Wright,tam,2025,0
DzanSi00,Silas Dzansi (PUP),tam,2025,0
GodwCh00,Chris Godwin (PUP),tam,2025,0
OpetIo00,Sua Opeta (PUP),tam,2025,0
PratMi00,Michael Pratt (PUP),tam,2025,0
WirfTr00,Tristan Wirfs (PUP),tam,2025,0
WalkAn01,Anthony Walker (NON),tam,2025,0
BankMa00,Marcus Banks (IR),tam,2025,0
WalkDa03,David Walker (IR),tam,2025,0
WillDJ00,D.J. Williams (IR),tam,2025,0
AchaDe00,De'Von Achane,mia,2025,0
AdamBr00,Brandon Adams,mia,2025,0
,Andrew Armstrong,mia,2025,0
ArmsCo00,Cornell Armstrong,mia,2025,0
,Eugene Asante,mia,2025,0
BailJa00,Jake Bailey,mia,2025,0
,Monaray Baldwin,mia,2025,0
BellQu00,Quinton Bell,mia,2025,0
BiggZe01,Zeek Biggers,mia,2025,0
BlacTa00,Tarik Black,mia,2025,0
BonnEt00,Ethan Bonner,mia,2025,0
BoroLa00,Larry Borom,mia,2025,0
BrewAa01,Aaron Brewer,mia,2025,0
BritKJ00,K.J. Britt,mia,2025,0
BrooJo01,Jordyn Brooks,mia,2025,0
BrowPh01,Pharaoh Brown,mia,2025,0
BrunDa00,Daniel Brunskill,mia,2025,0
ButlMa02,Matthew Butler,mia,2025,0
CampEl00,Elijah Campbell,mia,2025,0
CardJo00,Joe Cardona,mia,2025,0
CarmJa00,Jackson Carman,mia,2025,0
ChubBr00,Bradley Chubb,mia,2025,0
ColbJo00,Jordan Colbert,mia,2025,0
ConnTa00,Tanner Conner,mia,2025,0
ConyJa00,Jalin Conyers,mia,2025,0
DaniBr00,Braeden Daniels,mia,2025,0
DaniJa01,James Daniels,mia,2025,0
DaviAs00,Ashtyn Davis,mia,2025,0
DickMa00,Matt Dickerson,mia,2025,0
DodsTy01,Tyrel Dodson,mia,2025,0
DuckSt00,Storm Duck,mia,2025,0
EskrDW00,D'Wayne Eskridge,mia,2025,0
EwerQu00,Quinn Ewers,mia,2025,0
EzukEr00,Erik Ezukanma,mia,2025,0
FitzMi00,Minkah Fitzpatrick,mia,2025,0
,Brett Gabbert,mia,2025,0
GayJWi00,Willie Gay Jr.,mia,2025,0
GoodCa00,Cameron Goode,mia,2025,0
GordOl00,Ollie Gordon,mia,2025,0
GranKe01,Kenneth Grant,mia,2025,0
HayeRy00,Ryan Hayes,mia,2025,0
,AJ Henning,mia,2025,0
HillJu02,Julian Hill,mia,2025,0
HillTy00,Tyreek Hill,mia,2025,0
HiltMi01,Mike Hilton,mia,2025,0
,Alex Huntley,mia,2025,0
IngoAl01,Alec Ingold,mia,2025,0
JackAu00,Austin Jackson,mia,2025,0
JackDe03,Dequan Jackson,mia,2025,0
JohnIs03,Isaiah Johnson,mia,2025,0
JoneBe03,Benito Jones,mia,2025,0
JoneJa10,Jack Jones,mia,2025,0
KamaMo00,Mohamed Kamara,mia,2025,0
MarsJa00,Jason Marshall,mia,2025,0
MatoBa00,Bayron Matos,mia,2025,0
MattAl01,Alexander Mattison,mia,2025,0
McKeJa00,Jalen McKenzie,mia,2025,0
McLeDe00,Derrick McLendon,mia,2025,0
McMoPa00,Patrick McMorris,mia,2025,0
MeyeAn00,Andrew Meyer,mia,2025,0
MurpGr00,Grayson Murphy,mia,2025,0
PaulPa01,Patrick Paul,mia,2025,0
PhilJa02,Jaelan Phillips,mia,2025,0
PhilJo02,Jordan Phillips,mia,2025,0
PrieJo00,Josh Priebe,mia,2025,0
RobiCh00,Chop Robinson,mia,2025,0
,Ethan Robinson,mia,2025,0
RuccHa00,Hayden Rucci,mia,2025,0
SandJa00,Jason Sanders,mia,2025,0
,John Saunders,mia,2025,0
SavaJo00,Jonah Savaiinaea,mia,2025,0
ShefKe00,Kendall Sheffield,mia,2025,0
SielZa00,Zach Sieler,mia,2025,0
SmitCa02,Cam Smith,mia,2025,0
SmitKi00,Kion Smith,mia,2025,0
StilBe00,Ben Stille,mia,2025,0
StonRy00,Ryan Stonehouse,mia,2025,0
TagoTu00,Tua Tagovailoa,mia,2025,0
TindCh00,Channing Tindall,mia,2025,0
TradDa00,Dante Trader,mia,2025,0
WaddJa00,Jaylen Waddle,mia,2025,0
WashMa00,Malik Washington,mia,2025,0
WashTa00,Tahj Washington,mia,2025,0
WeasTh00,Theo Wease,mia,2025,0
,Addison West,mia,2025,0
WestNi00,Nick Westbrook-Ikhine,mia,2025,0
WilsZa00,Zach Wilson,mia,2025,0
WrigJa04,Jaylen Wright,mia,2025,0
EichLi00,Liam Eichenberg (PUP),mia,2025,0
WallDa01,Darren Waller (PUP),mia,2025,0
MeliIf00,Ifeatu Melifonwu (NON),mia,2025,0
BurnAr00,Artie Burns (IR),mia,2025,0
EzexOb00,Obinna Eze (IR),mia,2025,0
KohoKa00,Kader Kohou (IR),mia,2025,0
MaitJa01,Jason Maitre (IR),mia,2025,0
AddiTu00,Tucker Addington,pit,2025,0
AndeCa00,Calvin Anderson,pit,2025,0
AndeSp00,Spencer Anderson,pit,2025,0
AustCa00,Calvin Austin III,pit,2025,0
BaugKy00,Kyler Baugh,pit,2025,0
BentKe00,Keeanu Benton,pit,2025,0
BishBe00,Beanie Bishop,pit,2025,0
BlacYa00,Yahya Black,pit,2025,0
BoswCh00,Chris Boswell,pit,2025,0
BroeNi00,Nick Broeker,pit,2025,0
BrueCa00,Carson Bruener,pit,2025,0
CastSe01,Sebastian Castro,pit,2025,0
ClarCh00,Chuck Clark,pit,2025,0
CookDy00,Dylan Cook,pit,2025,0
DaviDo03,Domenique Davis,pit,2025,0
EchoBr00,Brandin Echols,pit,2025,0
EkuaDa00,Daniel Ekuale,pit,2025,0
ElliDe02,DeShon Elliott,pit,2025,0
FautTr00,Troy Fautanu,pit,2025,0
FehoBr01,Breiden Fehoko,pit,2025,0
FoelKe00,Kevin Foelsch,pit,2025,0
FrazZa00,Zach Frazier,pit,2025,0
FreiPa00,Pat Freiermuth,pit,2025,0
GainKe00,Kenneth Gainwell,pit,2025,0
,JJ Galbreath,pit,2025,0
GilbZy00,Zyon Gilbert,pit,2025,0
HarmDe01,Derrick Harmon,pit,2025,0
HarpDe00,Devin Harper,pit,2025,0
HarrMa06,Malik Harrison,pit,2025,0
HerbNi00,Nick Herbig,pit,2025,0
HeywCa01,Cameron Heyward,pit,2025,0
HeywCo00,Connor Heyward,pit,2025,0
HighAl02,Alex Highsmith,pit,2025,0
HolcCo00,Cole Holcomb,pit,2025,0
HowaWi01,Will Howard,pit,2025,0
HullEv00,Evan Hull,pit,2025,0
,Max Hurleman,pit,2025,0
JamiDS00,D'Shawn Jamison,pit,2025,0
JohnBr23,Brandon Johnson,pit,2025,0
JohnKa03,Kaleb Johnson,pit,2025,0
JohnQu01,Quindell Johnson,pit,2025,0
JohnCa02,Cameron Johnston,pit,2025,0
JoneBr09,Broderick Jones,pit,2025,0
JoneSt04,Steven Jones,pit,2025,0
KentDo00,Donte Kent,pit,2025,0
KillMi00,Miles Killebrew,pit,2025,0
KuntCh02,Christian Kuntz,pit,2025,0
LealDe00,DeMarvin Leal,pit,2025,0
LeexLo00,Logan Lee,pit,2025,0
LeotEk00,Eku Leota,pit,2025,0
LoudIs00,Isaiahh Loudermilk,pit,2025,0
McCoRy00,Ryan McCollum,pit,2025,0
McCoMa00,Mason McCormick,pit,2025,0
McCuCa00,Cameron McCutcheon,pit,2025,0
McCuLa01,Lance McCutcheon,pit,2025,0
McMiKy00,Kyler McMichael,pit,2025,0
MetcDK00,D.K. Metcalf,pit,2025,0
MillSc01,Scott Miller,pit,2025,0
NestDo02,Doug Nester,pit,2025,0
NichLe00,Lew Nichols,pit,2025,0
OtomEs00,Esezi Otomewo,pit,2025,0
PierJa01,James Pierre,pit,2025,0
PortJo02,Joey Porter Jr.,pit,2025,0
QueePa00,Patrick Queen,pit,2025,0
RamsJa00,Jalen Ramsey,pit,2025,0
RobiMa03,Mark Robinson,pit,2025,0
RodgAa00,Aaron Rodgers,pit,2025,0
RudoMa00,Mason Rudolph,pit,2025,0
SaulBe00,Ben Sauls,pit,2025,0
SawyJa00,Jack Sawyer,pit,2025,0
SchaMa01,Max Scharping,pit,2025,0
SermTr00,Trey Sermon,pit,2025,0
SeumIs00,Isaac Seumalo,pit,2025,0
SkowBe00,Ben Skowronek,pit,2025,0
SlayDa00,Darius Slay,pit,2025,0
SmitJo01,Jonnu Smith,pit,2025,0
TaylRo02,Roc Taylor,pit,2025,0
,DJ Thomas-Jones,pit,2025,0
ThomSk00,Skylar Thompson,pit,2025,0
ThorJu00,Juan Thornhill,pit,2025,0
TricCo00,Cory Trice,pit,2025,0
WaitCo00,Corliss Waitman,pit,2025,0
WarrGa00,Gareth Warren,pit,2025,0
WarrJa01,Jaylen Warren,pit,2025,0
WashDa03,Darnell Washington,pit,2025,0
WattT.00,T.J. Watt,pit,2025,0
WelsJu00,Julius Welschof,pit,2025,0
WillAi00,Aiden Williams,pit,2025,0
,Ke'Shawn Williams,pit,2025,0
WilsPa00,Payton Wilson,pit,2025,0
WilsRo02,Roman Wilson,pit,2025,0
WoodRo02,Robert Woods,pit,2025,0
LowrDe00,Dean Lowry (IR),pit,2025,0
ParhDo00,Donald Parham (IR),pit,2025,0
,Ife Adeyi,phi,2025,0
BarkSa00,Saquon Barkley,phi,2025,0
BaunZa00,Zack Baun,phi,2025,0
BlanRe00,Reed Blankenship,phi,2025,0
BookTh00,Thomas Booker,phi,2025,0
BrowAJ00,A.J. Brown,phi,2025,0
BrowSy00,Sydney Brown,phi,2025,0
BryaHa00,Harrison Bryant,phi,2025,0
CalcGr00,Grant Calcaterra,phi,2025,0
CampJi00,Jihaad Campbell,phi,2025,0
CartJa05,Jalen Carter,phi,2025,0
CastTa00,Tariq Castro-Fields,phi,2025,0
CineLe00,Lewis Cine,phi,2025,0
CookEl00,Elijah Cooks,phi,2025,0
,Darius Cooper,phi,2025,0
DaviJo03,Jordan Davis,phi,2025,0
DeJeCo00,Cooper DeJean,phi,2025,0
DickLa00,Landon Dickerson,phi,2025,0
DillAJ00,AJ Dillon,phi,2025,0
,Lance Dixon,phi,2025,0
DotsJa00,Jahan Dotson,phi,2025,0
ElliJa03,Jake Elliott,phi,2025,0
,Joe Evans,phi,2025,0
GantDa00,Dallas Gant,phi,2025,0
GoedDa00,Dallas Goedert,phi,2025,0
GranKy00,Kylen Granson,phi,2025,0
GreeKe03,Kenyon Green,phi,2025,0
HallGa01,Gabe Hall,phi,2025,0
HintMy00,Myles Hinton,phi,2025,0
HookMa01,Maxen Hook,phi,2025,0
HughCh01,Charley Hughlett,phi,2025,0
HuntJa02,Jalyx Hunt,phi,2025,0
HurtJa00,Jalen Hurts,phi,2025,0
JackAd00,Adoree' Jackson,phi,2025,0
JackGi00,Giles Jackson,phi,2025,0
JenkEJ00,E.J. Jenkins,phi,2025,0
JohnBr23,Brandon Johnson,phi,2025,0
JohnLa01,Lane Johnson,phi,2025,0
JohnMo00,Montrell Johnson,phi,2025,0
JohnPa02,Patrick Johnson,phi,2025,0
JurgCa01,Cam Jurgens,phi,2025,0
KeegTr00,Trevor Keegan,phi,2025,0
KendDr00,Drew Kendall,phi,2025,0
KinnDa00,Darian Kinnard,phi,2025,0
LammKe00,Kendall Lamm,phi,2025,0
LatuCa01,Cameron Latu,phi,2025,0
MailJo00,Jordan Mailata,phi,2025,0
MannBr01,Braden Mann,phi,2025,0
MarsTe00,Terrace Marshall Jr.,phi,2025,0
MathOc00,Ochaun Mathis,phi,2025,0
,B.J. Mayes,phi,2025,0
McCoTr00,Tristin McCollum,phi,2025,0
McCoKy00,Kyle McCord,phi,2025,0
McKeTa01,Tanner McKee,phi,2025,0
McWiMa01,Mac McWilliams,phi,2025,0
MitcQu00,Quinyon Mitchell,phi,2025,0
MondSm01,Smael Mondon,phi,2025,0
,Taylor Morin,phi,2025,0
MukuAn00,Andrew Mukuba,phi,2025,0
MuseNi00,Nick Muse,phi,2025,0
NickPa00,Parry Nickerson,phi,2025,0
OjomMo00,Moro Ojomo,phi,2025,0
OjulAz00,Azeez Ojulari,phi,2025,0
OkorOg00,Ogbonnia Okoronkwo,phi,2025,0
PierHo00,Hollin Pierce,phi,2025,0
,ShunDerrick Powell,phi,2025,0
PoweAn00,Antwaun Powell-Ryland,phi,2025,0
PryoMa00,Matt Pryor,phi,2025,0
RickEl00,Eli Ricks,phi,2025,0
RingKe00,Kelee Ringo,phi,2025,0
RobiKe03,Keilan Robinson,phi,2025,0
RobiTy02,Ty Robinson,phi,2025,0
SamxAn00,Andre' Sam,phi,2025,0
ShipWi00,Will Shipley,phi,2025,0
SmitAi00,Ainias Smith,phi,2025,0
SmitDe07,DeVonta Smith,phi,2025,0
SmitNo02,Nolan Smith,phi,2025,0
SteeTy00,Tyler Steen,phi,2025,0
,Jacob Sykes,phi,2025,0
ThomDo02,Dorian Thompson-Robinson,phi,2025,0
TothBr00,Brett Toth,phi,2025,0
TrotJe01,Jeremiah Trotter Jr.,phi,2025,0
UcheJo00,Josh Uche,phi,2025,0
VakaLa00,Laekin Vakalahi,phi,2025,0
VanSBe00,Ben VanSumeren,phi,2025,0
WillAv02,Avery Williams,phi,2025,0
WillCa04,Cameron Williams,phi,2025,0
WilsJo03,Johnny Wilson,phi,2025,0
WoodAJ00,A.J. Woods,phi,2025,0
YounBy00,Byron Young,phi,2025,0
DeanNa00,Nakobe Dean (PUP),phi,2025,0
AbanIs00,Israel Abanikanda,gnb,2025,0
AlexDe02,Deslin Alexandre,gnb,2025,0
AndeZa02,Zayne Anderson,gnb,2025,0
,Johnathan Baldwin,gnb,2025,0
BankAa00,Aaron Banks,gnb,2025,0
,Brant Banks,gnb,2025,0
,Jared Bartlett,gnb,2025,0
BeltAn00,Anthony Belton,gnb,2025,0
BrinWa00,Warren Brinson,gnb,2025,0
BrooCh00,Chris Brooks,gnb,2025,0
BrooKa00,Karl Brooks,gnb,2025,0
BrowOm01,Omar Brown,gnb,2025,0
BrowSa01,Sam Brown,gnb,2025,0
BullJa00,Javon Bullard,gnb,2025,0
ClarKe01,Kenny Clark,gnb,2025,0
ClifSe00,Sean Clifford,gnb,2025,0
CoopEd00,Edgerrin Cooper,gnb,2025,0
,Tyler Cooper,gnb,2025,0
CoxxBr02,Brenton Cox,gnb,2025,0
DaviLJ00,LJ Davis,gnb,2025,0
DoubRo00,Romeo Doubs,gnb,2025,0
DumaJa00,Jamon Dumas-Johnson,gnb,2025,0
DunnIs00,Isaiah Dunn,gnb,2025,0
,Taylor Elgersma,gnb,2025,0
EnagKi00,Kingsley Enagbare,gnb,2025,0
EsteJa00,James Ester,gnb,2025,0
FitzJo00,John FitzPatrick,gnb,2025,0
GaryRa00,Rashan Gary,gnb,2025,0
GlovTr00,Travis Glover,gnb,2025,0
GoldMa02,Matthew Golden,gnb,2025,0
HaddKa00,Kamal Hadden,gnb,2025,0
HardMe00,Mecole Hardman,gnb,2025,0
HeatMa00,Malik Heath,gnb,2025,0
HerrTy00,Tyron Herring,gnb,2025,0
HickJu01,Julian Hicks,gnb,2025,0
HillTr03,Trey Hill,gnb,2025,0
HobbNa00,Nate Hobbs,gnb,2025,0
,Garnett Hollis,gnb,2025,0
HoppTy00,Ty'Ron Hopper,gnb,2025,0
JacoJo01,Josh Jacobs,gnb,2025,0
JenkEl00,Elgton Jenkins,gnb,2025,0
JennDo00,Donovan Jennings,gnb,2025,0
,Amar Johnson,gnb,2025,0
JohnCo02,Cornelius Johnson,gnb,2025,0
JuniGr00,Gregory Junior,gnb,2025,0
KingKa00,Kalen King,gnb,2025,0
KrafTu00,Tucker Kraft,gnb,2025,0
,J.J. Lippe,gnb,2025,0
LloyMa00,MarShawn Lloyd,gnb,2025,0
LoveJo03,Jordan Love,gnb,2025,0
LumpJo00,Johnny Lumpkin,gnb,2025,0
McDuIs00,Isaiah McDuffie,gnb,2025,0
McKiXa00,Xavier McKinney,gnb,2025,0
McMaBr01,Brandon McManus,gnb,2025,0
,Mark McNamee,gnb,2025,0
MeltBo00,Bo Melton,gnb,2025,0
MerrEl00,Ellis Merriweather,gnb,2025,0
MonkJa00,Jacob Monk,gnb,2025,0
MorgJo03,Jordan Morgan,gnb,2025,0
MosbAr00,Arron Mosby,gnb,2025,0
MusgLu00,Luke Musgrave,gnb,2025,0
NixoKe00,Keisean Nixon,gnb,2025,0
OladKi00,Kitan Oladapo,gnb,2025,0
OrzeMa00,Matthew Orzech,gnb,2025,0
RandKe01,Keith Randolph,gnb,2025,0
ReedJa03,Jayden Reed,gnb,2025,0
RhyaSe00,Sean Rhyan,gnb,2025,0
RobiMi01,Micah Robinson,gnb,2025,0
ShepWi00,Will Sheppard,gnb,2025,0
SimmIs00,Isaiah Simmons,gnb,2025,0
SimsBe00,Ben Sims,gnb,2025,0
SorrBa00,Barryn Sorrell,gnb,2025,0
StacNa00,Nazir Stackhouse,gnb,2025,0
SwinMe00,Messiah Swinson,gnb,2025,0
TelfKa00,Kadeem Telfort,gnb,2025,0
TomxZa00,Zach Tom,gnb,2025,0
ValeCa00,Carrington Valentine,gnb,2025,0
VanNLu00,Lukas Van Ness,gnb,2025,0
WalkQu00,Quay Walker,gnb,2025,0
WalkRa00,Rasheed Walker,gnb,2025,0
WelcKr00,Kristian Welch,gnb,2025,0
WhelDa00,Daniel Whelan,gnb,2025,0
WhitJa07,Jalen White,gnb,2025,0
WickDo00,Dontayvion Wicks,gnb,2025,0
WillEv00,Evan Williams,gnb,2025,0
WillSa01,Savion Williams,gnb,2025,0
WillMa12,Malik Willis,gnb,2025,0
WilsEm00,Emanuel Wilson,gnb,2025,0
WoodCo01,Colby Wooden,gnb,2025,0
WyatDe00,Devonte Wyatt,gnb,2025,0
OlivCo00,Collin Oliver (PUP),gnb,2025,0
WatsCh00,Christian Watson (PUP),gnb,2025,0
WillJo11,John Williams (PUP),gnb,2025,0
AlexMa02,Maurice Alexander,chi,2025,0
AmegKi00,Kiran Amegadjie,chi,2025,0
BageTy00,Tyson Bagent,chi,2025,0
BateRy02,Ryan Bates,chi,2025,0
BeneTh00,Theo Benedet,chi,2025,0
BillAn00,Andrew Billings,chi,2025,0
BlacJo00,Josh Blackwell,chi,2025,0
BookAu00,Austin Booker,chi,2025,0
BoykMi00,Miles Boykin,chi,2025,0
BozeSw00,Swayze Bozeman,chi,2025,0
BrisJa01,Jaquan Brisker,chi,2025,0
BurdLu00,Luther Burden,chi,2025,0
,Major Burns,chi,2025,0
ByarKe01,Kevin Byard,chi,2025,0
CarlSt00,Stephen Carlson,chi,2025,0
,Xavier Carlton,chi,2025,0
CookAl00,Alex Cook,chi,2025,0
DalmDr00,Drew Dalman,chi,2025,0
DalySc01,Scott Daly,chi,2025,0
DextGe00,Gervon Dexter,chi,2025,0
DuveDe00,Devin Duvernay,chi,2025,0
EchoPo00,Power Echols,chi,2025,0
EdmuTr01,Tremaine Edmunds,chi,2025,0
EdwaTJ02,T.J. Edwards,chi,2025,0
,Luke Elkin,chi,2025,0
FlowTr01,Tre Flowers,chi,2025,0
FordJo00,Jonathan Ford,chi,2025,0
FrazZa01,Zah Frazier,chi,2025,0
GlasCh01,Chris Glaser,chi,2025,0
GordKy00,Kyler Gordon,chi,2025,0
,Deion Hankins,chi,2025,0
HardDa01,Daniel Hardy,chi,2025,0
HickEl00,Elijah Hicks,chi,2025,0
HomeTr00,Travis Homer,chi,2025,0
HyppRu00,Ruben Hyppolite,chi,2025,0
JackJo04,John Jackson,chi,2025,0
JackJo03,Jonah Jackson,chi,2025,0
JarrGr00,Grady Jarrett,chi,2025,0
JohnRo07,Roschon Johnson,chi,2025,0
,Tysheem Johnson,chi,2025,0
JoneBr08,Braxton Jones,chi,2025,0
JoneCa05,Carl Jones,chi,2025,0
KeenCa00,Case Keenum,chi,2025,0
,Jonathan Kim,chi,2025,0
KmetCo00,Cole Kmet,chi,2025,0
KpasTa00,Tanoh Kpassagnon,chi,2025,0
KramDo00,Doug Kramer,chi,2025,0
KromJa00,Jamree Kromah,chi,2025,0
LoveCo00,Colston Loveland,chi,2025,0
McClNi00,Nick McCloud,chi,2025,0
McFaJo00,Jordan McFadden,chi,2025,0
MileJo00,Joshua Miles,chi,2025,0
MonaKy00,Kyle Monangai,chi,2025,0
MoorD.00,D.J. Moore,chi,2025,0
MurrBi00,Bill Murray,chi,2025,0
MurrJo00,Jordan Murray,chi,2025,0
NewmLu00,Luke Newman,chi,2025,0
OdeyDa00,Dayo Odeyingbo,chi,2025,0
OdunRo00,Rome Odunze,chi,2025,0
OgboAm00,Amen Ogbongbemiga,chi,2025,0
OwenJo01,Jonathan Owens,chi,2025,0
PickZa00,Zacch Pickens,chi,2025,0
ReedAu00,Austin Reed,chi,2025,0
,JP Richardson,chi,2025,0
RobiDo00,Dominique Robinson,chi,2025,0
SantCa01,Cairo Santos,chi,2025,0
ScotTy00,Tyler Scott,chi,2025,0
SeweNo00,Noah Sewell,chi,2025,0
SmitTe05,Terell Smith,chi,2025,0
SmytDu00,Durham Smythe,chi,2025,0
SpeeAm00,Ameer Speed,chi,2025,0
StevTy01,Tyrique Stevenson,chi,2025,0
StroRi01,Ricky Stromberg,chi,2025,0
SweaMo00,Montez Sweat,chi,2025,0
SwifDA00,D'Andre Swift,chi,2025,0
TaylTo01,Tory Taylor,chi,2025,0
ThunJo00,Joe Thuney,chi,2025,0
TourSa00,Samori Toure,chi,2025,0
TrapOz00,Ozzy Trapilo,chi,2025,0
TurnSh00,Shemar Turner,chi,2025,0
WadeSh00,Shaun Wade,chi,2025,0
,Jahdae Walker,chi,2025,0
WalkJe00,Jeremiah Walker,chi,2025,0
WheeIa00,Ian Wheeler,chi,2025,0
WillCa03,Caleb Williams,chi,2025,0
WillCh08,Chris Williams,chi,2025,0
WilsJo02,Joel Wilson,chi,2025,0
WrigDa00,Darnell Wright,chi,2025,0
WrigNa00,Nahshon Wright,chi,2025,0
ZaccOl01,Olamide Zaccheaus,chi,2025,0
JohnJa13,Jaylon Johnson (NON),chi,2025,0
AdenHa00,Hakeem Adeniji,dal,2025,0
AkinTo00,Tommy Akingbesote,dal,2025,0
AngeBr00,Bryan Anger,dal,2025,0
AubrBr00,Brandon Aubrey,dal,2025,0
,Justin Barron,dal,2025,0
BassTJ00,T.J. Bass,dal,2025,0
BeebCo00,Cooper Beebe,dal,2025,0
BellMa01,Markquese Bell,dal,2025,0
BlanDa00,DaRon Bland,dal,2025,0
BlueJa01,Jaydon Blue,dal,2025,0
BookTy00,Tyler Booker,dal,2025,0
BootAn00,Andrew Booth,dal,2025,0
BrooJa03,Jalen Brooks,dal,2025,0
BrowEa00,Earnest Brown IV,dal,2025,0
CarsCa01,Caelen Carson,dal,2025,0
CharSa00,Saahdiq Charles,dal,2025,0
,Zion Childress,dal,2025,0
ChriGe01,Geron Christian,dal,2025,0
ClarAl01,Alijah Clark,dal,2025,0
ClarDa02,Damone Clark,dal,2025,0
CollLa01,La'el Collins,dal,2025,0
CornAj00,Ajani Cornelius,dal,2025,0
DaxoDe00,Denzel Daxon,dal,2025,0
ElamKa00,Kaiir Elam,dal,2025,0
EzeiDo00,Donovan Ezeiruaku,dal,2025,0
FairRi00,Rivaldo Fairweather,dal,2025,0
FantPr00,Princeton Fant,dal,2025,0
FergJa00,Jake Ferguson,dal,2025,0
FlouRy00,Ryan Flournoy,dal,2025,0
FowlDa00,Dante Fowler,dal,2025,0
GoodC.00,C.J. Goodwin,dal,2025,0
GrieWi00,Will Grier,dal,2025,0
GuytTy00,Tyler Guyton,dal,2025,0
HallKe01,Kemon Hall,dal,2025,0
,Bruce Harmon,dal,2025,0
HarrDa07,Darius Harris,dal,2025,0
HoffBr00,Brock Hoffman,dal,2025,0
HoldTr00,Traeshon Holden,dal,2025,0
HookMa00,Malik Hooker,dal,2025,0
HousJa01,James Houston,dal,2025,0
JameSh00,Shemar James,dal,2025,0
JohnBu01,Buddy Johnson,dal,2025,0
JoneRo02,Robert Jones,dal,2025,0
,Josh Kelly,dal,2025,0
KneeMa00,Marshawn Kneeland,dal,2025,0
LambCe00,CeeDee Lamb,dal,2025,0
LiufMa00,Marist Liufau,dal,2025,0
LuepHu00,Hunter Luepke,dal,2025,0
MafaPh00,Phil Mafah,dal,2025,0
MattCh01,Christian Matthew,dal,2025,0
MiltJo00,Joe Milton,dal,2025,0
MingJo00,Jonathan Mingo,dal,2025,0
MoreJa01,Jalen Moreno-Cropper,dal,2025,0
MukuIs00,Israel Mukuamu,dal,2025,0
MurrKe00,Kenneth Murray,dal,2025,0
,Tyler Neville,dal,2025,0
OdigOs00,Osa Odighizuwa,dal,2025,0
ParsMi00,Micah Parsons,dal,2025,0
PickGe00,George Pickens,dal,2025,0
PresDa01,Dak Prescott,dal,2025,0
PridTr00,Troy Pride Jr.,dal,2025,0
RichAs00,Asim Richards,dal,2025,0
RochRo00,Robert Rochell,dal,2025,0
SanbJa00,Jack Sanborn,dal,2025,0
SandMi01,Miles Sanders,dal,2025,0
SchoLu00,Luke Schoonmaker,dal,2025,0
ShepDa01,Dakoda Shepley,dal,2025,0
SiegTr00,Trent Sieg,dal,2025,0
SmitMa06,Mazi Smith,dal,2025,0
,Mike Smith,dal,2025,0
SmitTy02,Tyler Smith,dal,2025,0
SpanBr00,Brevyn Spann-Ford,dal,2025,0
SteeTe01,Terence Steele,dal,2025,0
StepJo02,John Stephens,dal,2025,0
ThomJu03,Juanyeh Thomas,dal,2025,0
ThomNa01,Nathan Thomas,dal,2025,0
ThomSo00,Solomon Thomas,dal,2025,0
ToiaJa00,Jay Toia,dal,2025,0
TolbJa00,Jalen Tolbert,dal,2025,0
TurnPa02,Payton Turner,dal,2025,0
TurpKa00,KaVontae Turpin,dal,2025,0
VaugDe00,Deuce Vaughn,dal,2025,0
WheaTy02,Tyrus Wheat,dal,2025,0
WillJa10,Javonte Williams,dal,2025,0
WillSa00,Sam Williams,dal,2025,0
WilsDo01,Donovan Wilson,dal,2025,0
WinfPe00,Perrion Winfrey,dal,2025,0
ButlJo00,Josh Butler (PUP),dal,2025,0
DiggTr00,Trevon Diggs (PUP),dal,2025,0
OverDe00,DeMarvion Overshown (PUP),dal,2025,0
ReveSh00,Shavon Revel (NON),dal,2025,0
CampPa00,Parris Campbell (IR),dal,2025,0
AdamIs01,Isaiah Adams,crd,2025,0
BaccAn00,Andre Baccellia,crd,2025,0
BakeBu00,Budda Baker,crd,2025,0
BarrKy00,Kyon Barrs,crd,2025,0
BeacKe00,Kelvin Beachum,crd,2025,0
BensTr01,Trey Benson,crd,2025,0
BlouJo00,Joey Blount,crd,2025,0
BoyeEk00,Ekow Boye-Doe,crd,2025,0
BrewAa00,Aaron Brewer,crd,2025,0
BrisJa00,Jacoby Brissett,crd,2025,0
BrowEl00,Elliott Brown,crd,2025,0
BrowEv00,Evan Brown,crd,2025,0
BrowBa01,Baron Browning,crd,2025,0
BurcJo00,Jordan Burch,crd,2025,0
BurkDe01,Denzel Burke,crd,2025,0
,Jeremiah Byers,crd,2025,0
CampCa99,Calais Campbell,crd,2025,0
,Oscar Cardenas,crd,2025,0
CartMi03,Michael Carter,crd,2025,0
ClarKe02,Kei'Trel Clark,crd,2025,0
CollLJ00,L.J. Collier,crd,2025,0
CollZa00,Zaven Collins,crd,2025,0
ConnHa00,Hayden Conner,crd,2025,0
ConnJa00,James Conner,crd,2025,0
CrawKi00,Kitan Crawford,crd,2025,0
CurhJa00,Jake Curhan,crd,2025,0
CurtMc00,McClendon Curtis,crd,2025,0
DallDe00,DeeJay Dallas,crd,2025,0
DaviAk01,Akeem Davis-Gaither,crd,2025,0
DeguJo00,Josiah Deguara,crd,2025,0
DemeEm00,Emari Demercado,crd,2025,0
DortGr01,Greg Dortch,crd,2025,0
FehoSi00,Simi Fehoko,crd,2025,0
FrohHj00,Hjalte Froholdt,crd,2025,0
,Josh Fryar,crd,2025,0
GainJo00,Jon Gaines,crd,2025,0
GillBl00,Blake Gillikin,crd,2025,0
GilmSt01,Steven Gilmore,crd,2025,0
GoodAn00,Anthony Goodlow,crd,2025,0
,Bryson Green,crd,2025,0
HallDa03,Darren Hall,crd,2025,0
HarrMa09,Marvin Harrison Jr.,crd,2025,0
HaynSi00,Sincere Haynesworth,crd,2025,0
HiggEl00,Elijah Higgins,crd,2025,0
JackTr02,Trishton Jackson,crd,2025,0
,Patrick Jenkins,crd,2025,0
JohnPa03,Paris Johnson,crd,2025,0
JohnWi02,Will Johnson,crd,2025,0
JoneCh12,Christian Jones,crd,2025,0
JoneEl00,Elijah Jones,crd,2025,0
JoneJa12,Jaylon Jones,crd,2025,0
JoneJu03,Justin Jones,crd,2025,0
JoneVi00,Vi Jones,crd,2025,0
JoneZa00,Zay Jones,crd,2025,0
LeveNi00,Nick Leverett,crd,2025,0
,Keni-H Lovely,crd,2025,0
McBrTr01,Trey McBride,crd,2025,0
,Nate McCollum,crd,2025,0
MeltMa00,Max Melton,crd,2025,0
MurrKy00,Kyler Murray,crd,2025,0
MustPJ00,PJ Mustipher,crd,2025,0
NewmRo00,Royce Newman,crd,2025,0
PalmTe00,Tejhaun Palmer,crd,2025,0
PappOw00,Owen Pappoe,crd,2025,0
ReimTi00,Tip Reiman,crd,2025,0
RobiDa01,Darius Robinson,crd,2025,0
RobiJa03,Jammie Robinson,crd,2025,0
RussJJ00,J.J. Russell,crd,2025,0
RylaCh00,Chad Ryland,crd,2025,0
,Valentin Senn,crd,2025,0
SimmEl00,Elijah Simmons,crd,2025,0
SimoCo01,Cody Simon,crd,2025,0
StilDa01,Dante Stills,crd,2025,0
SweaJo00,Josh Sweat,crd,2025,0
TaylDa02,Dadrion Taylor-Demerson,crd,2025,0
ThomXa01,Xavier Thomas,crd,2025,0
ThomJa04,Jalen Thompson,crd,2025,0
TomlDa00,Dalvin Tomlinson,crd,2025,0
TuneCl00,Clayton Tune,crd,2025,0
VokoTr00,Travis Vokolek,crd,2025,0
WalkMy00,Mykal Walker,crd,2025,0
WeavXa00,Xavier Weaver,crd,2025,0
WhitBe00,Benton Whitley,crd,2025,0
WillGa00,Garrett Williams,crd,2025,0
WillJo10,Jonah Williams,crd,2025,0
WilsMa03,Mack Wilson,crd,2025,0
WilsMi02,Michael Wilson,crd,2025,0
NichBi00,Bilal Nichols (PUP),crd,2025,0
NoleWa00,Walter Nolen (PUP),crd,2025,0
OjulBJ00,BJ Ojulari (PUP),crd,2025,0
BuntSe00,Sean Murphy-Bunting (NON),crd,2025,0
ThomSt01,Starling Thomas (IR),crd,2025,0
WatkQu00,Quez Watkins (IR),crd,2025,0
AltxJo01,Joe Alt,sdg,2025,0
BarnKa01,Karsen Barnhart,sdg,2025,0
BectMe00,Mekhi Becton,sdg,2025,0
BozeBr00,Bradley Bozeman,sdg,2025,0
BridTr00,Trikweze Bridges,sdg,2025,0
CaldJa00,Jamaree Caldwell,sdg,2025,0
,Dalevon Campbell,sdg,2025,0
CastMc00,McCallan Castles,sdg,2025,0
ColsJu00,Junior Colson,sdg,2025,0
ConkTy00,Tyler Conklin,sdg,2025,0
DaviDe02,Derius Davis,sdg,2025,0
DickCa00,Cameron Dicker,sdg,2025,0
DissWi00,Will Dissly,sdg,2025,0
DuprAl00,Bud Dupree,sdg,2025,0
DyexTr00,Troy Dye,sdg,2025,0
EboiJu00,Justin Eboigbe,sdg,2025,0
,TeRah Edwards,sdg,2025,0
FiskTu00,Tucker Fisk,sdg,2025,0
FitzDe00,Dez Fitzpatrick,sdg,2025,0
,Josh Fuga,sdg,2025,0
GadsOr01,Oronde Gadsden II,sdg,2025,0
GilmAl00,Alohi Gilman,sdg,2025,0
,Luke Grimm,sdg,2025,0
,Kylan Guidry,sdg,2025,0
HampOm00,Omarion Hampton,sdg,2025,0
HandDa00,Da'Shawn Hand,sdg,2025,0
HarrJo02,Josh Harris,sdg,2025,0
HarrTr03,Tre Harris,sdg,2025,0
HartCa00,Cam Hart,sdg,2025,0
HaskHa00,Hassan Haskins,sdg,2025,0
HeinTa00,Taylor Heinicke,sdg,2025,0
HenlDa00,Daiyan Henley,sdg,2025,0
HerbJu00,Justin Herbert,sdg,2025,0
HineNy00,Nyheim Hines,sdg,2025,0
HintCh01,Christopher Hinton,sdg,2025,0
JackDo02,Donte Jackson,sdg,2025,0
JackJa03,JaQuae Jackson,sdg,2025,0
JameAn01,Andre James,sdg,2025,0
JameDe00,Derwin James,sdg,2025,0
JeffTo00,Tony Jefferson,sdg,2025,0
JohnEm00,Emany Johnson,sdg,2025,0
JohnJa07,Jaylen Johnson,sdg,2025,0
JohnZi00,Zion Johnson,sdg,2025,0
JohnQu02,Quentin Johnston,sdg,2025,0
,Jaylen Jones,sdg,2025,0
JoneNa01,Naquan Jones,sdg,2025,0
JoneNa02,Nash Jones,sdg,2025,0
,Josh Kaltenberger,sdg,2025,0
KennKy00,Kyle Kennard,sdg,2025,0
,Stevo Klotz,sdg,2025,0
LambKe01,KeAndre Lambert-Smith,sdg,2025,0
LancTr00,Trey Lance,sdg,2025,0
LeonDe00,Deane Leonard,sdg,2025,0
MackKh00,Khalil Mack,sdg,2025,0
MatlSc00,Scott Matlock,sdg,2025,0
MaugKa00,Kana'i Mauga,sdg,2025,0
McCoLa00,Ladd McConkey,sdg,2025,0
MickRJ00,R.J. Mickens,sdg,2025,0
MoldEl00,Elijah Molden,sdg,2025,0
MorrTr00,Tre'mon Morris-Brash,sdg,2025,0
MurpCa00,Caleb Murphy,sdg,2025,0
,Ryan Nelson,sdg,2025,0
OgboOt00,Otito Ogbonnia,sdg,2025,0
,Jordan Oladokun,sdg,2025,0
PattJa01,Jaret Patterson,sdg,2025,0
PerrDe00,Denzel Perryman,sdg,2025,0
,Jordan Petaia,sdg,2025,0
PipkTr00,Trey Pipkins,sdg,2025,0
,Myles Purchase,sdg,2025,0
,Garmon Randolph,sdg,2025,0
ReagJa00,Jalen Reagor,sdg,2025,0
,Nikko Reed,sdg,2025,0
RiceBr00,Brenden Rice,sdg,2025,0
RogeEr00,Eric Rogers,sdg,2025,0
SalyJa00,Jamaree Salyer,sdg,2025,0
SandRa00,Raheim Sanders,sdg,2025,0
ScotJK00,JK Scott,sdg,2025,0
SlatRa00,Rashawn Slater,sdg,2025,0
StJuBe00,Benjamin St-Juste,sdg,2025,0
,Corey Stewart,sdg,2025,0
StilTa00,Tarheeb Still,sdg,2025,0
TartTe00,Teair Tart,sdg,2025,0
TaylBr04,Branson Taylor,sdg,2025,0
TaylJa04,Ja'Sir Taylor,sdg,2025,0
TuipTu00,Tuli Tuipulotu,sdg,2025,0
UiagDJ00,DJ Uiagalelei,sdg,2025,0
VidaKi00,Kimani Vidal,sdg,2025,0
WaxxMa00,Marlowe Wax,sdg,2025,0
WillKe07,Kendall Williamson,sdg,2025,0
PhilDe00,Del'Shawn Phillips (PUP),sdg,2025,0
HarrNa00,Najee Harris (NON),sdg,2025,0
AlexKa00,Kam Alexander,sea,2025,0
ArroEl00,Elijah Arroyo,sea,2025,0
BarnAJ00,AJ Barner,sea,2025,0
BellDA03,D'Anthony Bell,sea,2025,0
BoboJa00,Jake Bobo,sea,2025,0
BohaQu00,Quinton Bohanna,sea,2025,0
BradAn00,Anthony Bradford,sea,2025,0
,Tyrone Broden,sea,2025,0
BryaCo01,Coby Bryant,sea,2025,0
CabeBr00,Bryce Cabeldue,sea,2025,0
,Keydrain Calligan,sea,2025,0
,Anthony Campbell,sea,2025,0
CharZa00,Zach Charbonnet,sea,2025,0
,Seth Coleman,sea,2025,0
CrosCh00,Charles Cross,sea,2025,0
DarnSa00,Sam Darnold,sea,2025,0
DickMi00,Michael Dickson,sea,2025,0
EmmaNi00,Nick Emmanwori,sea,2025,0
,Luke Felix-Fualalo,sea,2025,0
FinlAJ00,AJ Finley,sea,2025,0
,Montorie Foster,sea,2025,0
,Jalan Gaines,sea,2025,0
GrifSh00,Shaquill Griffin,sea,2025,0
HallDe04,Derick Hall,sea,2025,0
HallTy01,Tyler Hall,sea,2025,0
HaynCh00,Christian Haynes,sea,2025,0
HolaGe00,George Holani,sea,2025,0
HortTo00,Tory Horton,sea,2025,0
IveyJa00,Jared Ivey,sea,2025,0
,D'Eryk Jackson,sea,2025,0
JeanSh00,Shemar Jean-Charles,sea,2025,0
JerrMi00,Michael Jerrell,sea,2025,0
JobeJo00,Josh Jobe,sea,2025,0
JoneEr01,Ernest Jones,sea,2025,0
JoneJo07,Josh Jones,sea,2025,0
,Nick Kallerup,sea,2025,0
,D.K. Kaufman,sea,2025,0
KighAm00,Amari Kight,sea,2025,0
KnigTy00,Tyrice Knight,sea,2025,0
KuppCo00,Cooper Kupp,sea,2025,0
,Marshall Lang,sea,2025,0
LaumSa00,Sataoa Laumea,sea,2025,0
LawrDe00,DeMarcus Lawrence,sea,2025,0
LockDr00,Drew Lock,sea,2025,0
LoveJu00,Julian Love,sea,2025,0
LucaAb00,Abraham Lucas,sea,2025,0
MafeBo00,Boye Mafe,sea,2025,0
,Federico Maranges,sea,2025,0
MartDa02,Damien Martinez,sea,2025,0
MilrJa00,Jalen Milroe,sea,2025,0
MorrMi00,Mike Morris,sea,2025,0
MurpBy01,Byron Murphy,sea,2025,0
MyerJa00,Jason Myers,sea,2025,0
OConPa01,Patrick O'Connell,sea,2025,0
,Connor O'Toole,sea,2025,0
OkadTy00,Ty Okada,sea,2025,0
OluwOl00,Olusegun Oluwatimi,sea,2025,0
OuztRo00,Robbie Ouzts,sea,2025,0
PiliBr00,Brandon Pili,sea,2025,0
PlumJo00,John Rhys Plumlee,sea,2025,0
PritNe00,Nehemiah Pritchett,sea,2025,0
ReedJa02,Jarran Reed,sea,2025,0
ReedJe00,Jerrick Reed,sea,2025,0
RichMa01,Mason Richman,sea,2025,0
RossJo01,Josh Ross,sea,2025,0
RussBr00,Brady Russell,sea,2025,0
SaubEr00,Eric Saubert,sea,2025,0
SherJa01,Jamie Sheriff,sea,2025,0
SimsSt00,Steven Sims,sea,2025,0
,J.R. Singleton,sea,2025,0
SmitTy03,Tyreke Smith,sea,2025,0
SmitJa06,Jaxon Smith-Njigba,sea,2025,0
StolCh00,Chris Stoll,sea,2025,0
SundJa00,Jalen Sundell,sea,2025,0
,Bubba Thomas,sea,2025,0
ThomDr00,Drake Thomas,sea,2025,0
ValdMa00,Marquez Valdes-Scantling,sea,2025,0
WalkKe00,Kenneth Walker III,sea,2025,0
,Isas Waxter,sea,2025,0
WhitCo05,Cody White,sea,2025,0
WhitRi01,Ricky White,sea,2025,0
WillDa15,Damarion Williams,sea,2025,0
WillLe02,Leonard Williams,sea,2025,0
WithDe00,Devon Witherspoon,sea,2025,0
WoolTa00,Riq Woolen,sea,2025,0
,Jacardia Wright,sea,2025,0
YounDa02,Dareke Young,sea,2025,0
ZabeGr00,Grey Zabel,sea,2025,0
NwosUc00,Uchenna Nwosu (PUP),sea,2025,0
HankJo00,Johnathan Hankins (NON),sea,2025,0
MillRy02,Rylie Mills (NON),sea,2025,0
McInKe00,Kenny McIntosh (IR),sea,2025,0
AdamJa00,Jamal Adams,rai,2025,0
AyedGo00,Gottlieb Ayedze,rai,2025,0
BachAl00,Alex Bachman,rai,2025,0
BarrMi00,Michael Barrett,rai,2025,0
BechJa00,Jack Bech,rai,2025,0
BennJa00,Jakorian Bennett,rai,2025,0
BobeJa00,Jacob Bobenmoyer,rai,2025,0
,Tank Booker,rai,2025,0
BoweBr01,Brock Bowers,rai,2025,0
ButlAd00,Adam Butler,rai,2025,0
CappAl00,Alex Cappa,rai,2025,0
CarlDa00,Daniel Carlson,rai,2025,0
CartAn01,Andre Carter II,rai,2025,0
CartZa00,Zachary Carter,rai,2025,0
ChinJe00,Jeremy Chinn,rai,2025,0
,Hudson Clark,rai,2025,0
,Parker Clements,rai,2025,0
CobuKe00,Keondre Coburn,rai,2025,0
ColeAJ01,AJ Cole III,rai,2025,0
CollCh01,Chris Collier,rai,2025,0
,Pat Conroy,rai,2025,0
CrosMa00,Maxx Crosby,rai,2025,0
DorsPh00,Phillip Dorsett,rai,2025,0
EichTo00,Tommy Eichenberg,rai,2025,0
FotuLe00,Leki Fotu,rai,2025,0
GainAm00,Amari Gainer,rai,2025,0
GlazDe00,Delmar Glaze,rai,2025,0
GranCh00,Charles Grant,rai,2025,0
HarpTh00,Thomas Harper,rai,2025,0
,Jahfari Harvey,rai,2025,0
HemiTo00,Tonka Hemingway,rai,2025,0
HolmDa01,Darnay Holmes,rai,2025,0
,Jarrod Hufford,rai,2025,0
,John Humphrey,rai,2025,0
IsmaQa01,Qadir Ismail,rai,2025,0
,Ketron Jackson,rai,2025,0
JackSh01,Shedrick Jackson,rai,2025,0
JeanAs00,Ashton Jeanty,rai,2025,0
JohnCo01,Collin Johnson,rai,2025,0
JohnLo01,Lonnie Johnson Jr.,rai,2025,0
,Matt Jones,rai,2025,0
JoynJa00,Jah Joyner,rai,2025,0
BluxKy00,Kyu Blu Kelly,rai,2025,0
KoonMa00,Malcolm Koonce,rai,2025,0
LaubDy00,Dylan Laube,rai,2025,0
LaulJo00,Jonah Laulu,rai,2025,0
LindCo00,Cody Lindenberg,rai,2025,0
,Treven Ma'ae,rai,2025,0
MafiAt00,Atonio Mafi,rai,2025,0
MayeMi00,Michael Mayer,rai,2025,0
McCoSi00,Sincere McCormick,rai,2025,0
MellTo00,Tommy Mellott,rai,2025,0
MereJo00,Jordan Meredith,rai,2025,0
MeyeJa01,Jakobi Meyers,rai,2025,0
MillCa00,Cam Miller,rai,2025,0
MillKo00,Kolton Miller,rai,2025,0
MostRa00,Raheem Mostert,rai,2025,0
MunfTh00,Thayer Munford,rai,2025,0
OConAi00,Aidan O'Connell,rai,2025,0
OghoOv00,Ovie Oghoufo,rai,2025,0
ParhDy00,Dylan Parham,rai,2025,0
PeguJJ00,JJ Pegues,rai,2025,0
PhilKy01,Kyle Philips,rai,2025,0
PolaIs00,Isaiah Pola-Mao,rai,2025,0
PortDa00,Darien Porter,rai,2025,0
PoweJa00,Jackson Powers-Johnson,rai,2025,0
PratGe00,Germaine Pratt,rai,2025,0
PutnWi00,Will Putnam,rai,2025,0
RichDe01,Decamerion Richardson,rai,2025,0
RobeEl00,Elandon Roberts,rai,2025,0
RogeCa01,Caleb Rogers,rai,2025,0
,Carter Runyon,rai,2025,0
ShorJu00,Justin Shorter,rai,2025,0
SmitCh04,Christopher Smith,rai,2025,0
SmitGe00,Geno Smith,rai,2025,0
SmitJa05,Jaylon Smith,rai,2025,0
SnowCh00,Charles Snowden,rai,2025,0
StokEr00,Eric Stokes,rai,2025,0
,Laki Tasi,rai,2025,0
TaylTr03,Trey Taylor,rai,2025,0
ThomIa00,Ian Thomas,rai,2025,0
ThorDo00,Dont'e Thornton,rai,2025,0
TuckTr00,Tre Tucker,rai,2025,0
,Greedy Vance,rai,2025,0
WagnDa00,Dalton Wagner,rai,2025,0
WebbSa00,Sam Webb,rai,2025,0
WhitDe02,Devin White,rai,2025,0
WhitZa01,Zamir White,rai,2025,0
WillSe00,Seth Williams,rai,2025,0
WilsTy01,Tyree Wilson,rai,2025,0
WoodJT00,JT Woods,rai,2025,0
